customer_id,booking_date,amount,slot_start,capacity,status,town,country,product,party_size,credits_remaining
C0053,2024-09-03,55.00,14:00,8,completed,Granard,IE,Private hire,2,0
C0259,2024-09-06,45.00,17:00,8,completed,Mullingar,IE,Cold plunge,2,5
C0123,2024-09-07,45.00,18:00,8,completed,Cavan,IE,Sauna session,1,0
C0210,2024-09-07,45.00,18:00,8,completed,Belfast,GB,Cold plunge,2,0
C0242,2024-09-07,45.00,14:00,8,completed,Longford,IE,Sauna session,1,5
C0326,2024-09-11,45.00,11:00,8,completed,Mullingar,IE,Sauna session,1,0
C0376,2024-09-14,55.00,11:00,8,no_show,Longford,IE,Cold plunge,1,0
C0077,2024-09-15,45.00,14:00,8,completed,Dublin,IE,Sauna session,1,5
C0162,2024-09-15,55.00,14:00,8,completed,Longford,IE,Sauna session,1,5
C0360,2024-09-15,55.00,11:00,8,completed,Cavan,IE,Sauna session,2,0
C0027,2024-09-19,45.00,17:00,8,completed,Granard,IE,Sauna session,2,0
C0051,2024-09-20,45.00,20:00,8,completed,Granard,IE,Ten-pack,2,0
C0125,2024-09-20,45.00,14:00,8,completed,Longford,IE,Ten-pack,1,0
C0258,2024-09-20,45.00,20:00,8,completed,Sligo,IE,Cold plunge,1,0
C0242,2024-09-21,45.00,14:00,8,completed,Longford,IE,Sauna session,1,5
C0096,2024-09-22,45.00,20:00,8,completed,Belfast,GB,Private hire,1,0
C0132,2024-09-24,55.00,14:00,8,cancelled,Granard,IE,Sauna session,1,0
C0395,2024-09-25,55.00,11:00,8,no_show,Mullingar,IE,Ten-pack,2,5
C0259,2024-09-27,45.00,17:00,8,completed,Mullingar,IE,Cold plunge,2,5
C0123,2024-09-28,45.00,18:00,8,completed,Cavan,IE,Sauna session,1,0
C0360,2024-09-29,55.00,11:00,8,completed,Cavan,IE,Sauna session,2,0
C0098,2024-10-03,45.00,17:00,8,completed,Cavan,IE,Ten-pack,2,0
C0344,2024-10-03,45.00,11:00,8,completed,Dublin,IE,Sauna session,1,0
C0051,2024-10-04,45.00,20:00,8,completed,Granard,IE,Ten-pack,2,0
C0242,2024-10-05,45.00,14:00,8,completed,Longford,IE,Sauna session,1,5
C0225,2024-10-08,45.00,18:00,8,no_show,Longford,IE,Private hire,2,0
C0090,2024-10-10,45.00,20:00,8,completed,Granard,IE,Cold plunge,1,0
C0258,2024-10-11,45.00,20:00,8,completed,Sligo,IE,Cold plunge,1,0
C0259,2024-10-11,45.00,17:00,8,completed,Mullingar,IE,Cold plunge,2,5
C0339,2024-10-12,45.00,17:00,8,completed,Belfast,GB,Sauna session,1,0
C0376,2024-10-12,45.00,11:00,8,completed,Longford,IE,Cold plunge,1,0
C0096,2024-10-13,45.00,20:00,8,completed,Belfast,GB,Private hire,1,0
C0056,2024-10-14,45.00,14:00,8,completed,Sligo,IE,Cold plunge,1,0
C0097,2024-10-14,55.00,11:00,8,completed,Longford,IE,Cold plunge,2,0
C0238,2024-10-15,45.00,20:00,8,completed,,,Sauna session,1,0
C0192,2024-10-16,45.00,11:00,8,completed,,,Ten-pack,2,0
C0051,2024-10-18,55.00,20:00,8,completed,Granard,IE,Ten-pack,2,0
C0125,2024-10-18,45.00,14:00,8,completed,Longford,IE,Ten-pack,1,0
C0123,2024-10-19,55.00,18:00,8,completed,Cavan,IE,Sauna session,1,0
C0234,2024-10-19,55.00,20:00,8,completed,Cavan,IE,Sauna session,1,0
C0242,2024-10-19,45.00,14:00,8,completed,Longford,IE,Sauna session,1,5
C0360,2024-10-20,45.00,11:00,8,completed,Cavan,IE,Sauna session,2,0
C0256,2024-10-21,45.00,11:00,8,completed,Granard,IE,Cold plunge,2,0
C0155,2024-10-22,45.00,17:00,8,completed,Nowheresville,IE,Cold plunge,1,0
C0090,2024-10-24,45.00,20:00,8,completed,Granard,IE,Cold plunge,1,0
C0279,2024-10-24,55.00,20:00,8,completed,Longford,IE,Sauna session,1,0
C0344,2024-10-24,45.00,11:00,8,completed,Dublin,IE,Sauna session,1,0
C0258,2024-10-25,45.00,20:00,8,cancelled,Sligo,IE,Cold plunge,1,0
C0259,2024-10-25,45.00,17:00,8,completed,Mullingar,IE,Cold plunge,2,5
C0119,2024-10-26,45.00,14:00,8,completed,Longford,IE,Cold plunge,1,0
C0227,2024-10-27,55.00,20:00,8,completed,Nowheresville,IE,Private hire,2,0
C0342,2024-10-27,45.00,17:00,8,completed,Cavan,IE,Sauna session,1,0
C0021,2024-10-28,45.00,20:00,8,completed,Dublin,IE,Cold plunge,1,0
C0137,2024-10-28,45.00,14:00,8,completed,Cavan,IE,Ten-pack,1,0
C0225,2024-10-29,45.00,18:00,8,completed,Longford,IE,Private hire,2,0
C0238,2024-10-29,55.00,20:00,8,completed,,,Sauna session,1,0
C0192,2024-10-30,45.00,11:00,8,completed,,,Ten-pack,2,0
C0276,2024-10-30,45.00,20:00,8,completed,Granard,IE,Ten-pack,2,5
C0027,2024-10-31,45.00,17:00,8,cancelled,Granard,IE,Sauna session,2,0
C0123,2024-11-02,55.00,18:00,8,completed,Cavan,IE,Sauna session,1,0
C0256,2024-11-04,45.00,11:00,8,cancelled,Granard,IE,Cold plunge,2,0
C0015,2024-11-05,55.00,14:00,8,no_show,Sligo,IE,Private hire,1,0
C0130,2024-11-05,45.00,14:00,8,completed,Mullingar,IE,Private hire,2,0
C0090,2024-11-07,55.00,20:00,8,completed,Granard,IE,Cold plunge,1,0
C0006,2024-11-08,55.00,17:00,8,completed,Dublin,IE,Sauna session,1,5
C0051,2024-11-08,45.00,20:00,8,completed,Granard,IE,Ten-pack,2,0
C0198,2024-11-09,55.00,20:00,8,completed,Nowheresville,IE,Cold plunge,1,0
C0242,2024-11-09,55.00,14:00,8,completed,Longford,IE,Sauna session,1,5
C0376,2024-11-09,45.00,11:00,8,completed,Longford,IE,Cold plunge,1,0
C0360,2024-11-10,45.00,11:00,8,completed,Cavan,IE,Sauna session,2,0
C0392,2024-11-10,45.00,11:00,8,completed,Cavan,IE,Ten-pack,2,0
LAPSED,2024-11-10,55.00,11:00,8,completed,Longford,IE,Private hire,1,0
C0021,2024-11-11,45.00,20:00,8,completed,Dublin,IE,Cold plunge,1,0
C0194,2024-11-12,45.00,11:00,8,completed,Mullingar,IE,Sauna session,1,0
C0225,2024-11-12,45.00,18:00,8,completed,Longford,IE,Private hire,2,0
C0265,2024-11-12,45.00,17:00,8,completed,Belfast,GB,Private hire,1,0
C0188,2024-11-13,45.00,20:00,8,completed,,,Ten-pack,1,0
C0344,2024-11-14,55.00,11:00,8,completed,Dublin,IE,Sauna session,1,0
C0078,2024-11-15,45.00,18:00,8,completed,,,Sauna session,1,0
C0258,2024-11-15,45.00,20:00,8,completed,Sligo,IE,Cold plunge,1,0
C0259,2024-11-15,45.00,17:00,8,completed,Mullingar,IE,Cold plunge,2,5
C0305,2024-11-15,45.00,14:00,8,completed,Longford,IE,Sauna session,2,0
C0123,2024-11-16,55.00,18:00,8,completed,Cavan,IE,Sauna session,1,0
C0179,2024-11-17,45.00,18:00,8,completed,Cavan,IE,Sauna session,2,0
C0240,2024-11-17,45.00,14:00,8,completed,Dublin,IE,Sauna session,1,0
C0357,2024-11-17,55.00,18:00,8,completed,Granard,IE,Ten-pack,1,0
C0256,2024-11-18,55.00,11:00,8,completed,Granard,IE,Cold plunge,2,0
C0053,2024-11-19,55.00,14:00,8,completed,Granard,IE,Private hire,2,0
C0238,2024-11-19,55.00,20:00,8,no_show,,,Sauna session,1,0
C0192,2024-11-20,45.00,11:00,8,completed,,,Ten-pack,2,0
C0279,2024-11-21,45.00,20:00,8,completed,Longford,IE,Sauna session,1,0
C0181,2024-11-23,45.00,18:00,8,completed,Longford,IE,Sauna session,2,0
C0242,2024-11-23,45.00,14:00,8,completed,Longford,IE,Sauna session,1,5
C0286,2024-11-23,45.00,11:00,8,completed,Longford,IE,Sauna session,1,0
C0096,2024-11-24,45.00,20:00,8,completed,Belfast,GB,Private hire,1,0
C0304,2024-11-24,45.00,17:00,8,completed,Dublin,IE,Private hire,1,0
LAPSED,2024-11-24,55.00,11:00,8,completed,Longford,IE,Private hire,1,0
C0056,2024-11-25,45.00,14:00,8,completed,Sligo,IE,Cold plunge,1,0
C0043,2024-11-26,45.00,14:00,8,completed,Mullingar,IE,Cold plunge,1,0
C0194,2024-11-26,45.00,11:00,8,completed,Mullingar,IE,Sauna session,1,0
C0090,2024-11-28,45.00,20:00,8,completed,Granard,IE,Cold plunge,1,0
C0344,2024-11-28,45.00,11:00,8,completed,Dublin,IE,Sauna session,1,0
C0051,2024-11-29,55.00,20:00,8,completed,Granard,IE,Ten-pack,2,0
C0125,2024-11-29,45.00,14:00,8,completed,Longford,IE,Ten-pack,1,0
C0083,2024-11-30,45.00,18:00,8,completed,Longford,IE,Ten-pack,1,0
C0123,2024-11-30,45.00,18:00,8,completed,Cavan,IE,Sauna session,1,0
C0360,2024-12-01,45.00,11:00,8,completed,Cavan,IE,Sauna session,2,0
C0392,2024-12-01,45.00,11:00,8,completed,Cavan,IE,Ten-pack,2,0
C0021,2024-12-02,45.00,20:00,8,completed,Dublin,IE,Cold plunge,1,0
C0225,2024-12-03,45.00,18:00,8,completed,Longford,IE,Private hire,2,0
C0188,2024-12-04,55.00,20:00,8,completed,,,Ten-pack,1,0
C0258,2024-12-06,45.00,20:00,8,completed,Sligo,IE,Cold plunge,1,0
C0259,2024-12-06,45.00,17:00,8,no_show,Mullingar,IE,Cold plunge,2,5
C0077,2024-12-08,55.00,14:00,8,completed,Dublin,IE,Sauna session,1,5
LAPSED,2024-12-08,55.00,11:00,8,completed,Longford,IE,Private hire,1,0
C0256,2024-12-09,55.00,11:00,8,completed,Granard,IE,Cold plunge,2,0
C0015,2024-12-10,45.00,14:00,8,completed,Sligo,IE,Private hire,1,0
C0194,2024-12-10,45.00,11:00,8,completed,Mullingar,IE,Sauna session,1,0
C0238,2024-12-10,45.00,20:00,8,completed,,,Sauna session,1,0
C0192,2024-12-11,45.00,11:00,8,completed,,,Ten-pack,2,0
C0027,2024-12-12,45.00,17:00,8,cancelled,Granard,IE,Sauna session,2,0
C0344,2024-12-12,45.00,11:00,8,completed,Dublin,IE,Sauna session,1,0
C0119,2024-12-14,45.00,14:00,8,completed,Longford,IE,Cold plunge,1,0
C0123,2024-12-14,45.00,18:00,8,completed,Cavan,IE,Sauna session,1,0
C0198,2024-12-14,45.00,20:00,8,completed,Nowheresville,IE,Cold plunge,1,0
C0242,2024-12-14,45.00,14:00,8,completed,Longford,IE,Sauna session,1,5
C0096,2024-12-15,45.00,20:00,8,no_show,Belfast,GB,Private hire,1,0
C0162,2024-12-15,45.00,14:00,8,cancelled,Longford,IE,Sauna session,1,5
C0179,2024-12-15,45.00,18:00,8,completed,Cavan,IE,Sauna session,2,0
C0021,2024-12-16,55.00,20:00,8,completed,Dublin,IE,Cold plunge,1,0
C0318,2024-12-16,45.00,20:00,8,completed,Granard,IE,Cold plunge,2,0
C0387,2024-12-16,45.00,20:00,8,completed,Longford,IE,Sauna session,1,0
C0211,2024-12-17,55.00,18:00,8,completed,Dublin,IE,Sauna session,2,0
C0225,2024-12-17,55.00,18:00,8,completed,Longford,IE,Private hire,2,0
C0090,2024-12-19,45.00,20:00,8,completed,Granard,IE,Cold plunge,1,0
C0316,2024-12-19,45.00,18:00,8,completed,Granard,IE,Ten-pack,1,0
C0051,2024-12-20,55.00,20:00,8,completed,Granard,IE,Ten-pack,2,0
C0258,2024-12-20,45.00,20:00,8,completed,Sligo,IE,Cold plunge,1,0
C0080,2024-12-21,45.00,17:00,8,completed,Dublin,IE,Cold plunge,1,0
C0376,2024-12-21,45.00,11:00,8,completed,Longford,IE,Cold plunge,1,0
C0304,2024-12-22,45.00,17:00,8,cancelled,Dublin,IE,Private hire,1,0
C0327,2024-12-22,55.00,14:00,8,completed,Dublin,IE,Sauna session,1,0
C0360,2024-12-22,55.00,11:00,8,completed,Cavan,IE,Sauna session,2,0
C0256,2024-12-23,45.00,11:00,8,completed,Granard,IE,Cold plunge,2,0
C0194,2024-12-24,45.00,11:00,8,completed,Mullingar,IE,Sauna session,1,0
C0265,2024-12-24,45.00,17:00,8,completed,Belfast,GB,Private hire,1,0
C0261,2024-12-25,55.00,20:00,8,completed,Dublin,IE,Sauna session,1,0
C0276,2024-12-25,45.00,20:00,8,completed,Granard,IE,Ten-pack,2,5
C0017,2024-12-26,45.00,20:00,8,completed,Longford,IE,Cold plunge,1,0
C0344,2024-12-26,45.00,11:00,8,completed,Dublin,IE,Sauna session,1,0
C0006,2024-12-27,45.00,17:00,8,completed,Dublin,IE,Sauna session,1,5
C0071,2024-12-27,45.00,20:00,8,completed,Granard,IE,Sauna session,1,0
C0125,2024-12-27,45.00,14:00,8,completed,Longford,IE,Ten-pack,1,0
C0172,2024-12-27,45.00,11:00,8,completed,Granard,IE,Private hire,1,0
C0259,2024-12-27,45.00,17:00,8,completed,Mullingar,IE,Cold plunge,2,5
C0123,2024-12-28,45.00,18:00,8,completed,Cavan,IE,Sauna session,1,0
C0234,2024-12-28,45.00,20:00,8,completed,Cavan,IE,Sauna session,1,0
C0286,2024-12-28,45.00,11:00,8,completed,Longford,IE,Sauna session,1,0
C0283,2024-12-29,45.00,14:00,8,completed,Longford,IE,Sauna session,1,0
C0021,2024-12-30,55.00,20:00,8,completed,Dublin,IE,Cold plunge,1,0
C0056,2024-12-30,45.00,14:00,8,completed,Sligo,IE,Cold plunge,1,0
C0137,2024-12-30,45.00,14:00,8,completed,Cavan,IE,Ten-pack,1,0
C0318,2024-12-30,55.00,20:00,8,completed,Granard,IE,Cold plunge,2,0
C0238,2024-12-31,45.00,20:00,8,completed,,,Sauna session,1,0
C0109,2025-01-01,45.00,14:00,8,completed,Dublin,IE,Cold plunge,2,0
C0192,2025-01-01,45.00,11:00,8,completed,,,Ten-pack,2,0
C0330,2025-01-01,45.00,20:00,8,completed,Longford,IE,Sauna session,1,0
C0027,2025-01-02,45.00,17:00,8,cancelled,Granard,IE,Sauna session,2,0
C0187,2025-01-02,45.00,14:00,8,completed,Longford,IE,Sauna session,1,0
C0279,2025-01-02,45.00,20:00,8,completed,Longford,IE,Sauna session,1,0
C0051,2025-01-03,55.00,20:00,8,completed,Granard,IE,Ten-pack,2,0
C0258,2025-01-03,55.00,20:00,8,completed,Sligo,IE,Cold plunge,1,0
C0305,2025-01-03,55.00,14:00,8,completed,Longford,IE,Sauna session,2,0
C0242,2025-01-04,55.00,14:00,8,completed,Longford,IE,Sauna session,1,5
C0240,2025-01-05,45.00,14:00,8,completed,Dublin,IE,Sauna session,1,0
C0392,2025-01-05,45.00,11:00,8,completed,Cavan,IE,Ten-pack,2,0
C0229,2025-01-06,45.00,11:00,8,completed,Granard,IE,Cold plunge,2,0
C0015,2025-01-07,45.00,14:00,8,completed,Sligo,IE,Private hire,1,0
C0225,2025-01-07,45.00,18:00,8,completed,Longford,IE,Private hire,2,0
C0090,2025-01-09,45.00,20:00,8,completed,Granard,IE,Cold plunge,1,0
C0095,2025-01-09,45.00,17:00,8,completed,Longford,IE,Private hire,1,0
C0259,2025-01-10,45.00,17:00,8,completed,Mullingar,IE,Cold plunge,2,5
C0123,2025-01-11,45.00,18:00,8,completed,Cavan,IE,Sauna session,1,0
C0181,2025-01-11,45.00,18:00,8,completed,Longford,IE,Sauna session,2,0
C0198,2025-01-11,45.00,20:00,8,completed,Nowheresville,IE,Cold plunge,1,0
C0086,2025-01-12,45.00,17:00,8,completed,,,Private hire,1,5
C0304,2025-01-12,45.00,17:00,8,completed,Dublin,IE,Private hire,1,0
C0360,2025-01-12,45.00,11:00,8,completed,Cavan,IE,Sauna session,2,0
C0021,2025-01-13,45.00,20:00,8,completed,Dublin,IE,Cold plunge,1,0
C0256,2025-01-13,45.00,11:00,8,completed,Granard,IE,Cold plunge,2,0
C0387,2025-01-13,45.00,20:00,8,completed,Longford,IE,Sauna session,1,0
C0155,2025-01-14,55.00,17:00,8,completed,Nowheresville,IE,Cold plunge,1,0
C0194,2025-01-14,45.00,11:00,8,completed,Mullingar,IE,Sauna session,1,0
C0188,2025-01-15,45.00,20:00,8,completed,,,Ten-pack,1,0
C0192,2025-01-15,55.00,11:00,8,completed,,,Ten-pack,2,0
C0278,2025-01-15,45.00,11:00,8,completed,Sligo,IE,Sauna session,1,0
C0385,2025-01-15,55.00,14:00,8,completed,Longford,IE,Private hire,1,0
C0098,2025-01-16,55.00,17:00,8,completed,Cavan,IE,Ten-pack,2,0
C0344,2025-01-16,45.00,11:00,8,completed,Dublin,IE,Sauna session,1,0
C0006,2025-01-17,45.00,17:00,8,completed,Dublin,IE,Sauna session,1,5
C0065,2025-01-17,55.00,11:00,8,completed,Longford,IE,Cold plunge,1,0
C0119,2025-01-18,45.00,14:00,8,completed,Longford,IE,Cold plunge,1,0
C0096,2025-01-19,55.00,20:00,8,completed,Belfast,GB,Private hire,1,0
C0207,2025-01-19,45.00,17:00,8,completed,Cavan,IE,Cold plunge,1,0
C0373,2025-01-19,45.00,11:00,8,completed,Cavan,IE,Private hire,2,0
C0318,2025-01-20,45.00,20:00,8,cancelled,Granard,IE,Cold plunge,2,0
C0238,2025-01-21,45.00,20:00,8,completed,,,Sauna session,1,0
C0265,2025-01-21,45.00,17:00,8,completed,Belfast,GB,Private hire,1,0
C0090,2025-01-23,55.00,20:00,8,completed,Granard,IE,Cold plunge,1,0
C0095,2025-01-23,45.00,17:00,8,completed,Longford,IE,Private hire,1,0
C0051,2025-01-24,45.00,20:00,8,completed,Granard,IE,Ten-pack,2,0
C0061,2025-01-24,45.00,20:00,8,completed,Granard,IE,Cold plunge,2,5
C0071,2025-01-24,55.00,20:00,8,completed,Granard,IE,Sauna session,1,0
C0258,2025-01-24,45.00,20:00,8,completed,Sligo,IE,Cold plunge,1,0
C0123,2025-01-25,45.00,18:00,8,no_show,Cavan,IE,Sauna session,1,0
C0242,2025-01-25,55.00,14:00,8,completed,Longford,IE,Sauna session,1,5
C0298,2025-01-25,45.00,14:00,8,no_show,Longford,IE,Private hire,2,5
C0179,2025-01-26,45.00,18:00,8,completed,Cavan,IE,Sauna session,2,0
C0327,2025-01-26,45.00,14:00,8,cancelled,Dublin,IE,Sauna session,1,0
C0357,2025-01-26,45.00,18:00,8,completed,Granard,IE,Ten-pack,1,0
C0120,2025-01-28,45.00,14:00,8,completed,Belfast,GB,Private hire,2,0
C0225,2025-01-28,55.00,18:00,8,completed,Longford,IE,Private hire,2,0
C0192,2025-01-29,45.00,11:00,8,completed,,,Ten-pack,2,0
C0278,2025-01-29,55.00,11:00,8,completed,Sligo,IE,Sauna session,1,0
C0385,2025-01-29,55.00,14:00,8,completed,Longford,IE,Private hire,1,0
C0027,2025-01-30,45.00,17:00,8,completed,Granard,IE,Sauna session,2,0
C0184,2025-01-30,45.00,11:00,8,completed,Longford,IE,Cold plunge,1,0
C0279,2025-01-30,45.00,20:00,8,completed,Longford,IE,Sauna session,1,0
C0344,2025-01-30,45.00,11:00,8,completed,Dublin,IE,Sauna session,1,0
C0013,2025-01-31,45.00,17:00,8,no_show,Granard,IE,Sauna session,1,0
C0125,2025-01-31,45.00,14:00,8,completed,Longford,IE,Ten-pack,1,0
C0259,2025-01-31,45.00,17:00,8,cancelled,Mullingar,IE,Cold plunge,2,5
C0083,2025-02-01,45.00,18:00,8,completed,Longford,IE,Ten-pack,1,0
C0286,2025-02-01,45.00,11:00,8,completed,Longford,IE,Sauna session,1,0
C0376,2025-02-01,45.00,11:00,8,completed,Longford,IE,Cold plunge,1,0
C0240,2025-02-02,45.00,14:00,8,completed,Dublin,IE,Sauna session,1,0
C0360,2025-02-02,45.00,11:00,8,completed,Cavan,IE,Sauna session,2,0
C0392,2025-02-02,45.00,11:00,8,completed,Cavan,IE,Ten-pack,2,0
C0021,2025-02-03,55.00,20:00,8,completed,Dublin,IE,Cold plunge,1,0
C0256,2025-02-03,45.00,11:00,8,completed,Granard,IE,Cold plunge,2,0
C0318,2025-02-03,45.00,20:00,8,completed,Granard,IE,Cold plunge,2,0
C0194,2025-02-04,45.00,11:00,8,completed,Mullingar,IE,Sauna session,1,0
C0238,2025-02-04,55.00,20:00,8,completed,,,Sauna session,1,0
C0188,2025-02-05,45.00,20:00,8,completed,,,Ten-pack,1,0
C0090,2025-02-06,45.00,20:00,8,cancelled,Granard,IE,Cold plunge,1,0
C0006,2025-02-07,45.00,17:00,8,completed,Dublin,IE,Sauna session,1,5
C0051,2025-02-07,45.00,20:00,8,completed,Granard,IE,Ten-pack,2,0
C0172,2025-02-07,55.00,11:00,8,completed,Granard,IE,Private hire,1,0
C0123,2025-02-08,55.00,18:00,8,completed,Cavan,IE,Sauna session,1,0
C0242,2025-02-08,45.00,14:00,8,completed,Longford,IE,Sauna session,1,5
C0162,2025-02-09,45.00,14:00,8,completed,Longford,IE,Sauna session,1,5
C0207,2025-02-09,55.00,17:00,8,completed,Cavan,IE,Cold plunge,1,0
C0056,2025-02-10,55.00,14:00,8,completed,Sligo,IE,Cold plunge,1,0
C0134,2025-02-10,45.00,17:00,8,no_show,Longford,IE,Cold plunge,2,0
C0387,2025-02-10,45.00,20:00,8,completed,Longford,IE,Sauna session,1,0
C0015,2025-02-11,45.00,14:00,8,completed,Sligo,IE,Private hire,1,0
C0127,2025-02-12,45.00,20:00,8,completed,Longford,IE,Private hire,1,5
C0221,2025-02-12,45.00,17:00,8,completed,Mullingar,IE,Cold plunge,2,0
C0261,2025-02-12,45.00,20:00,8,completed,Dublin,IE,Sauna session,1,0
C0278,2025-02-12,45.00,11:00,8,cancelled,Sligo,IE,Sauna session,1,0
C0055,2025-02-13,55.00,17:00,8,completed,Longford,IE,Ten-pack,2,0
C0095,2025-02-13,45.00,17:00,8,completed,Longford,IE,Private hire,1,0
C0148,2025-02-13,45.00,20:00,8,completed,Longford,IE,Sauna session,2,0
C0216,2025-02-13,55.00,18:00,8,completed,Nowheresville,IE,Sauna session,2,0
C0231,2025-02-13,55.00,18:00,8,completed,Sligo,IE,Private hire,1,0
C0344,2025-02-13,45.00,11:00,8,completed,Dublin,IE,Sauna session,1,0
C0258,2025-02-14,45.00,20:00,8,cancelled,Sligo,IE,Cold plunge,1,0
C0259,2025-02-14,45.00,17:00,8,completed,Mullingar,IE,Cold plunge,2,5
C0305,2025-02-14,45.00,14:00,8,completed,Longford,IE,Sauna session,2,0
C0119,2025-02-15,45.00,14:00,8,completed,Longford,IE,Cold plunge,1,0
C0298,2025-02-15,45.00,14:00,8,completed,Longford,IE,Private hire,2,5
C0304,2025-02-16,45.00,17:00,8,completed,Dublin,IE,Private hire,1,0
C0360,2025-02-16,45.00,11:00,8,cancelled,Cavan,IE,Sauna session,2,0
C0097,2025-02-17,45.00,11:00,8,completed,Longford,IE,Cold plunge,2,0
C0318,2025-02-17,45.00,20:00,8,completed,Granard,IE,Cold plunge,2,0
C0043,2025-02-18,45.00,14:00,8,completed,Mullingar,IE,Cold plunge,1,0
C0194,2025-02-18,55.00,11:00,8,completed,Mullingar,IE,Sauna session,1,0
C0225,2025-02-18,55.00,18:00,8,completed,Longford,IE,Private hire,2,0
C0265,2025-02-18,45.00,17:00,8,completed,Belfast,GB,Private hire,1,0
C0192,2025-02-19,45.00,11:00,8,completed,,,Ten-pack,2,0
C0255,2025-02-19,45.00,20:00,8,completed,Cavan,IE,Ten-pack,2,0
C0385,2025-02-19,45.00,14:00,8,completed,Longford,IE,Private hire,1,0
C0090,2025-02-20,55.00,20:00,8,completed,Granard,IE,Cold plunge,1,0
C0316,2025-02-20,45.00,18:00,8,completed,Granard,IE,Ten-pack,1,0
C0013,2025-02-21,45.00,17:00,8,completed,Granard,IE,Sauna session,1,0
C0051,2025-02-21,45.00,20:00,8,cancelled,Granard,IE,Ten-pack,2,0
C0123,2025-02-22,45.00,18:00,8,completed,Cavan,IE,Sauna session,1,0
C0242,2025-02-22,45.00,14:00,8,cancelled,Longford,IE,Sauna session,1,5
C0096,2025-02-23,45.00,20:00,8,completed,Belfast,GB,Private hire,1,0
C0327,2025-02-23,45.00,14:00,8,completed,Dublin,IE,Sauna session,1,0
C0021,2025-02-24,45.00,20:00,8,completed,Dublin,IE,Cold plunge,1,0
C0134,2025-02-24,45.00,17:00,8,completed,Longford,IE,Cold plunge,2,0
C0256,2025-02-24,45.00,11:00,8,completed,Granard,IE,Cold plunge,2,0
C0132,2025-02-25,45.00,14:00,8,completed,Granard,IE,Sauna session,1,0
C0238,2025-02-25,55.00,20:00,8,completed,,,Sauna session,1,0
C0109,2025-02-26,55.00,14:00,8,completed,Dublin,IE,Cold plunge,2,0
C0278,2025-02-26,45.00,11:00,8,completed,Sligo,IE,Sauna session,1,0
C0216,2025-02-27,45.00,18:00,8,completed,Nowheresville,IE,Sauna session,2,0
C0231,2025-02-27,45.00,18:00,8,completed,Sligo,IE,Private hire,1,0
C0071,2025-02-28,55.00,20:00,8,completed,Granard,IE,Sauna session,1,0
C0172,2025-02-28,45.00,11:00,8,completed,Granard,IE,Private hire,1,0
C0258,2025-02-28,45.00,20:00,8,completed,Sligo,IE,Cold plunge,1,0
C0259,2025-02-28,45.00,17:00,8,completed,Mullingar,IE,Cold plunge,2,5
C0281,2025-02-28,55.00,14:00,8,completed,Longford,IE,Private hire,1,5
C0196,2025-03-01,45.00,11:00,8,completed,Longford,IE,Ten-pack,2,0
C0198,2025-03-01,55.00,20:00,8,completed,Nowheresville,IE,Cold plunge,1,0
C0286,2025-03-01,45.00,11:00,8,completed,Longford,IE,Sauna session,1,0
C0298,2025-03-01,45.00,14:00,8,completed,Longford,IE,Private hire,2,5
C0376,2025-03-01,45.00,11:00,8,cancelled,Longford,IE,Cold plunge,1,0
C0174,2025-03-02,45.00,11:00,8,completed,Belfast,GB,Ten-pack,1,0
C0207,2025-03-02,55.00,17:00,8,completed,Cavan,IE,Cold plunge,1,0
C0240,2025-03-02,45.00,14:00,8,completed,Dublin,IE,Sauna session,1,0
C0267,2025-03-02,45.00,20:00,8,completed,Nowheresville,IE,Ten-pack,2,0
C0019,2025-03-03,55.00,17:00,8,completed,,,Sauna session,1,0
C0116,2025-03-03,45.00,20:00,8,completed,,,Sauna session,1,0
C0318,2025-03-03,55.00,20:00,8,completed,Granard,IE,Cold plunge,2,0
C0194,2025-03-04,45.00,11:00,8,completed,Mullingar,IE,Sauna session,1,0
C0192,2025-03-05,55.00,11:00,8,completed,,,Ten-pack,2,0
C0255,2025-03-05,45.00,20:00,8,completed,Cavan,IE,Ten-pack,2,0
C0385,2025-03-05,55.00,14:00,8,completed,Longford,IE,Private hire,1,0
C0055,2025-03-06,55.00,17:00,8,completed,Longford,IE,Ten-pack,2,0
C0095,2025-03-06,55.00,17:00,8,completed,Longford,IE,Private hire,1,0
C0279,2025-03-06,55.00,20:00,8,completed,Longford,IE,Sauna session,1,0
C0344,2025-03-06,45.00,11:00,8,completed,Dublin,IE,Sauna session,1,0
C0085,2025-03-07,55.00,18:00,8,completed,Sligo,IE,Ten-pack,1,0
C0125,2025-03-07,45.00,14:00,8,completed,Longford,IE,Ten-pack,1,0
C0305,2025-03-07,45.00,14:00,8,completed,Longford,IE,Sauna session,2,0
C0077,2025-03-09,45.00,14:00,8,completed,Dublin,IE,Sauna session,1,5
C0179,2025-03-09,45.00,18:00,8,completed,Cavan,IE,Sauna session,2,0
C0304,2025-03-09,55.00,17:00,8,completed,Dublin,IE,Private hire,1,0
C0360,2025-03-09,45.00,11:00,8,completed,Cavan,IE,Sauna session,2,0
C0392,2025-03-09,45.00,11:00,8,completed,Cavan,IE,Ten-pack,2,0
C0021,2025-03-10,55.00,20:00,8,completed,Dublin,IE,Cold plunge,1,0
C0056,2025-03-10,45.00,14:00,8,completed,Sligo,IE,Cold plunge,1,0
C0182,2025-03-10,45.00,17:00,8,completed,Longford,IE,Private hire,1,0
C0256,2025-03-10,45.00,11:00,8,completed,Granard,IE,Cold plunge,2,0
C0015,2025-03-11,45.00,14:00,8,completed,Sligo,IE,Private hire,1,0
C0053,2025-03-11,55.00,14:00,8,completed,Granard,IE,Private hire,2,0
C0120,2025-03-11,45.00,14:00,8,completed,Belfast,GB,Private hire,2,0
C0161,2025-03-11,45.00,14:00,8,completed,Sligo,IE,Private hire,1,0
C0225,2025-03-11,45.00,18:00,8,completed,Longford,IE,Private hire,2,0
C0278,2025-03-12,55.00,11:00,8,completed,Sligo,IE,Sauna session,1,0
C0027,2025-03-13,45.00,17:00,8,completed,Granard,IE,Sauna session,2,0
C0090,2025-03-13,45.00,20:00,8,cancelled,Granard,IE,Cold plunge,1,0
C0216,2025-03-13,45.00,18:00,8,completed,Nowheresville,IE,Sauna session,2,0
C0231,2025-03-13,45.00,18:00,8,completed,Sligo,IE,Private hire,1,0
C0013,2025-03-14,45.00,17:00,8,completed,Granard,IE,Sauna session,1,0
C0051,2025-03-14,45.00,20:00,8,completed,Granard,IE,Ten-pack,2,0
C0204,2025-03-14,45.00,18:00,8,completed,Cavan,IE,Private hire,2,5
C0259,2025-03-14,45.00,17:00,8,completed,Mullingar,IE,Cold plunge,2,5
C0022,2025-03-15,45.00,17:00,8,completed,,,Sauna session,2,0
C0119,2025-03-15,45.00,14:00,8,completed,Longford,IE,Cold plunge,1,0
C0123,2025-03-15,55.00,18:00,8,completed,Cavan,IE,Sauna session,1,0
C0242,2025-03-15,55.00,14:00,8,no_show,Longford,IE,Sauna session,1,5
C0298,2025-03-15,45.00,14:00,8,completed,Longford,IE,Private hire,2,5
C0037,2025-03-16,55.00,14:00,8,completed,Cavan,IE,Cold plunge,1,0
C0086,2025-03-16,45.00,17:00,8,completed,,,Private hire,1,5
C0096,2025-03-16,45.00,20:00,8,completed,Belfast,GB,Private hire,1,0
C0134,2025-03-17,45.00,17:00,8,completed,Longford,IE,Cold plunge,2,0
C0318,2025-03-17,45.00,20:00,8,completed,Granard,IE,Cold plunge,2,0
C0387,2025-03-17,55.00,20:00,8,completed,Longford,IE,Sauna session,1,0
C0130,2025-03-18,55.00,14:00,8,completed,Mullingar,IE,Private hire,2,0
C0167,2025-03-18,45.00,20:00,8,completed,Granard,IE,Sauna session,2,0
C0211,2025-03-18,45.00,18:00,8,completed,Dublin,IE,Sauna session,2,0
C0238,2025-03-18,55.00,20:00,8,completed,,,Sauna session,1,0
C0265,2025-03-18,45.00,17:00,8,completed,Belfast,GB,Private hire,1,0
C0188,2025-03-19,55.00,20:00,8,completed,,,Ten-pack,1,0
C0055,2025-03-20,45.00,17:00,8,completed,Longford,IE,Ten-pack,2,0
C0095,2025-03-20,45.00,17:00,8,completed,Longford,IE,Private hire,1,0
C0344,2025-03-20,45.00,11:00,8,cancelled,Dublin,IE,Sauna session,1,0
C0377,2025-03-20,55.00,20:00,8,completed,Longford,IE,Sauna session,2,0
C0258,2025-03-21,45.00,20:00,8,completed,Sligo,IE,Cold plunge,1,0
C0106,2025-03-22,45.00,18:00,8,completed,Dublin,IE,Private hire,1,0
C0196,2025-03-22,55.00,11:00,8,completed,Longford,IE,Ten-pack,2,0
C0244,2025-03-22,45.00,18:00,8,completed,Nowheresville,IE,Ten-pack,1,0
C0286,2025-03-22,55.00,11:00,8,completed,Longford,IE,Sauna session,1,0
C0207,2025-03-23,45.00,17:00,8,completed,Cavan,IE,Cold plunge,1,0
C0360,2025-03-23,45.00,11:00,8,completed,Cavan,IE,Sauna session,2,0
C0256,2025-03-24,45.00,11:00,8,completed,Granard,IE,Cold plunge,2,0
C0155,2025-03-25,55.00,17:00,8,completed,Nowheresville,IE,Cold plunge,1,0
C0194,2025-03-25,55.00,11:00,8,no_show,Mullingar,IE,Sauna session,1,0
C0192,2025-03-26,45.00,11:00,8,completed,,,Ten-pack,2,0
C0255,2025-03-26,55.00,20:00,8,cancelled,Cavan,IE,Ten-pack,2,0
C0276,2025-03-26,45.00,20:00,8,completed,Granard,IE,Ten-pack,2,5
C0278,2025-03-26,45.00,11:00,8,completed,Sligo,IE,Sauna session,1,0
C0385,2025-03-26,45.00,14:00,8,completed,Longford,IE,Private hire,1,0
C0090,2025-03-27,55.00,20:00,8,completed,Granard,IE,Cold plunge,1,0
C0148,2025-03-27,55.00,20:00,8,completed,Longford,IE,Sauna session,2,0
C0216,2025-03-27,45.00,18:00,8,completed,Nowheresville,IE,Sauna session,2,0
C0279,2025-03-27,55.00,20:00,8,completed,Longford,IE,Sauna session,1,0
C0006,2025-03-28,45.00,17:00,8,completed,Dublin,IE,Sauna session,1,5
C0013,2025-03-28,45.00,17:00,8,completed,Granard,IE,Sauna session,1,0
C0071,2025-03-28,45.00,20:00,8,completed,Granard,IE,Sauna session,1,0
C0281,2025-03-28,45.00,14:00,8,completed,Longford,IE,Private hire,1,5
C0242,2025-03-29,45.00,14:00,8,completed,Longford,IE,Sauna session,1,5
C0376,2025-03-29,55.00,11:00,8,completed,Longford,IE,Cold plunge,1,0
C0351,2025-03-30,45.00,18:00,8,completed,Dublin,IE,Ten-pack,2,0
C0019,2025-03-31,45.00,17:00,8,no_show,,,Sauna session,1,0
C0021,2025-03-31,45.00,20:00,8,no_show,Dublin,IE,Cold plunge,1,0
C0069,2025-03-31,45.00,20:00,8,completed,,,Private hire,2,0
C0134,2025-03-31,55.00,17:00,8,no_show,Longford,IE,Cold plunge,2,0
C0137,2025-03-31,45.00,14:00,8,completed,Cavan,IE,Ten-pack,1,0
C0225,2025-04-01,45.00,18:00,8,cancelled,Longford,IE,Private hire,2,0
C0238,2025-04-01,55.00,20:00,8,no_show,,,Sauna session,1,0
C0348,2025-04-01,45.00,14:00,8,completed,Longford,IE,Private hire,1,0
C0005,2025-04-03,45.00,14:00,8,completed,,,Cold plunge,1,0
C0231,2025-04-03,45.00,18:00,8,completed,Sligo,IE,Private hire,1,0
C0051,2025-04-04,45.00,20:00,8,completed,Granard,IE,Ten-pack,2,0
C0061,2025-04-04,45.00,20:00,8,completed,Granard,IE,Cold plunge,2,5
C0085,2025-04-04,55.00,18:00,8,completed,Sligo,IE,Ten-pack,1,0
C0125,2025-04-04,45.00,14:00,8,completed,Longford,IE,Ten-pack,1,0
C0172,2025-04-04,45.00,11:00,8,completed,Granard,IE,Private hire,1,0
C0259,2025-04-04,45.00,17:00,8,completed,Mullingar,IE,Cold plunge,2,5
C0337,2025-04-04,55.00,14:00,8,completed,Nowheresville,IE,Sauna session,1,0
C0123,2025-04-05,45.00,18:00,8,completed,Cavan,IE,Sauna session,1,0
C0181,2025-04-05,45.00,18:00,8,completed,Longford,IE,Sauna session,2,0
C0234,2025-04-05,45.00,20:00,8,cancelled,Cavan,IE,Sauna session,1,0
C0298,2025-04-05,45.00,14:00,8,completed,Longford,IE,Private hire,2,5
C0349,2025-04-05,45.00,20:00,8,cancelled,Dublin,IE,Ten-pack,1,0
C0096,2025-04-06,45.00,20:00,8,cancelled,Belfast,GB,Private hire,1,0
C0327,2025-04-06,45.00,14:00,8,completed,Dublin,IE,Sauna session,1,0
C0360,2025-04-06,55.00,11:00,8,completed,Cavan,IE,Sauna session,2,0
C0392,2025-04-06,45.00,11:00,8,completed,Cavan,IE,Ten-pack,2,0
C0056,2025-04-07,55.00,14:00,8,completed,Sligo,IE,Cold plunge,1,0
C0229,2025-04-07,45.00,11:00,8,completed,Granard,IE,Cold plunge,2,0
C0256,2025-04-07,45.00,11:00,8,completed,Granard,IE,Cold plunge,2,0
C0318,2025-04-07,45.00,20:00,8,completed,Granard,IE,Cold plunge,2,0
C0062,2025-04-08,45.00,17:00,8,completed,Dublin,IE,Private hire,1,0
C0120,2025-04-08,55.00,14:00,8,completed,Belfast,GB,Private hire,2,0
C0192,2025-04-09,45.00,11:00,8,completed,,,Ten-pack,2,0
C0255,2025-04-09,45.00,20:00,8,completed,Cavan,IE,Ten-pack,2,0
C0314,2025-04-09,45.00,20:00,8,completed,Longford,IE,Private hire,2,0
C0385,2025-04-09,45.00,14:00,8,no_show,Longford,IE,Private hire,1,0
C0055,2025-04-10,45.00,17:00,8,no_show,Longford,IE,Ten-pack,2,0
C0095,2025-04-10,45.00,17:00,8,completed,Longford,IE,Private hire,1,0
C0193,2025-04-10,55.00,14:00,8,completed,Cavan,IE,Private hire,1,0
C0216,2025-04-10,55.00,18:00,8,completed,Nowheresville,IE,Sauna session,2,0
C0344,2025-04-10,45.00,11:00,8,completed,Dublin,IE,Sauna session,1,0
C0013,2025-04-11,45.00,17:00,8,completed,Granard,IE,Sauna session,1,0
C0258,2025-04-11,45.00,20:00,8,completed,Sligo,IE,Cold plunge,1,0
C0305,2025-04-11,45.00,14:00,8,completed,Longford,IE,Sauna session,2,0
C0198,2025-04-12,45.00,20:00,8,completed,Nowheresville,IE,Cold plunge,1,0
C0244,2025-04-12,45.00,18:00,8,completed,Nowheresville,IE,Ten-pack,1,0
C0286,2025-04-12,45.00,11:00,8,completed,Longford,IE,Sauna session,1,0
C0207,2025-04-13,55.00,17:00,8,completed,Cavan,IE,Cold plunge,1,0
C0240,2025-04-13,45.00,14:00,8,completed,Dublin,IE,Sauna session,1,0
C0267,2025-04-13,55.00,20:00,8,completed,Nowheresville,IE,Ten-pack,2,0
C0304,2025-04-13,55.00,17:00,8,completed,Dublin,IE,Private hire,1,0
C0351,2025-04-13,45.00,18:00,8,completed,Dublin,IE,Ten-pack,2,0
C0182,2025-04-14,45.00,17:00,8,completed,Longford,IE,Private hire,1,0
C0015,2025-04-15,45.00,14:00,8,completed,Sligo,IE,Private hire,1,0
C0165,2025-04-15,45.00,18:00,8,completed,Longford,IE,Cold plunge,2,0
C0194,2025-04-15,45.00,11:00,8,cancelled,Mullingar,IE,Sauna session,1,0
C0238,2025-04-15,45.00,20:00,8,completed,,,Sauna session,1,0
C0348,2025-04-15,45.00,14:00,8,completed,Longford,IE,Private hire,1,0
C0278,2025-04-16,45.00,11:00,8,completed,Sligo,IE,Sauna session,1,0
C0027,2025-04-17,45.00,17:00,8,completed,Granard,IE,Sauna session,2,0
C0090,2025-04-17,55.00,20:00,8,cancelled,Granard,IE,Cold plunge,1,0
C0275,2025-04-17,45.00,20:00,8,completed,Cavan,IE,Cold plunge,1,0
C0377,2025-04-17,55.00,20:00,8,completed,Longford,IE,Sauna session,2,0
C0259,2025-04-18,45.00,17:00,8,completed,Mullingar,IE,Cold plunge,2,5
C0028,2025-04-19,55.00,14:00,8,completed,Belfast,GB,Private hire,2,5
C0123,2025-04-19,45.00,18:00,8,completed,Cavan,IE,Sauna session,1,0
C0242,2025-04-19,45.00,14:00,8,completed,Longford,IE,Sauna session,1,5
C0174,2025-04-20,55.00,11:00,8,completed,Belfast,GB,Ten-pack,1,0
C0179,2025-04-20,45.00,18:00,8,completed,Cavan,IE,Sauna session,2,0
C0021,2025-04-21,45.00,20:00,8,completed,Dublin,IE,Cold plunge,1,0
C0134,2025-04-21,45.00,17:00,8,no_show,Longford,IE,Cold plunge,2,0
C0256,2025-04-21,45.00,11:00,8,completed,Granard,IE,Cold plunge,2,0
C0318,2025-04-21,45.00,20:00,8,no_show,Granard,IE,Cold plunge,2,0
C0387,2025-04-21,45.00,20:00,8,completed,Longford,IE,Sauna session,1,0
C0225,2025-04-22,55.00,18:00,8,completed,Longford,IE,Private hire,2,0
C0265,2025-04-22,45.00,17:00,8,completed,Belfast,GB,Private hire,1,0
C0355,2025-04-22,45.00,20:00,8,completed,Dublin,IE,Cold plunge,1,5
C0109,2025-04-23,55.00,14:00,8,completed,Dublin,IE,Cold plunge,2,0
C0192,2025-04-23,45.00,11:00,8,completed,,,Ten-pack,2,0
C0314,2025-04-23,55.00,20:00,8,completed,Longford,IE,Private hire,2,0
C0395,2025-04-23,45.00,11:00,8,cancelled,Mullingar,IE,Ten-pack,2,5
C0098,2025-04-24,45.00,17:00,8,completed,Cavan,IE,Ten-pack,2,0
C0121,2025-04-24,45.00,14:00,8,cancelled,Cavan,IE,Sauna session,1,0
C0157,2025-04-24,45.00,18:00,8,completed,Longford,IE,Private hire,1,0
C0184,2025-04-24,55.00,11:00,8,completed,Longford,IE,Cold plunge,1,0
C0193,2025-04-24,45.00,14:00,8,completed,Cavan,IE,Private hire,1,0
C0231,2025-04-24,45.00,18:00,8,completed,Sligo,IE,Private hire,1,0
C0344,2025-04-24,55.00,11:00,8,completed,Dublin,IE,Sauna session,1,0
C0006,2025-04-25,45.00,17:00,8,completed,Dublin,IE,Sauna session,1,5
C0013,2025-04-25,55.00,17:00,8,completed,Granard,IE,Sauna session,1,0
C0051,2025-04-25,45.00,20:00,8,completed,Granard,IE,Ten-pack,2,0
C0071,2025-04-25,45.00,20:00,8,completed,Granard,IE,Sauna session,1,0
C0306,2025-04-25,55.00,18:00,8,completed,Longford,IE,Cold plunge,1,0
C0337,2025-04-25,45.00,14:00,8,completed,Nowheresville,IE,Sauna session,1,0
C0022,2025-04-26,45.00,17:00,8,completed,,,Sauna session,2,0
C0119,2025-04-26,55.00,14:00,8,cancelled,Longford,IE,Cold plunge,1,0
C0196,2025-04-26,45.00,11:00,8,cancelled,Longford,IE,Ten-pack,2,0
C0210,2025-04-26,45.00,18:00,8,completed,Belfast,GB,Cold plunge,2,0
C0244,2025-04-26,45.00,18:00,8,completed,Nowheresville,IE,Ten-pack,1,0
C0298,2025-04-26,45.00,14:00,8,completed,Longford,IE,Private hire,2,5
C0037,2025-04-27,45.00,14:00,8,completed,Cavan,IE,Cold plunge,1,0
C0143,2025-04-27,55.00,14:00,8,completed,Sligo,IE,Ten-pack,1,0
C0227,2025-04-27,45.00,20:00,8,completed,Nowheresville,IE,Private hire,2,0
C0351,2025-04-27,45.00,18:00,8,completed,Dublin,IE,Ten-pack,2,0
C0357,2025-04-27,45.00,18:00,8,completed,Granard,IE,Ten-pack,1,0
C0360,2025-04-27,45.00,11:00,8,completed,Cavan,IE,Sauna session,2,0
C0032,2025-04-28,55.00,18:00,8,no_show,Nowheresville,IE,Private hire,1,0
C0056,2025-04-28,55.00,14:00,8,completed,Sligo,IE,Cold plunge,1,0
C0116,2025-04-28,45.00,20:00,8,completed,,,Sauna session,1,0
C0101,2025-04-29,45.00,18:00,8,completed,Longford,IE,Private hire,1,0
C0194,2025-04-29,55.00,11:00,8,completed,Mullingar,IE,Sauna session,1,0
C0238,2025-04-29,55.00,20:00,8,completed,,,Sauna session,1,0
C0348,2025-04-29,45.00,14:00,8,completed,Longford,IE,Private hire,1,0
C0188,2025-04-30,45.00,20:00,8,completed,,,Ten-pack,1,0
C0255,2025-04-30,45.00,20:00,8,completed,Cavan,IE,Ten-pack,2,0
C0278,2025-04-30,45.00,11:00,8,completed,Sligo,IE,Sauna session,1,0
C0385,2025-04-30,45.00,14:00,8,completed,Longford,IE,Private hire,1,0
C0005,2025-05-01,55.00,14:00,8,completed,,,Cold plunge,1,0
C0055,2025-05-01,45.00,17:00,8,completed,Longford,IE,Ten-pack,2,0
C0095,2025-05-01,45.00,17:00,8,completed,Longford,IE,Private hire,1,0
C0170,2025-05-01,55.00,11:00,8,completed,Mullingar,IE,Ten-pack,1,0
C0216,2025-05-01,55.00,18:00,8,completed,Nowheresville,IE,Sauna session,2,0
C0065,2025-05-02,45.00,11:00,8,completed,Longford,IE,Cold plunge,1,0
C0125,2025-05-02,55.00,14:00,8,completed,Longford,IE,Ten-pack,1,0
C0172,2025-05-02,45.00,11:00,8,completed,Granard,IE,Private hire,1,0
C0258,2025-05-02,45.00,20:00,8,completed,Sligo,IE,Cold plunge,1,0
C0083,2025-05-03,45.00,18:00,8,completed,Longford,IE,Ten-pack,1,0
C0123,2025-05-03,55.00,18:00,8,completed,Cavan,IE,Sauna session,1,0
C0349,2025-05-03,55.00,20:00,8,completed,Dublin,IE,Ten-pack,1,0
C0052,2025-05-04,45.00,17:00,8,no_show,Cavan,IE,Ten-pack,2,0
C0096,2025-05-04,45.00,20:00,8,completed,Belfast,GB,Private hire,1,0
C0162,2025-05-04,45.00,14:00,8,completed,Longford,IE,Sauna session,1,5
C0205,2025-05-04,45.00,20:00,8,completed,Longford,IE,Sauna session,1,5
C0207,2025-05-04,45.00,17:00,8,completed,Cavan,IE,Cold plunge,1,0
C0021,2025-05-05,45.00,20:00,8,completed,Dublin,IE,Cold plunge,1,0
C0064,2025-05-05,45.00,11:00,8,completed,Longford,IE,Cold plunge,2,0
C0134,2025-05-05,45.00,17:00,8,no_show,Longford,IE,Cold plunge,2,0
C0167,2025-05-06,45.00,20:00,8,completed,Granard,IE,Sauna session,2,0
C0102,2025-05-07,45.00,11:00,8,completed,Longford,IE,Sauna session,2,0
C0192,2025-05-07,45.00,11:00,8,completed,,,Ten-pack,2,0
C0285,2025-05-07,45.00,14:00,8,completed,Cavan,IE,Cold plunge,2,0
C0090,2025-05-08,55.00,20:00,8,completed,Granard,IE,Cold plunge,1,0
C0121,2025-05-08,45.00,14:00,8,cancelled,Cavan,IE,Sauna session,1,0
C0148,2025-05-08,45.00,20:00,8,completed,Longford,IE,Sauna session,2,0
C0279,2025-05-08,45.00,20:00,8,completed,Longford,IE,Sauna session,1,0
C0316,2025-05-08,45.00,18:00,8,completed,Granard,IE,Ten-pack,1,0
C0350,2025-05-08,45.00,18:00,8,completed,Granard,IE,Ten-pack,2,0
C0013,2025-05-09,45.00,17:00,8,completed,Granard,IE,Sauna session,1,0
C0259,2025-05-09,45.00,17:00,8,completed,Mullingar,IE,Cold plunge,2,5
C0299,2025-05-09,55.00,18:00,8,completed,Cavan,IE,Ten-pack,2,0
C0306,2025-05-09,55.00,18:00,8,completed,Longford,IE,Cold plunge,1,0
C0337,2025-05-09,55.00,14:00,8,completed,Nowheresville,IE,Sauna session,1,0
C0028,2025-05-10,45.00,14:00,8,completed,Belfast,GB,Private hire,2,5
C0242,2025-05-10,45.00,14:00,8,completed,Longford,IE,Sauna session,1,5
C0244,2025-05-10,45.00,18:00,8,completed,Nowheresville,IE,Ten-pack,1,0
C0288,2025-05-10,55.00,18:00,8,completed,Cavan,IE,Ten-pack,2,0
C0298,2025-05-10,45.00,14:00,8,completed,Longford,IE,Private hire,2,5
C0376,2025-05-10,45.00,11:00,8,completed,Longford,IE,Cold plunge,1,0
C0209,2025-05-11,45.00,11:00,8,completed,Belfast,GB,Ten-pack,1,0
C0351,2025-05-11,45.00,18:00,8,completed,Dublin,IE,Ten-pack,2,0
C0019,2025-05-12,55.00,17:00,8,completed,,,Sauna session,1,0
C0256,2025-05-12,45.00,11:00,8,completed,Granard,IE,Cold plunge,2,0
C0318,2025-05-12,45.00,20:00,8,no_show,Granard,IE,Cold plunge,2,0
C0358,2025-05-12,45.00,20:00,8,no_show,Longford,IE,Ten-pack,2,0
C0120,2025-05-13,45.00,14:00,8,completed,Belfast,GB,Private hire,2,0
C0194,2025-05-13,45.00,11:00,8,completed,Mullingar,IE,Sauna session,1,0
C0225,2025-05-13,45.00,18:00,8,completed,Longford,IE,Private hire,2,0
C0238,2025-05-13,45.00,20:00,8,completed,,,Sauna session,1,0
C0348,2025-05-13,45.00,14:00,8,completed,Longford,IE,Private hire,1,0
C0388,2025-05-13,45.00,20:00,8,completed,Granard,IE,Cold plunge,2,0
C0127,2025-05-14,45.00,20:00,8,completed,Longford,IE,Private hire,1,5
C0249,2025-05-14,45.00,18:00,8,completed,Cavan,IE,Private hire,1,0
C0255,2025-05-14,45.00,20:00,8,completed,Cavan,IE,Ten-pack,2,0
C0314,2025-05-14,45.00,20:00,8,completed,Longford,IE,Private hire,2,0
C0385,2025-05-14,45.00,14:00,8,completed,Longford,IE,Private hire,1,0
C0017,2025-05-15,45.00,20:00,8,completed,Longford,IE,Cold plunge,1,0
C0027,2025-05-15,45.00,17:00,8,completed,Granard,IE,Sauna session,2,0
C0055,2025-05-15,45.00,17:00,8,completed,Longford,IE,Ten-pack,2,0
C0095,2025-05-15,45.00,17:00,8,completed,Longford,IE,Private hire,1,0
C0157,2025-05-15,55.00,18:00,8,completed,Longford,IE,Private hire,1,0
C0193,2025-05-15,45.00,14:00,8,completed,Cavan,IE,Private hire,1,0
C0231,2025-05-15,45.00,18:00,8,cancelled,Sligo,IE,Private hire,1,0
C0344,2025-05-15,45.00,11:00,8,completed,Dublin,IE,Sauna session,1,0
C0051,2025-05-16,45.00,20:00,8,no_show,Granard,IE,Ten-pack,2,0
C0091,2025-05-16,45.00,17:00,8,completed,Cavan,IE,Cold plunge,2,0
C0281,2025-05-16,45.00,14:00,8,cancelled,Longford,IE,Private hire,1,5
C0119,2025-05-17,55.00,14:00,8,completed,Longford,IE,Cold plunge,1,0
C0286,2025-05-17,55.00,11:00,8,completed,Longford,IE,Sauna session,1,0
C0073,2025-05-18,55.00,18:00,8,completed,Sligo,IE,Private hire,1,5
C0077,2025-05-18,45.00,14:00,8,completed,Dublin,IE,Sauna session,1,5
C0143,2025-05-18,45.00,14:00,8,completed,Sligo,IE,Ten-pack,1,0
C0179,2025-05-18,45.00,18:00,8,completed,Cavan,IE,Sauna session,2,0
C0267,2025-05-18,45.00,20:00,8,completed,Nowheresville,IE,Ten-pack,2,0
C0327,2025-05-18,55.00,14:00,8,completed,Dublin,IE,Sauna session,1,0
C0360,2025-05-18,55.00,11:00,8,completed,Cavan,IE,Sauna session,2,0
C0370,2025-05-18,45.00,17:00,8,completed,Longford,IE,Sauna session,1,0
C0392,2025-05-18,45.00,11:00,8,completed,Cavan,IE,Ten-pack,2,0
C0134,2025-05-19,45.00,17:00,8,completed,Longford,IE,Cold plunge,2,0
C0182,2025-05-19,45.00,17:00,8,no_show,Longford,IE,Private hire,1,0
C0273,2025-05-19,45.00,11:00,8,completed,,,Ten-pack,2,0
C0387,2025-05-19,45.00,20:00,8,completed,Longford,IE,Sauna session,1,0
C0015,2025-05-20,55.00,14:00,8,completed,Sligo,IE,Private hire,1,0
C0062,2025-05-20,45.00,17:00,8,completed,Dublin,IE,Private hire,1,0
C0165,2025-05-20,55.00,18:00,8,completed,Longford,IE,Cold plunge,2,0
C0221,2025-05-21,45.00,17:00,8,completed,Mullingar,IE,Cold plunge,2,0
C0261,2025-05-21,45.00,20:00,8,completed,Dublin,IE,Sauna session,1,0
C0278,2025-05-21,55.00,11:00,8,completed,Sligo,IE,Sauna session,1,0
C0285,2025-05-21,45.00,14:00,8,completed,Cavan,IE,Cold plunge,2,0
C0090,2025-05-22,45.00,20:00,8,completed,Granard,IE,Cold plunge,1,0
C0121,2025-05-22,55.00,14:00,8,completed,Cavan,IE,Sauna session,1,0
C0216,2025-05-22,45.00,18:00,8,completed,Nowheresville,IE,Sauna session,2,0
C0350,2025-05-22,55.00,18:00,8,completed,Granard,IE,Ten-pack,2,0
C0377,2025-05-22,55.00,20:00,8,completed,Longford,IE,Sauna session,2,0
C0074,2025-05-23,45.00,17:00,8,completed,Cavan,IE,Ten-pack,2,0
C0085,2025-05-23,55.00,18:00,8,completed,Sligo,IE,Ten-pack,1,0
C0172,2025-05-23,45.00,11:00,8,completed,Granard,IE,Private hire,1,0
C0258,2025-05-23,45.00,20:00,8,completed,Sligo,IE,Cold plunge,1,0
C0305,2025-05-23,55.00,14:00,8,completed,Longford,IE,Sauna session,2,0
C0306,2025-05-23,55.00,18:00,8,completed,Longford,IE,Cold plunge,1,0
C0022,2025-05-24,55.00,17:00,8,completed,,,Sauna session,2,0
C0025,2025-05-24,55.00,20:00,8,completed,Longford,IE,Cold plunge,1,0
C0123,2025-05-24,55.00,18:00,8,completed,Cavan,IE,Sauna session,1,0
C0198,2025-05-24,55.00,20:00,8,completed,Nowheresville,IE,Cold plunge,1,0
C0234,2025-05-24,45.00,20:00,8,completed,Cavan,IE,Sauna session,1,0
C0242,2025-05-24,45.00,14:00,8,completed,Longford,IE,Sauna session,1,5
C0298,2025-05-24,45.00,14:00,8,completed,Longford,IE,Private hire,2,5
C0349,2025-05-24,45.00,20:00,8,completed,Dublin,IE,Ten-pack,1,0
C0207,2025-05-25,55.00,17:00,8,completed,Cavan,IE,Cold plunge,1,0
C0240,2025-05-25,45.00,14:00,8,completed,Dublin,IE,Sauna session,1,0
C0304,2025-05-25,55.00,17:00,8,completed,Dublin,IE,Private hire,1,0
C0021,2025-05-26,55.00,20:00,8,completed,Dublin,IE,Cold plunge,1,0
C0056,2025-05-26,45.00,14:00,8,completed,Sligo,IE,Cold plunge,1,0
C0256,2025-05-26,45.00,11:00,8,completed,Granard,IE,Cold plunge,2,0
C0001,2025-05-27,45.00,20:00,8,completed,Cavan,IE,Private hire,1,0
C0238,2025-05-27,45.00,20:00,8,completed,,,Sauna session,1,0
C0320,2025-05-27,55.00,11:00,8,completed,Granard,IE,Cold plunge,1,0
C0102,2025-05-28,45.00,11:00,8,cancelled,Longford,IE,Sauna session,2,0
C0192,2025-05-28,45.00,11:00,8,completed,,,Ten-pack,2,0
C0218,2025-05-28,55.00,17:00,8,completed,Granard,IE,Private hire,2,5
C0255,2025-05-28,45.00,20:00,8,completed,Cavan,IE,Ten-pack,2,0
C0385,2025-05-28,45.00,14:00,8,completed,Longford,IE,Private hire,1,0
C0157,2025-05-29,55.00,18:00,8,completed,Longford,IE,Private hire,1,0
C0193,2025-05-29,45.00,14:00,8,completed,Cavan,IE,Private hire,1,0
C0279,2025-05-29,55.00,20:00,8,completed,Longford,IE,Sauna session,1,0
C0297,2025-05-29,45.00,14:00,8,completed,Nowheresville,IE,Sauna session,2,0
C0344,2025-05-29,45.00,11:00,8,completed,Dublin,IE,Sauna session,1,0
C0006,2025-05-30,45.00,17:00,8,completed,Dublin,IE,Sauna session,1,5
C0013,2025-05-30,45.00,17:00,8,completed,Granard,IE,Sauna session,1,0
C0259,2025-05-30,45.00,17:00,8,completed,Mullingar,IE,Cold plunge,2,5
C0337,2025-05-30,55.00,14:00,8,cancelled,Nowheresville,IE,Sauna session,1,0
C0028,2025-05-31,45.00,14:00,8,completed,Belfast,GB,Private hire,2,5
C0228,2025-05-31,45.00,11:00,8,completed,Granard,IE,Ten-pack,2,0
C0244,2025-05-31,45.00,18:00,8,completed,Nowheresville,IE,Ten-pack,1,0
C0052,2025-06-01,45.00,17:00,8,completed,Cavan,IE,Ten-pack,2,0
C0086,2025-06-01,45.00,17:00,8,completed,,,Private hire,1,5
C0209,2025-06-01,55.00,11:00,8,completed,Belfast,GB,Ten-pack,1,0
C0351,2025-06-01,55.00,18:00,8,completed,Dublin,IE,Ten-pack,2,0
C0354,2025-06-01,45.00,14:00,8,completed,Dublin,IE,Cold plunge,1,0
C0383,2025-06-01,45.00,20:00,8,completed,,,Cold plunge,2,5
C0399,2025-06-01,45.00,14:00,8,completed,Granard,IE,Sauna session,1,0
C0134,2025-06-02,55.00,17:00,8,completed,Longford,IE,Cold plunge,2,0
C0137,2025-06-02,45.00,14:00,8,completed,Cavan,IE,Ten-pack,1,0
C0243,2025-06-02,45.00,17:00,8,completed,Cavan,IE,Cold plunge,2,0
C0318,2025-06-02,45.00,20:00,8,no_show,Granard,IE,Cold plunge,2,0
C0053,2025-06-03,45.00,14:00,8,completed,Granard,IE,Private hire,2,0
C0194,2025-06-03,45.00,11:00,8,completed,Mullingar,IE,Sauna session,1,0
C0225,2025-06-03,45.00,18:00,8,completed,Longford,IE,Private hire,2,0
C0265,2025-06-03,55.00,17:00,8,completed,Belfast,GB,Private hire,1,0
C0336,2025-06-03,45.00,17:00,8,no_show,Sligo,IE,Cold plunge,1,0
C0348,2025-06-03,45.00,14:00,8,no_show,Longford,IE,Private hire,1,0
C0188,2025-06-04,45.00,20:00,8,completed,,,Ten-pack,1,0
C0249,2025-06-04,45.00,18:00,8,completed,Cavan,IE,Private hire,1,0
C0278,2025-06-04,45.00,11:00,8,completed,Sligo,IE,Sauna session,1,0
C0285,2025-06-04,45.00,14:00,8,cancelled,Cavan,IE,Cold plunge,2,0
C0314,2025-06-04,55.00,20:00,8,completed,Longford,IE,Private hire,2,0
C0055,2025-06-05,45.00,17:00,8,completed,Longford,IE,Ten-pack,2,0
C0090,2025-06-05,45.00,20:00,8,completed,Granard,IE,Cold plunge,1,0
C0095,2025-06-05,55.00,17:00,8,no_show,Longford,IE,Private hire,1,0
C0121,2025-06-05,45.00,14:00,8,completed,Cavan,IE,Sauna session,1,0
C0148,2025-06-05,45.00,20:00,8,completed,Longford,IE,Sauna session,2,0
C0231,2025-06-05,45.00,18:00,8,completed,Sligo,IE,Private hire,1,0
C0252,2025-06-05,45.00,14:00,8,completed,Mullingar,IE,Cold plunge,2,0
C0350,2025-06-05,55.00,18:00,8,completed,Granard,IE,Ten-pack,2,0
C0051,2025-06-06,45.00,20:00,8,completed,Granard,IE,Ten-pack,2,0
C0071,2025-06-06,55.00,20:00,8,completed,Granard,IE,Sauna session,1,0
C0106,2025-06-07,55.00,18:00,8,completed,Dublin,IE,Private hire,1,0
C0123,2025-06-07,45.00,18:00,8,completed,Cavan,IE,Sauna session,1,0
C0196,2025-06-07,45.00,11:00,8,completed,Longford,IE,Ten-pack,2,0
C0242,2025-06-07,55.00,14:00,8,completed,Longford,IE,Sauna session,1,5
C0291,2025-06-07,45.00,11:00,8,completed,Longford,IE,Private hire,2,0
C0298,2025-06-07,45.00,14:00,8,completed,Longford,IE,Private hire,2,5
C0329,2025-06-07,55.00,14:00,8,completed,Cavan,IE,Sauna session,1,0
C0376,2025-06-07,45.00,11:00,8,completed,Longford,IE,Cold plunge,1,0
C0096,2025-06-08,55.00,20:00,8,completed,Belfast,GB,Private hire,1,0
C0143,2025-06-08,45.00,14:00,8,completed,Sligo,IE,Ten-pack,1,0
C0360,2025-06-08,45.00,11:00,8,completed,Cavan,IE,Sauna session,2,0
C0392,2025-06-08,45.00,11:00,8,completed,Cavan,IE,Ten-pack,2,0
C0019,2025-06-09,55.00,17:00,8,completed,,,Sauna session,1,0
C0069,2025-06-09,45.00,20:00,8,completed,,,Private hire,2,0
C0079,2025-06-09,45.00,20:00,8,completed,Cavan,IE,Private hire,1,0
C0229,2025-06-09,55.00,11:00,8,completed,Granard,IE,Cold plunge,2,0
C0256,2025-06-09,45.00,11:00,8,completed,Granard,IE,Cold plunge,2,0
C0031,2025-06-10,45.00,17:00,8,completed,Cavan,IE,Cold plunge,1,0
C0043,2025-06-10,55.00,14:00,8,completed,Mullingar,IE,Cold plunge,1,0
C0208,2025-06-10,45.00,17:00,8,completed,,,Private hire,2,0
C0382,2025-06-10,55.00,17:00,8,completed,Mullingar,IE,Sauna session,2,0
C0388,2025-06-10,45.00,20:00,8,completed,Granard,IE,Cold plunge,2,0
C0072,2025-06-11,45.00,17:00,8,completed,Dublin,IE,Private hire,1,0
C0192,2025-06-11,45.00,11:00,8,completed,,,Ten-pack,2,0
C0326,2025-06-11,45.00,11:00,8,completed,Mullingar,IE,Sauna session,1,0
C0005,2025-06-12,45.00,14:00,8,completed,,,Cold plunge,1,0
C0187,2025-06-12,45.00,14:00,8,completed,Longford,IE,Sauna session,1,0
C0216,2025-06-12,45.00,18:00,8,completed,Nowheresville,IE,Sauna session,2,0
C0344,2025-06-12,55.00,11:00,8,completed,Dublin,IE,Sauna session,1,0
C0013,2025-06-13,45.00,17:00,8,completed,Granard,IE,Sauna session,1,0
C0074,2025-06-13,45.00,17:00,8,completed,Cavan,IE,Ten-pack,2,0
C0125,2025-06-13,45.00,14:00,8,completed,Longford,IE,Ten-pack,1,0
C0258,2025-06-13,45.00,20:00,8,completed,Sligo,IE,Cold plunge,1,0
C0259,2025-06-13,45.00,17:00,8,completed,Mullingar,IE,Cold plunge,2,5
C0281,2025-06-13,55.00,14:00,8,cancelled,Longford,IE,Private hire,1,5
C0306,2025-06-13,55.00,18:00,8,completed,Longford,IE,Cold plunge,1,0
C0028,2025-06-14,55.00,14:00,8,completed,Belfast,GB,Private hire,2,5
C0244,2025-06-14,45.00,18:00,8,completed,Nowheresville,IE,Ten-pack,1,0
C0288,2025-06-14,45.00,18:00,8,completed,Cavan,IE,Ten-pack,2,0
C0347,2025-06-14,45.00,20:00,8,no_show,Longford,IE,Cold plunge,1,0
C0037,2025-06-15,45.00,14:00,8,completed,Cavan,IE,Cold plunge,1,0
C0207,2025-06-15,45.00,17:00,8,completed,Cavan,IE,Cold plunge,1,0
C0319,2025-06-15,45.00,20:00,8,completed,Longford,IE,Ten-pack,2,0
C0354,2025-06-15,45.00,14:00,8,completed,Dublin,IE,Cold plunge,1,0
C0370,2025-06-15,45.00,17:00,8,completed,Longford,IE,Sauna session,1,0
C0383,2025-06-15,55.00,20:00,8,no_show,,,Cold plunge,2,5
C0399,2025-06-15,45.00,14:00,8,completed,Granard,IE,Sauna session,1,0
C0021,2025-06-16,55.00,20:00,8,cancelled,Dublin,IE,Cold plunge,1,0
C0134,2025-06-16,45.00,17:00,8,completed,Longford,IE,Cold plunge,2,0
C0182,2025-06-16,55.00,17:00,8,cancelled,Longford,IE,Private hire,1,0
C0387,2025-06-16,45.00,20:00,8,cancelled,Longford,IE,Sauna session,1,0
C0001,2025-06-17,45.00,20:00,8,completed,Cavan,IE,Private hire,1,0
C0062,2025-06-17,55.00,17:00,8,no_show,Dublin,IE,Private hire,1,0
C0155,2025-06-17,45.00,17:00,8,completed,Nowheresville,IE,Cold plunge,1,0
C0165,2025-06-17,45.00,18:00,8,no_show,Longford,IE,Cold plunge,2,0
C0238,2025-06-17,45.00,20:00,8,no_show,,,Sauna session,1,0
C0280,2025-06-17,45.00,17:00,8,completed,Longford,IE,Cold plunge,1,0
C0320,2025-06-17,45.00,11:00,8,completed,Granard,IE,Cold plunge,1,0
C0336,2025-06-17,45.00,17:00,8,cancelled,Sligo,IE,Cold plunge,1,0
C0348,2025-06-17,55.00,14:00,8,completed,Longford,IE,Private hire,1,0
C0102,2025-06-18,45.00,11:00,8,completed,Longford,IE,Sauna session,2,0
C0255,2025-06-18,45.00,20:00,8,completed,Cavan,IE,Ten-pack,2,0
C0278,2025-06-18,55.00,11:00,8,completed,Sligo,IE,Sauna session,1,0
C0362,2025-06-18,55.00,11:00,8,completed,Longford,IE,Ten-pack,1,0
C0385,2025-06-18,45.00,14:00,8,completed,Longford,IE,Private hire,1,0
C0055,2025-06-19,55.00,17:00,8,completed,Longford,IE,Ten-pack,2,0
C0090,2025-06-19,55.00,20:00,8,completed,Granard,IE,Cold plunge,1,0
C0095,2025-06-19,45.00,17:00,8,completed,Longford,IE,Private hire,1,0
C0157,2025-06-19,45.00,18:00,8,completed,Longford,IE,Private hire,1,0
C0193,2025-06-19,45.00,14:00,8,completed,Cavan,IE,Private hire,1,0
C0350,2025-06-19,55.00,18:00,8,completed,Granard,IE,Ten-pack,2,0
C0061,2025-06-20,55.00,20:00,8,completed,Granard,IE,Cold plunge,2,5
C0168,2025-06-20,45.00,20:00,8,completed,Longford,IE,Private hire,1,0
C0172,2025-06-20,45.00,11:00,8,completed,Granard,IE,Private hire,1,0
C0337,2025-06-20,45.00,14:00,8,completed,Nowheresville,IE,Sauna session,1,0
C0022,2025-06-21,45.00,17:00,8,completed,,,Sauna session,2,0
C0119,2025-06-21,45.00,14:00,8,completed,Longford,IE,Cold plunge,1,0
C0123,2025-06-21,55.00,18:00,8,completed,Cavan,IE,Sauna session,1,0
C0242,2025-06-21,45.00,14:00,8,completed,Longford,IE,Sauna session,1,5
C0286,2025-06-21,55.00,11:00,8,completed,Longford,IE,Sauna session,1,0
C0352,2025-06-21,55.00,18:00,8,completed,Mullingar,IE,Ten-pack,1,5
C0179,2025-06-22,45.00,18:00,8,completed,Cavan,IE,Sauna session,2,0
C0209,2025-06-22,45.00,11:00,8,cancelled,Belfast,GB,Ten-pack,1,0
C0304,2025-06-22,55.00,17:00,8,completed,Dublin,IE,Private hire,1,0
C0351,2025-06-22,45.00,18:00,8,no_show,Dublin,IE,Ten-pack,2,0
C0064,2025-06-23,45.00,11:00,8,completed,Longford,IE,Cold plunge,2,0
C0318,2025-06-23,45.00,20:00,8,completed,Granard,IE,Cold plunge,2,0
C0358,2025-06-23,45.00,20:00,8,completed,Longford,IE,Ten-pack,2,0
C0015,2025-06-24,45.00,14:00,8,completed,Sligo,IE,Private hire,1,0
C0120,2025-06-24,45.00,14:00,8,completed,Belfast,GB,Private hire,2,0
C0158,2025-06-24,45.00,18:00,8,completed,Longford,IE,Sauna session,1,5
C0194,2025-06-24,45.00,11:00,8,completed,Mullingar,IE,Sauna session,1,0
C0208,2025-06-24,55.00,17:00,8,completed,,,Private hire,2,0
C0225,2025-06-24,45.00,18:00,8,completed,Longford,IE,Private hire,2,0
C0112,2025-06-25,55.00,17:00,8,completed,Granard,IE,Private hire,2,0
C0188,2025-06-25,45.00,20:00,8,cancelled,,,Ten-pack,1,0
C0192,2025-06-25,45.00,11:00,8,completed,,,Ten-pack,2,0
C0249,2025-06-25,55.00,18:00,8,completed,Cavan,IE,Private hire,1,0
C0285,2025-06-25,45.00,14:00,8,completed,Cavan,IE,Cold plunge,2,0
C0314,2025-06-25,45.00,20:00,8,completed,Longford,IE,Private hire,2,0
C0027,2025-06-26,55.00,17:00,8,completed,Granard,IE,Sauna session,2,0
C0121,2025-06-26,45.00,14:00,8,completed,Cavan,IE,Sauna session,1,0
C0231,2025-06-26,45.00,18:00,8,completed,Sligo,IE,Private hire,1,0
C0344,2025-06-26,55.00,11:00,8,completed,Dublin,IE,Sauna session,1,0
C0051,2025-06-27,45.00,20:00,8,completed,Granard,IE,Ten-pack,2,0
C0074,2025-06-27,55.00,17:00,8,completed,Cavan,IE,Ten-pack,2,0
C0110,2025-06-27,45.00,20:00,8,completed,Cavan,IE,Private hire,2,0
C0258,2025-06-27,45.00,20:00,8,completed,Sligo,IE,Cold plunge,1,0
C0306,2025-06-27,45.00,18:00,8,completed,Longford,IE,Cold plunge,1,0
C0028,2025-06-28,45.00,14:00,8,completed,Belfast,GB,Private hire,2,5
C0198,2025-06-28,45.00,20:00,8,completed,Nowheresville,IE,Cold plunge,1,0
C0244,2025-06-28,45.00,18:00,8,completed,Nowheresville,IE,Ten-pack,1,0
C0298,2025-06-28,45.00,14:00,8,completed,Longford,IE,Private hire,2,5
C0376,2025-06-28,45.00,11:00,8,completed,Longford,IE,Cold plunge,1,0
C0174,2025-06-29,45.00,11:00,8,completed,Belfast,GB,Ten-pack,1,0
C0207,2025-06-29,45.00,17:00,8,completed,Cavan,IE,Cold plunge,1,0
C0240,2025-06-29,55.00,14:00,8,completed,Dublin,IE,Sauna session,1,0
C0267,2025-06-29,45.00,20:00,8,no_show,Nowheresville,IE,Ten-pack,2,0
C0327,2025-06-29,45.00,14:00,8,completed,Dublin,IE,Sauna session,1,0
C0354,2025-06-29,45.00,14:00,8,completed,Dublin,IE,Cold plunge,1,0
C0357,2025-06-29,45.00,18:00,8,completed,Granard,IE,Ten-pack,1,0
C0360,2025-06-29,55.00,11:00,8,completed,Cavan,IE,Sauna session,2,0
C0383,2025-06-29,45.00,20:00,8,completed,,,Cold plunge,2,5
C0399,2025-06-29,45.00,14:00,8,no_show,Granard,IE,Sauna session,1,0
C0056,2025-06-30,45.00,14:00,8,completed,Sligo,IE,Cold plunge,1,0
C0107,2025-06-30,55.00,11:00,8,completed,Belfast,GB,Sauna session,1,0
C0134,2025-06-30,45.00,17:00,8,completed,Longford,IE,Cold plunge,2,0
C0256,2025-06-30,55.00,11:00,8,completed,Granard,IE,Cold plunge,2,0
C0361,2025-06-30,55.00,18:00,8,completed,Mullingar,IE,Private hire,2,5
C0031,2025-07-01,45.00,17:00,8,completed,Cavan,IE,Cold plunge,1,0
C0211,2025-07-01,45.00,18:00,8,completed,Dublin,IE,Sauna session,2,0
C0238,2025-07-01,55.00,20:00,8,completed,,,Sauna session,1,0
C0280,2025-07-01,55.00,17:00,8,completed,Longford,IE,Cold plunge,1,0
C0348,2025-07-01,55.00,14:00,8,completed,Longford,IE,Private hire,1,0
C0045,2025-07-02,55.00,18:00,8,completed,Granard,IE,Cold plunge,1,0
C0218,2025-07-02,45.00,17:00,8,completed,Granard,IE,Private hire,2,5
C0255,2025-07-02,45.00,20:00,8,completed,Cavan,IE,Ten-pack,2,0
C0278,2025-07-02,55.00,11:00,8,completed,Sligo,IE,Sauna session,1,0
C0330,2025-07-02,45.00,20:00,8,completed,Longford,IE,Sauna session,1,0
C0362,2025-07-02,55.00,11:00,8,completed,Longford,IE,Ten-pack,1,0
C0385,2025-07-02,45.00,14:00,8,completed,Longford,IE,Private hire,1,0
C0011,2025-07-03,55.00,17:00,8,completed,Longford,IE,Ten-pack,2,0
C0016,2025-07-03,45.00,14:00,8,completed,,,Private hire,2,0
C0055,2025-07-03,45.00,17:00,8,completed,Longford,IE,Ten-pack,2,0
C0157,2025-07-03,45.00,18:00,8,completed,Longford,IE,Private hire,1,0
C0193,2025-07-03,55.00,14:00,8,completed,Cavan,IE,Private hire,1,0
C0216,2025-07-03,45.00,18:00,8,completed,Nowheresville,IE,Sauna session,2,0
C0279,2025-07-03,45.00,20:00,8,completed,Longford,IE,Sauna session,1,0
C0316,2025-07-03,55.00,18:00,8,completed,Granard,IE,Ten-pack,1,0
C0377,2025-07-03,45.00,20:00,8,cancelled,Longford,IE,Sauna session,2,0
C0013,2025-07-04,55.00,17:00,8,completed,Granard,IE,Sauna session,1,0
C0085,2025-07-04,55.00,18:00,8,no_show,Sligo,IE,Ten-pack,1,0
C0168,2025-07-04,45.00,20:00,8,completed,Longford,IE,Private hire,1,0
C0259,2025-07-04,45.00,17:00,8,completed,Mullingar,IE,Cold plunge,2,5
C0305,2025-07-04,45.00,14:00,8,cancelled,Longford,IE,Sauna session,2,0
C0337,2025-07-04,55.00,14:00,8,completed,Nowheresville,IE,Sauna session,1,0
C0196,2025-07-05,45.00,11:00,8,cancelled,Longford,IE,Ten-pack,2,0
C0312,2025-07-05,45.00,20:00,8,completed,Mullingar,IE,Cold plunge,1,0
C0143,2025-07-06,55.00,14:00,8,cancelled,Sligo,IE,Ten-pack,1,0
C0209,2025-07-06,55.00,11:00,8,completed,Belfast,GB,Ten-pack,1,0
C0333,2025-07-06,45.00,18:00,8,completed,,,Sauna session,1,0
C0342,2025-07-06,45.00,17:00,8,completed,Cavan,IE,Sauna session,1,0
C0021,2025-07-07,55.00,20:00,8,completed,Dublin,IE,Cold plunge,1,0
C0182,2025-07-07,45.00,17:00,8,completed,Longford,IE,Private hire,1,0
C0318,2025-07-07,55.00,20:00,8,completed,Granard,IE,Cold plunge,2,0
C0332,2025-07-07,45.00,18:00,8,completed,Mullingar,IE,Ten-pack,2,0
C0380,2025-07-07,45.00,11:00,8,completed,Cavan,IE,Sauna session,1,0
C0001,2025-07-08,45.00,20:00,8,completed,Cavan,IE,Private hire,1,0
C0165,2025-07-08,45.00,18:00,8,completed,Longford,IE,Cold plunge,2,0
C0194,2025-07-08,45.00,11:00,8,completed,Mullingar,IE,Sauna session,1,0
C0208,2025-07-08,45.00,17:00,8,completed,,,Private hire,2,0
C0225,2025-07-08,45.00,18:00,8,completed,Longford,IE,Private hire,2,0
C0272,2025-07-08,45.00,17:00,8,no_show,Nowheresville,IE,Sauna session,1,0
C0320,2025-07-08,45.00,11:00,8,completed,Granard,IE,Cold plunge,1,0
C0336,2025-07-08,45.00,17:00,8,completed,Sligo,IE,Cold plunge,1,0
C0382,2025-07-08,45.00,17:00,8,completed,Mullingar,IE,Sauna session,2,0
C0102,2025-07-09,45.00,11:00,8,completed,Longford,IE,Sauna session,2,0
C0221,2025-07-09,45.00,17:00,8,cancelled,Mullingar,IE,Cold plunge,2,0
C0285,2025-07-09,45.00,14:00,8,completed,Cavan,IE,Cold plunge,2,0
C0005,2025-07-10,45.00,14:00,8,completed,,,Cold plunge,1,0
C0090,2025-07-10,45.00,20:00,8,completed,Granard,IE,Cold plunge,1,0
C0095,2025-07-10,45.00,17:00,8,completed,Longford,IE,Private hire,1,0
C0121,2025-07-10,45.00,14:00,8,completed,Cavan,IE,Sauna session,1,0
C0148,2025-07-10,55.00,20:00,8,completed,Longford,IE,Sauna session,2,0
C0297,2025-07-10,55.00,14:00,8,completed,Nowheresville,IE,Sauna session,2,0
C0350,2025-07-10,45.00,18:00,8,completed,Granard,IE,Ten-pack,2,0
C0006,2025-07-11,45.00,17:00,8,completed,Dublin,IE,Sauna session,1,5
C0051,2025-07-11,45.00,20:00,8,completed,Granard,IE,Ten-pack,2,0
C0071,2025-07-11,45.00,20:00,8,completed,Granard,IE,Sauna session,1,0
C0110,2025-07-11,45.00,20:00,8,completed,Cavan,IE,Private hire,2,0
C0258,2025-07-11,45.00,20:00,8,completed,Sligo,IE,Cold plunge,1,0
C0299,2025-07-11,55.00,18:00,8,completed,Cavan,IE,Ten-pack,2,0
C0306,2025-07-11,45.00,18:00,8,completed,Longford,IE,Cold plunge,1,0
C0028,2025-07-12,45.00,14:00,8,completed,Belfast,GB,Private hire,2,5
C0042,2025-07-12,55.00,20:00,8,completed,Longford,IE,Ten-pack,1,0
C0123,2025-07-12,55.00,18:00,8,completed,Cavan,IE,Sauna session,1,0
C0242,2025-07-12,55.00,14:00,8,completed,Longford,IE,Sauna session,1,5
C0244,2025-07-12,45.00,18:00,8,completed,Nowheresville,IE,Ten-pack,1,0
C0298,2025-07-12,45.00,14:00,8,completed,Longford,IE,Private hire,2,5
C0349,2025-07-12,45.00,20:00,8,cancelled,Dublin,IE,Ten-pack,1,0
C0067,2025-07-13,55.00,11:00,8,completed,Cavan,IE,Sauna session,1,0
C0162,2025-07-13,45.00,14:00,8,completed,Longford,IE,Sauna session,1,5
C0283,2025-07-13,55.00,14:00,8,completed,Longford,IE,Sauna session,1,0
C0351,2025-07-13,45.00,18:00,8,no_show,Dublin,IE,Ten-pack,2,0
C0354,2025-07-13,45.00,14:00,8,completed,Dublin,IE,Cold plunge,1,0
C0360,2025-07-13,55.00,11:00,8,completed,Cavan,IE,Sauna session,2,0
C0392,2025-07-13,55.00,11:00,8,completed,Cavan,IE,Ten-pack,2,0
C0399,2025-07-13,45.00,14:00,8,completed,Granard,IE,Sauna session,1,0
C0116,2025-07-14,55.00,20:00,8,completed,,,Sauna session,1,0
C0031,2025-07-15,45.00,17:00,8,completed,Cavan,IE,Cold plunge,1,0
C0158,2025-07-15,45.00,18:00,8,completed,Longford,IE,Sauna session,1,5
C0238,2025-07-15,45.00,20:00,8,no_show,,,Sauna session,1,0
C0265,2025-07-15,45.00,17:00,8,completed,Belfast,GB,Private hire,1,0
C0280,2025-07-15,45.00,17:00,8,completed,Longford,IE,Cold plunge,1,0
C0301,2025-07-15,55.00,14:00,8,completed,Granard,IE,Ten-pack,2,0
C0388,2025-07-15,55.00,20:00,8,completed,Granard,IE,Cold plunge,2,0
C0109,2025-07-16,45.00,14:00,8,completed,Dublin,IE,Cold plunge,2,0
C0112,2025-07-16,45.00,17:00,8,no_show,Granard,IE,Private hire,2,0
C0192,2025-07-16,45.00,11:00,8,completed,,,Ten-pack,2,0
C0249,2025-07-16,45.00,18:00,8,completed,Cavan,IE,Private hire,1,0
C0255,2025-07-16,45.00,20:00,8,cancelled,Cavan,IE,Ten-pack,2,0
C0276,2025-07-16,45.00,20:00,8,completed,Granard,IE,Ten-pack,2,5
C0278,2025-07-16,45.00,11:00,8,completed,Sligo,IE,Sauna session,1,0
C0314,2025-07-16,45.00,20:00,8,completed,Longford,IE,Private hire,2,0
C0385,2025-07-16,45.00,14:00,8,no_show,Longford,IE,Private hire,1,0
C0389,2025-07-16,45.00,20:00,8,completed,,,Ten-pack,2,0
C0170,2025-07-17,45.00,11:00,8,completed,Mullingar,IE,Ten-pack,1,0
C0216,2025-07-17,55.00,18:00,8,completed,Nowheresville,IE,Sauna session,2,0
C0231,2025-07-17,45.00,18:00,8,completed,Sligo,IE,Private hire,1,0
C0344,2025-07-17,45.00,11:00,8,completed,Dublin,IE,Sauna session,1,0
C0074,2025-07-18,45.00,17:00,8,completed,Cavan,IE,Ten-pack,2,0
C0168,2025-07-18,45.00,20:00,8,completed,Longford,IE,Private hire,1,0
C0259,2025-07-18,45.00,17:00,8,completed,Mullingar,IE,Cold plunge,2,5
C0281,2025-07-18,55.00,14:00,8,completed,Longford,IE,Private hire,1,5
C0286,2025-07-19,45.00,11:00,8,completed,Longford,IE,Sauna session,1,0
C0288,2025-07-19,55.00,18:00,8,completed,Cavan,IE,Ten-pack,2,0
C0339,2025-07-19,55.00,17:00,8,completed,Belfast,GB,Sauna session,1,0
C0052,2025-07-20,55.00,17:00,8,completed,Cavan,IE,Ten-pack,2,0
C0096,2025-07-20,45.00,20:00,8,completed,Belfast,GB,Private hire,1,0
C0207,2025-07-20,55.00,17:00,8,completed,Cavan,IE,Cold plunge,1,0
C0240,2025-07-20,45.00,14:00,8,completed,Dublin,IE,Sauna session,1,0
C0247,2025-07-20,45.00,14:00,8,completed,Cavan,IE,Ten-pack,1,0
C0268,2025-07-20,45.00,11:00,8,completed,Cavan,IE,Ten-pack,1,0
C0370,2025-07-20,55.00,17:00,8,no_show,Longford,IE,Sauna session,1,0
C0383,2025-07-20,45.00,20:00,8,completed,,,Cold plunge,2,5
C0021,2025-07-21,45.00,20:00,8,completed,Dublin,IE,Cold plunge,1,0
C0056,2025-07-21,55.00,14:00,8,completed,Sligo,IE,Cold plunge,1,0
C0064,2025-07-21,45.00,11:00,8,completed,Longford,IE,Cold plunge,2,0
C0094,2025-07-21,45.00,20:00,8,completed,Sligo,IE,Ten-pack,1,0
C0107,2025-07-21,45.00,11:00,8,completed,Belfast,GB,Sauna session,1,0
C0134,2025-07-21,45.00,17:00,8,completed,Longford,IE,Cold plunge,2,0
C0256,2025-07-21,55.00,11:00,8,completed,Granard,IE,Cold plunge,2,0
C0318,2025-07-21,45.00,20:00,8,completed,Granard,IE,Cold plunge,2,0
C0001,2025-07-22,55.00,20:00,8,completed,Cavan,IE,Private hire,1,0
C0062,2025-07-22,45.00,17:00,8,completed,Dublin,IE,Private hire,1,0
C0063,2025-07-22,55.00,17:00,8,completed,Cavan,IE,Sauna session,1,0
C0225,2025-07-22,45.00,18:00,8,completed,Longford,IE,Private hire,2,0
C0320,2025-07-22,45.00,11:00,8,completed,Granard,IE,Cold plunge,1,0
C0348,2025-07-22,55.00,14:00,8,cancelled,Longford,IE,Private hire,1,0
C0378,2025-07-22,45.00,20:00,8,completed,Granard,IE,Private hire,2,0
C0102,2025-07-23,45.00,11:00,8,completed,Longford,IE,Sauna session,2,0
C0160,2025-07-23,45.00,18:00,8,completed,Belfast,GB,Cold plunge,1,0
C0362,2025-07-23,45.00,11:00,8,completed,Longford,IE,Ten-pack,1,0
C0016,2025-07-24,45.00,14:00,8,completed,,,Private hire,2,0
C0027,2025-07-24,45.00,17:00,8,completed,Granard,IE,Sauna session,2,0
C0055,2025-07-24,55.00,17:00,8,completed,Longford,IE,Ten-pack,2,0
C0090,2025-07-24,55.00,20:00,8,completed,Granard,IE,Cold plunge,1,0
C0095,2025-07-24,45.00,17:00,8,completed,Longford,IE,Private hire,1,0
C0157,2025-07-24,45.00,18:00,8,completed,Longford,IE,Private hire,1,0
C0184,2025-07-24,45.00,11:00,8,cancelled,Longford,IE,Cold plunge,1,0
C0193,2025-07-24,45.00,14:00,8,completed,Cavan,IE,Private hire,1,0
C0350,2025-07-24,45.00,18:00,8,completed,Granard,IE,Ten-pack,2,0
C0013,2025-07-25,45.00,17:00,8,no_show,Granard,IE,Sauna session,1,0
C0051,2025-07-25,45.00,20:00,8,completed,Granard,IE,Ten-pack,2,0
C0110,2025-07-25,45.00,20:00,8,completed,Cavan,IE,Private hire,2,0
C0305,2025-07-25,45.00,14:00,8,completed,Longford,IE,Sauna session,2,0
C0306,2025-07-25,45.00,18:00,8,completed,Longford,IE,Cold plunge,1,0
C0337,2025-07-25,55.00,14:00,8,completed,Nowheresville,IE,Sauna session,1,0
C0367,2025-07-25,55.00,20:00,8,completed,Belfast,GB,Private hire,2,0
C0022,2025-07-26,45.00,17:00,8,completed,,,Sauna session,2,0
C0028,2025-07-26,45.00,14:00,8,completed,Belfast,GB,Private hire,2,5
C0119,2025-07-26,45.00,14:00,8,completed,Longford,IE,Cold plunge,1,0
C0123,2025-07-26,55.00,18:00,8,no_show,Cavan,IE,Sauna session,1,0
C0181,2025-07-26,45.00,18:00,8,completed,Longford,IE,Sauna session,2,0
C0244,2025-07-26,45.00,18:00,8,no_show,Nowheresville,IE,Ten-pack,1,0
C0298,2025-07-26,45.00,14:00,8,completed,Longford,IE,Private hire,2,5
C0312,2025-07-26,45.00,20:00,8,completed,Mullingar,IE,Cold plunge,1,0
C0329,2025-07-26,45.00,14:00,8,cancelled,Cavan,IE,Sauna session,1,0
C0376,2025-07-26,45.00,11:00,8,completed,Longford,IE,Cold plunge,1,0
C0209,2025-07-27,45.00,11:00,8,completed,Belfast,GB,Ten-pack,1,0
C0304,2025-07-27,55.00,17:00,8,completed,Dublin,IE,Private hire,1,0
C0319,2025-07-27,45.00,20:00,8,cancelled,Longford,IE,Ten-pack,2,0
C0399,2025-07-27,45.00,14:00,8,no_show,Granard,IE,Sauna session,1,0
C0019,2025-07-28,55.00,17:00,8,completed,,,Sauna session,1,0
C0358,2025-07-28,45.00,20:00,8,completed,Longford,IE,Ten-pack,2,0
C0361,2025-07-28,45.00,18:00,8,completed,Mullingar,IE,Private hire,2,5
C0015,2025-07-29,45.00,14:00,8,completed,Sligo,IE,Private hire,1,0
C0031,2025-07-29,55.00,17:00,8,completed,Cavan,IE,Cold plunge,1,0
C0194,2025-07-29,45.00,11:00,8,completed,Mullingar,IE,Sauna session,1,0
C0208,2025-07-29,45.00,17:00,8,completed,,,Private hire,2,0
C0336,2025-07-29,55.00,17:00,8,completed,Sligo,IE,Cold plunge,1,0
C0218,2025-07-30,45.00,17:00,8,completed,Granard,IE,Private hire,2,5
C0255,2025-07-30,55.00,20:00,8,completed,Cavan,IE,Ten-pack,2,0
C0285,2025-07-30,45.00,14:00,8,completed,Cavan,IE,Cold plunge,2,0
C0385,2025-07-30,45.00,14:00,8,completed,Longford,IE,Private hire,1,0
C0389,2025-07-30,45.00,20:00,8,cancelled,,,Ten-pack,2,0
C0121,2025-07-31,45.00,14:00,8,completed,Cavan,IE,Sauna session,1,0
C0149,2025-07-31,45.00,18:00,8,completed,Longford,IE,Ten-pack,1,0
C0220,2025-07-31,55.00,14:00,8,completed,Longford,IE,Cold plunge,2,5
C0254,2025-07-31,45.00,20:00,8,completed,Longford,IE,Cold plunge,2,0
C0335,2025-07-31,45.00,18:00,8,no_show,Belfast,GB,Cold plunge,2,0
C0065,2025-08-01,45.00,11:00,8,completed,Longford,IE,Cold plunge,1,0
C0074,2025-08-01,55.00,17:00,8,completed,Cavan,IE,Ten-pack,2,0
C0125,2025-08-01,45.00,14:00,8,cancelled,Longford,IE,Ten-pack,1,0
C0168,2025-08-01,55.00,20:00,8,completed,Longford,IE,Private hire,1,0
C0191,2025-08-01,45.00,11:00,8,no_show,Dublin,IE,Private hire,2,0
C0258,2025-08-01,45.00,20:00,8,completed,Sligo,IE,Cold plunge,1,0
C0398,2025-08-01,45.00,14:00,8,completed,,,Sauna session,1,0
C0083,2025-08-02,45.00,18:00,8,completed,Longford,IE,Ten-pack,1,0
C0198,2025-08-02,55.00,20:00,8,cancelled,Nowheresville,IE,Cold plunge,1,0
C0242,2025-08-02,45.00,14:00,8,completed,Longford,IE,Sauna session,1,5
C0036,2025-08-03,45.00,20:00,8,completed,Granard,IE,Ten-pack,2,0
C0037,2025-08-03,45.00,14:00,8,no_show,Cavan,IE,Cold plunge,1,0
C0179,2025-08-03,45.00,18:00,8,completed,Cavan,IE,Sauna session,2,0
C0351,2025-08-03,45.00,18:00,8,completed,Dublin,IE,Ten-pack,2,0
C0354,2025-08-03,45.00,14:00,8,no_show,Dublin,IE,Cold plunge,1,0
C0360,2025-08-03,55.00,11:00,8,completed,Cavan,IE,Sauna session,2,0
C0392,2025-08-03,55.00,11:00,8,completed,Cavan,IE,Ten-pack,2,0
C0243,2025-08-04,45.00,17:00,8,completed,Cavan,IE,Cold plunge,2,0
C0318,2025-08-04,45.00,20:00,8,completed,Granard,IE,Cold plunge,2,0
C0387,2025-08-04,45.00,20:00,8,cancelled,Longford,IE,Sauna session,1,0
C0001,2025-08-05,45.00,20:00,8,completed,Cavan,IE,Private hire,1,0
C0120,2025-08-05,55.00,14:00,8,completed,Belfast,GB,Private hire,2,0
C0158,2025-08-05,55.00,18:00,8,completed,Longford,IE,Sauna session,1,5
C0165,2025-08-05,45.00,18:00,8,no_show,Longford,IE,Cold plunge,2,0
C0238,2025-08-05,45.00,20:00,8,completed,,,Sauna session,1,0
C0280,2025-08-05,45.00,17:00,8,completed,Longford,IE,Cold plunge,1,0
C0348,2025-08-05,55.00,14:00,8,completed,Longford,IE,Private hire,1,0
C0382,2025-08-05,55.00,17:00,8,completed,Mullingar,IE,Sauna session,2,0
C0388,2025-08-05,45.00,20:00,8,completed,Granard,IE,Cold plunge,2,0
C0045,2025-08-06,55.00,18:00,8,completed,Granard,IE,Cold plunge,1,0
C0102,2025-08-06,45.00,11:00,8,cancelled,Longford,IE,Sauna session,2,0
C0112,2025-08-06,45.00,17:00,8,completed,Granard,IE,Private hire,2,0
C0127,2025-08-06,45.00,20:00,8,completed,Longford,IE,Private hire,1,5
C0188,2025-08-06,45.00,20:00,8,completed,,,Ten-pack,1,0
C0192,2025-08-06,45.00,11:00,8,completed,,,Ten-pack,2,0
C0249,2025-08-06,45.00,18:00,8,completed,Cavan,IE,Private hire,1,0
C0278,2025-08-06,45.00,11:00,8,completed,Sligo,IE,Sauna session,1,0
C0314,2025-08-06,45.00,20:00,8,no_show,Longford,IE,Private hire,2,0
C0362,2025-08-06,45.00,11:00,8,completed,Longford,IE,Ten-pack,1,0
C0016,2025-08-07,45.00,14:00,8,cancelled,,,Private hire,2,0
C0157,2025-08-07,45.00,18:00,8,completed,Longford,IE,Private hire,1,0
C0159,2025-08-07,45.00,14:00,8,completed,Longford,IE,Sauna session,1,0
C0216,2025-08-07,45.00,18:00,8,completed,Nowheresville,IE,Sauna session,2,0
C0231,2025-08-07,45.00,18:00,8,completed,Sligo,IE,Private hire,1,0
C0279,2025-08-07,55.00,20:00,8,cancelled,Longford,IE,Sauna session,1,0
C0297,2025-08-07,45.00,14:00,8,completed,Nowheresville,IE,Sauna session,2,0
C0344,2025-08-07,45.00,11:00,8,completed,Dublin,IE,Sauna session,1,0
C0350,2025-08-07,45.00,18:00,8,completed,Granard,IE,Ten-pack,2,0
C0006,2025-08-08,55.00,17:00,8,completed,Dublin,IE,Sauna session,1,5
C0013,2025-08-08,55.00,17:00,8,completed,Granard,IE,Sauna session,1,0
C0051,2025-08-08,45.00,20:00,8,completed,Granard,IE,Ten-pack,2,0
C0172,2025-08-08,45.00,11:00,8,completed,Granard,IE,Private hire,1,0
C0177,2025-08-08,45.00,18:00,8,no_show,Longford,IE,Sauna session,1,0
C0259,2025-08-08,45.00,17:00,8,cancelled,Mullingar,IE,Cold plunge,2,5
C0028,2025-08-09,55.00,14:00,8,completed,Belfast,GB,Private hire,2,5
C0082,2025-08-09,45.00,14:00,8,completed,Longford,IE,Private hire,1,0
C0228,2025-08-09,45.00,11:00,8,completed,Granard,IE,Ten-pack,2,0
C0244,2025-08-09,55.00,18:00,8,completed,Nowheresville,IE,Ten-pack,1,0
C0349,2025-08-09,45.00,20:00,8,completed,Dublin,IE,Ten-pack,1,0
C0077,2025-08-10,45.00,14:00,8,completed,Dublin,IE,Sauna session,1,5
C0207,2025-08-10,45.00,17:00,8,completed,Cavan,IE,Cold plunge,1,0
C0267,2025-08-10,45.00,20:00,8,completed,Nowheresville,IE,Ten-pack,2,0
C0268,2025-08-10,45.00,11:00,8,completed,Cavan,IE,Ten-pack,1,0
C0327,2025-08-10,45.00,14:00,8,completed,Dublin,IE,Sauna session,1,0
C0333,2025-08-10,45.00,18:00,8,completed,,,Sauna session,1,0
C0370,2025-08-10,45.00,17:00,8,completed,Longford,IE,Sauna session,1,0
C0383,2025-08-10,45.00,20:00,8,completed,,,Cold plunge,2,5
C0399,2025-08-10,55.00,14:00,8,completed,Granard,IE,Sauna session,1,0
C0021,2025-08-11,45.00,20:00,8,completed,Dublin,IE,Cold plunge,1,0
C0032,2025-08-11,45.00,18:00,8,completed,Nowheresville,IE,Private hire,1,0
C0056,2025-08-11,45.00,14:00,8,completed,Sligo,IE,Cold plunge,1,0
C0107,2025-08-11,45.00,11:00,8,completed,Belfast,GB,Sauna session,1,0
C0134,2025-08-11,45.00,17:00,8,completed,Longford,IE,Cold plunge,2,0
C0182,2025-08-11,55.00,17:00,8,completed,Longford,IE,Private hire,1,0
C0256,2025-08-11,55.00,11:00,8,completed,Granard,IE,Cold plunge,2,0
C0380,2025-08-11,45.00,11:00,8,completed,Cavan,IE,Sauna session,1,0
C0194,2025-08-12,55.00,11:00,8,completed,Mullingar,IE,Sauna session,1,0
C0215,2025-08-12,45.00,17:00,8,no_show,Longford,IE,Ten-pack,2,0
C0225,2025-08-12,45.00,18:00,8,completed,Longford,IE,Private hire,2,0
C0265,2025-08-12,45.00,17:00,8,completed,Belfast,GB,Private hire,1,0
C0320,2025-08-12,45.00,11:00,8,completed,Granard,IE,Cold plunge,1,0
C0336,2025-08-12,45.00,17:00,8,completed,Sligo,IE,Cold plunge,1,0
C0378,2025-08-12,55.00,20:00,8,completed,Granard,IE,Private hire,2,0
C0255,2025-08-13,55.00,20:00,8,completed,Cavan,IE,Ten-pack,2,0
C0285,2025-08-13,55.00,14:00,8,completed,Cavan,IE,Cold plunge,2,0
C0389,2025-08-13,45.00,20:00,8,completed,,,Ten-pack,2,0
C0005,2025-08-14,45.00,14:00,8,no_show,,,Cold plunge,1,0
C0055,2025-08-14,45.00,17:00,8,completed,Longford,IE,Ten-pack,2,0
C0090,2025-08-14,45.00,20:00,8,completed,Granard,IE,Cold plunge,1,0
C0095,2025-08-14,55.00,17:00,8,completed,Longford,IE,Private hire,1,0
C0098,2025-08-14,45.00,17:00,8,completed,Cavan,IE,Ten-pack,2,0
C0121,2025-08-14,45.00,14:00,8,completed,Cavan,IE,Sauna session,1,0
C0148,2025-08-14,45.00,20:00,8,completed,Longford,IE,Sauna session,2,0
C0193,2025-08-14,45.00,14:00,8,completed,Cavan,IE,Private hire,1,0
C0203,2025-08-14,45.00,18:00,8,completed,Cavan,IE,Ten-pack,2,0
C0377,2025-08-14,45.00,20:00,8,completed,Longford,IE,Sauna session,2,0
C0071,2025-08-15,45.00,20:00,8,completed,Granard,IE,Sauna session,1,0
C0074,2025-08-15,45.00,17:00,8,completed,Cavan,IE,Ten-pack,2,0
C0110,2025-08-15,55.00,20:00,8,completed,Cavan,IE,Private hire,2,0
C0204,2025-08-15,45.00,18:00,8,completed,Cavan,IE,Private hire,2,5
C0258,2025-08-15,55.00,20:00,8,completed,Sligo,IE,Cold plunge,1,0
C0281,2025-08-15,45.00,14:00,8,completed,Longford,IE,Private hire,1,5
C0306,2025-08-15,45.00,18:00,8,completed,Longford,IE,Cold plunge,1,0
C0337,2025-08-15,45.00,14:00,8,completed,Nowheresville,IE,Sauna session,1,0
C0367,2025-08-15,45.00,20:00,8,completed,Belfast,GB,Private hire,2,0
C0398,2025-08-15,55.00,14:00,8,completed,,,Sauna session,1,0
C0123,2025-08-16,45.00,18:00,8,completed,Cavan,IE,Sauna session,1,0
C0196,2025-08-16,45.00,11:00,8,completed,Longford,IE,Ten-pack,2,0
C0222,2025-08-16,45.00,14:00,8,completed,Longford,IE,Private hire,1,0
C0242,2025-08-16,55.00,14:00,8,completed,Longford,IE,Sauna session,1,5
C0298,2025-08-16,55.00,14:00,8,completed,Longford,IE,Private hire,2,5
C0312,2025-08-16,55.00,20:00,8,completed,Mullingar,IE,Cold plunge,1,0
C0352,2025-08-16,45.00,18:00,8,completed,Mullingar,IE,Ten-pack,1,5
C0052,2025-08-17,45.00,17:00,8,completed,Cavan,IE,Ten-pack,2,0
C0143,2025-08-17,45.00,14:00,8,completed,Sligo,IE,Ten-pack,1,0
C0209,2025-08-17,45.00,11:00,8,completed,Belfast,GB,Ten-pack,1,0
C0351,2025-08-17,55.00,18:00,8,completed,Dublin,IE,Ten-pack,2,0
C0354,2025-08-17,45.00,14:00,8,no_show,Dublin,IE,Cold plunge,1,0
C0357,2025-08-17,45.00,18:00,8,completed,Granard,IE,Ten-pack,1,0
C0064,2025-08-18,45.00,11:00,8,completed,Longford,IE,Cold plunge,2,0
C0097,2025-08-18,45.00,11:00,8,completed,Longford,IE,Cold plunge,2,0
C0229,2025-08-18,45.00,11:00,8,completed,Granard,IE,Cold plunge,2,0
C0318,2025-08-18,45.00,20:00,8,completed,Granard,IE,Cold plunge,2,0
C0001,2025-08-19,45.00,20:00,8,completed,Cavan,IE,Private hire,1,0
C0031,2025-08-19,45.00,17:00,8,completed,Cavan,IE,Cold plunge,1,0
C0208,2025-08-19,45.00,17:00,8,completed,,,Private hire,2,0
C0238,2025-08-19,45.00,20:00,8,completed,,,Sauna session,1,0
C0280,2025-08-19,45.00,17:00,8,completed,Longford,IE,Cold plunge,1,0
C0160,2025-08-20,45.00,18:00,8,completed,Belfast,GB,Cold plunge,1,0
C0192,2025-08-20,45.00,11:00,8,completed,,,Ten-pack,2,0
C0197,2025-08-20,45.00,14:00,8,completed,Mullingar,IE,Sauna session,2,0
C0249,2025-08-20,45.00,18:00,8,completed,Cavan,IE,Private hire,1,0
C0362,2025-08-20,55.00,11:00,8,completed,Longford,IE,Ten-pack,1,0
C0385,2025-08-20,45.00,14:00,8,completed,Longford,IE,Private hire,1,0
C0016,2025-08-21,45.00,14:00,8,completed,,,Private hire,2,0
C0157,2025-08-21,45.00,18:00,8,completed,Longford,IE,Private hire,1,0
C0159,2025-08-21,45.00,14:00,8,completed,Longford,IE,Sauna session,1,0
C0216,2025-08-21,55.00,18:00,8,completed,Nowheresville,IE,Sauna session,2,0
C0254,2025-08-21,55.00,20:00,8,completed,Longford,IE,Cold plunge,2,0
C0344,2025-08-21,45.00,11:00,8,completed,Dublin,IE,Sauna session,1,0
C0350,2025-08-21,45.00,18:00,8,completed,Granard,IE,Ten-pack,2,0
C0085,2025-08-22,45.00,18:00,8,completed,Sligo,IE,Ten-pack,1,0
C0168,2025-08-22,45.00,20:00,8,completed,Longford,IE,Private hire,1,0
C0191,2025-08-22,45.00,11:00,8,completed,Dublin,IE,Private hire,2,0
C0305,2025-08-22,45.00,14:00,8,completed,Longford,IE,Sauna session,2,0
C0022,2025-08-23,45.00,17:00,8,completed,,,Sauna session,2,0
C0044,2025-08-23,55.00,18:00,8,completed,Sligo,IE,Cold plunge,1,0
C0126,2025-08-23,45.00,18:00,8,completed,Longford,IE,Sauna session,2,5
C0234,2025-08-23,45.00,20:00,8,completed,Cavan,IE,Sauna session,1,0
C0244,2025-08-23,55.00,18:00,8,completed,Nowheresville,IE,Ten-pack,1,0
C0329,2025-08-23,55.00,14:00,8,completed,Cavan,IE,Sauna session,1,0
C0338,2025-08-23,45.00,20:00,8,completed,Cavan,IE,Ten-pack,2,5
C0371,2025-08-23,55.00,11:00,8,completed,Cavan,IE,Sauna session,1,0
C0396,2025-08-23,55.00,18:00,8,completed,Longford,IE,Cold plunge,1,0
C0096,2025-08-24,45.00,20:00,8,completed,Belfast,GB,Private hire,1,0
C0207,2025-08-24,55.00,17:00,8,completed,Cavan,IE,Cold plunge,1,0
C0304,2025-08-24,45.00,17:00,8,completed,Dublin,IE,Private hire,1,0
C0360,2025-08-24,45.00,11:00,8,completed,Cavan,IE,Sauna session,2,0
C0399,2025-08-24,45.00,14:00,8,cancelled,Granard,IE,Sauna session,1,0
C0135,2025-08-25,45.00,20:00,8,completed,Longford,IE,Sauna session,1,5
C0358,2025-08-25,45.00,20:00,8,completed,Longford,IE,Ten-pack,2,0
C0368,2025-08-25,45.00,17:00,8,completed,Mullingar,IE,Ten-pack,2,0
C0053,2025-08-26,45.00,14:00,8,completed,Granard,IE,Private hire,2,0
C0158,2025-08-26,55.00,18:00,8,completed,Longford,IE,Sauna session,1,5
C0161,2025-08-26,55.00,14:00,8,completed,Sligo,IE,Private hire,1,0
C0167,2025-08-26,55.00,20:00,8,completed,Granard,IE,Sauna session,2,0
C0194,2025-08-26,45.00,11:00,8,completed,Mullingar,IE,Sauna session,1,0
C0301,2025-08-26,45.00,14:00,8,completed,Granard,IE,Ten-pack,2,0
C0336,2025-08-26,45.00,17:00,8,completed,Sligo,IE,Cold plunge,1,0
C0348,2025-08-26,45.00,14:00,8,completed,Longford,IE,Private hire,1,0
C0378,2025-08-26,45.00,20:00,8,completed,Granard,IE,Private hire,2,0
C0382,2025-08-26,45.00,17:00,8,completed,Mullingar,IE,Sauna session,2,0
C0023,2025-08-27,45.00,18:00,8,completed,Granard,IE,Cold plunge,2,0
C0102,2025-08-27,45.00,11:00,8,completed,Longford,IE,Sauna session,2,0
C0112,2025-08-27,45.00,17:00,8,completed,Granard,IE,Private hire,2,0
C0188,2025-08-27,45.00,20:00,8,completed,,,Ten-pack,1,0
C0255,2025-08-27,55.00,20:00,8,completed,Cavan,IE,Ten-pack,2,0
C0278,2025-08-27,45.00,11:00,8,completed,Sligo,IE,Sauna session,1,0
C0285,2025-08-27,45.00,14:00,8,no_show,Cavan,IE,Cold plunge,2,0
C0314,2025-08-27,45.00,20:00,8,completed,Longford,IE,Private hire,2,0
C0389,2025-08-27,55.00,20:00,8,completed,,,Ten-pack,2,0
C0121,2025-08-28,45.00,14:00,8,completed,Cavan,IE,Sauna session,1,0
C0149,2025-08-28,55.00,18:00,8,no_show,Longford,IE,Ten-pack,1,0
C0175,2025-08-28,45.00,20:00,8,completed,Cavan,IE,Ten-pack,2,0
C0231,2025-08-28,55.00,18:00,8,completed,Sligo,IE,Private hire,1,0
C0013,2025-08-29,45.00,17:00,8,no_show,Granard,IE,Sauna session,1,0
C0051,2025-08-29,45.00,20:00,8,completed,Granard,IE,Ten-pack,2,0
C0061,2025-08-29,45.00,20:00,8,completed,Granard,IE,Cold plunge,2,5
C0125,2025-08-29,45.00,14:00,8,completed,Longford,IE,Ten-pack,1,0
C0259,2025-08-29,45.00,17:00,8,completed,Mullingar,IE,Cold plunge,2,5
C0306,2025-08-29,45.00,18:00,8,completed,Longford,IE,Cold plunge,1,0
C0324,2025-08-29,45.00,18:00,8,completed,Granard,IE,Ten-pack,1,0
C0337,2025-08-29,55.00,14:00,8,completed,Nowheresville,IE,Sauna session,1,0
C0367,2025-08-29,55.00,20:00,8,completed,Belfast,GB,Private hire,2,0
C0398,2025-08-29,45.00,14:00,8,completed,,,Sauna session,1,0
C0028,2025-08-30,45.00,14:00,8,completed,Belfast,GB,Private hire,2,5
C0113,2025-08-30,45.00,14:00,8,completed,Belfast,GB,Sauna session,2,0
C0119,2025-08-30,45.00,14:00,8,completed,Longford,IE,Cold plunge,1,0
C0286,2025-08-30,55.00,11:00,8,cancelled,Longford,IE,Sauna session,1,0
C0288,2025-08-30,45.00,18:00,8,completed,Cavan,IE,Ten-pack,2,0
C0291,2025-08-30,55.00,11:00,8,completed,Longford,IE,Private hire,2,0
C0298,2025-08-30,45.00,14:00,8,completed,Longford,IE,Private hire,2,5
SQUEEZED,2025-08-30,45.00,18:00,8,completed,Longford,IE,Sauna session,1,0
C0240,2025-08-31,45.00,14:00,8,completed,Dublin,IE,Sauna session,1,0
C0268,2025-08-31,45.00,11:00,8,completed,Cavan,IE,Ten-pack,1,0
C0351,2025-08-31,45.00,18:00,8,completed,Dublin,IE,Ten-pack,2,0
C0383,2025-08-31,45.00,20:00,8,completed,,,Cold plunge,2,5
C0392,2025-08-31,45.00,11:00,8,cancelled,Cavan,IE,Ten-pack,2,0
C0021,2025-09-01,55.00,20:00,8,completed,Dublin,IE,Cold plunge,1,0
C0107,2025-09-01,45.00,11:00,8,completed,Belfast,GB,Sauna session,1,0
C0134,2025-09-01,45.00,17:00,8,completed,Longford,IE,Cold plunge,2,0
C0256,2025-09-01,45.00,11:00,8,completed,Granard,IE,Cold plunge,2,0
C0289,2025-09-01,45.00,11:00,8,completed,Dublin,IE,Private hire,2,0
C0345,2025-09-01,45.00,11:00,8,completed,Longford,IE,Cold plunge,1,0
C0361,2025-09-01,45.00,18:00,8,completed,Mullingar,IE,Private hire,2,5
C0387,2025-09-01,45.00,20:00,8,completed,Longford,IE,Sauna session,1,0
C0001,2025-09-02,55.00,20:00,8,completed,Cavan,IE,Private hire,1,0
C0043,2025-09-02,45.00,14:00,8,no_show,Mullingar,IE,Cold plunge,1,0
C0062,2025-09-02,45.00,17:00,8,completed,Dublin,IE,Private hire,1,0
C0165,2025-09-02,45.00,18:00,8,completed,Longford,IE,Cold plunge,2,0
C0185,2025-09-02,45.00,18:00,8,completed,Mullingar,IE,Sauna session,1,0
C0208,2025-09-02,55.00,17:00,8,completed,,,Private hire,2,0
C0225,2025-09-02,45.00,18:00,8,completed,Longford,IE,Private hire,2,0
C0238,2025-09-02,45.00,20:00,8,completed,,,Sauna session,1,0
C0320,2025-09-02,45.00,11:00,8,completed,Granard,IE,Cold plunge,1,0
C0045,2025-09-03,45.00,18:00,8,no_show,Granard,IE,Cold plunge,1,0
C0218,2025-09-03,45.00,17:00,8,cancelled,Granard,IE,Private hire,2,5
C0309,2025-09-03,45.00,18:00,8,completed,,,Sauna session,1,0
C0362,2025-09-03,45.00,11:00,8,completed,Longford,IE,Ten-pack,1,0
C0027,2025-09-04,45.00,17:00,8,completed,Granard,IE,Sauna session,2,0
C0055,2025-09-04,45.00,17:00,8,completed,Longford,IE,Ten-pack,2,0
C0090,2025-09-04,45.00,20:00,8,completed,Granard,IE,Cold plunge,1,0
C0095,2025-09-04,45.00,17:00,8,completed,Longford,IE,Private hire,1,0
C0193,2025-09-04,45.00,14:00,8,completed,Cavan,IE,Private hire,1,0
C0252,2025-09-04,45.00,14:00,8,completed,Mullingar,IE,Cold plunge,2,0
C0266,2025-09-04,55.00,18:00,8,completed,Dublin,IE,Sauna session,1,0
C0279,2025-09-04,45.00,20:00,8,completed,Longford,IE,Sauna session,1,0
C0335,2025-09-04,45.00,18:00,8,completed,Belfast,GB,Cold plunge,2,0
C0344,2025-09-04,45.00,11:00,8,completed,Dublin,IE,Sauna session,1,0
C0006,2025-09-05,55.00,17:00,8,completed,Dublin,IE,Sauna session,1,5
C0010,2025-09-05,45.00,18:00,8,completed,Longford,IE,Private hire,2,0
C0074,2025-09-05,55.00,17:00,8,completed,Cavan,IE,Ten-pack,2,0
C0078,2025-09-05,45.00,18:00,8,completed,,,Sauna session,1,0
C0110,2025-09-05,45.00,20:00,8,completed,Cavan,IE,Private hire,2,0
C0258,2025-09-05,45.00,20:00,8,completed,Sligo,IE,Cold plunge,1,0
C0106,2025-09-06,55.00,18:00,8,completed,Dublin,IE,Private hire,1,0
C0123,2025-09-06,45.00,18:00,8,completed,Cavan,IE,Sauna session,1,0
C0242,2025-09-06,45.00,14:00,8,completed,Longford,IE,Sauna session,1,5
C0312,2025-09-06,45.00,20:00,8,completed,Mullingar,IE,Cold plunge,1,0
C0349,2025-09-06,45.00,20:00,8,completed,Dublin,IE,Ten-pack,1,0
C0376,2025-09-06,45.00,11:00,8,cancelled,Longford,IE,Cold plunge,1,0
C0207,2025-09-07,55.00,17:00,8,completed,Cavan,IE,Cold plunge,1,0
C0209,2025-09-07,45.00,11:00,8,completed,Belfast,GB,Ten-pack,1,0
C0327,2025-09-07,55.00,14:00,8,completed,Dublin,IE,Sauna session,1,0
C0334,2025-09-07,45.00,18:00,8,completed,Longford,IE,Cold plunge,1,0
C0354,2025-09-07,45.00,14:00,8,completed,Dublin,IE,Cold plunge,1,0
C0370,2025-09-07,45.00,17:00,8,completed,Longford,IE,Sauna session,1,0
C0133,2025-09-08,45.00,20:00,8,completed,Longford,IE,Cold plunge,2,0
C0135,2025-09-08,45.00,20:00,8,completed,Longford,IE,Sauna session,1,5
C0182,2025-09-08,45.00,17:00,8,completed,Longford,IE,Private hire,1,0
C0318,2025-09-08,45.00,20:00,8,completed,Granard,IE,Cold plunge,2,0
C0015,2025-09-09,45.00,14:00,8,completed,Sligo,IE,Private hire,1,0
C0031,2025-09-09,45.00,17:00,8,completed,Cavan,IE,Cold plunge,1,0
C0120,2025-09-09,45.00,14:00,8,no_show,Belfast,GB,Private hire,2,0
C0158,2025-09-09,55.00,18:00,8,completed,Longford,IE,Sauna session,1,5
C0215,2025-09-09,45.00,17:00,8,completed,Longford,IE,Ten-pack,2,0
C0226,2025-09-09,45.00,18:00,8,completed,Granard,IE,Private hire,1,0
C0280,2025-09-09,45.00,17:00,8,completed,Longford,IE,Cold plunge,1,0
C0348,2025-09-09,55.00,14:00,8,completed,Longford,IE,Private hire,1,0
C0192,2025-09-10,45.00,11:00,8,completed,,,Ten-pack,2,0
C0249,2025-09-10,55.00,18:00,8,completed,Cavan,IE,Private hire,1,0
C0255,2025-09-10,45.00,20:00,8,completed,Cavan,IE,Ten-pack,2,0
C0261,2025-09-10,55.00,20:00,8,completed,Dublin,IE,Sauna session,1,0
C0278,2025-09-10,55.00,11:00,8,cancelled,Sligo,IE,Sauna session,1,0
C0314,2025-09-10,45.00,20:00,8,completed,Longford,IE,Private hire,2,0
C0385,2025-09-10,55.00,14:00,8,completed,Longford,IE,Private hire,1,0
C0005,2025-09-11,45.00,14:00,8,completed,,,Cold plunge,1,0
C0016,2025-09-11,45.00,14:00,8,completed,,,Private hire,2,0
C0030,2025-09-11,55.00,14:00,8,completed,Longford,IE,Private hire,1,0
C0121,2025-09-11,45.00,14:00,8,completed,Cavan,IE,Sauna session,1,0
C0157,2025-09-11,45.00,18:00,8,completed,Longford,IE,Private hire,1,0
C0159,2025-09-11,45.00,14:00,8,completed,Longford,IE,Sauna session,1,0
C0216,2025-09-11,45.00,18:00,8,completed,Nowheresville,IE,Sauna session,2,0
C0254,2025-09-11,45.00,20:00,8,completed,Longford,IE,Cold plunge,2,0
C0297,2025-09-11,45.00,14:00,8,completed,Nowheresville,IE,Sauna session,2,0
C0350,2025-09-11,45.00,18:00,8,no_show,Granard,IE,Ten-pack,2,0
C0168,2025-09-12,55.00,20:00,8,completed,Longford,IE,Private hire,1,0
C0191,2025-09-12,45.00,11:00,8,completed,Dublin,IE,Private hire,2,0
C0281,2025-09-12,55.00,14:00,8,completed,Longford,IE,Private hire,1,5
C0306,2025-09-12,45.00,18:00,8,completed,Longford,IE,Cold plunge,1,0
C0367,2025-09-12,55.00,20:00,8,completed,Belfast,GB,Private hire,2,0
C0398,2025-09-12,45.00,14:00,8,completed,,,Sauna session,1,0
C0009,2025-09-13,55.00,20:00,8,completed,Longford,IE,Sauna session,1,0
C0028,2025-09-13,45.00,14:00,8,no_show,Belfast,GB,Private hire,2,5
C0044,2025-09-13,45.00,18:00,8,completed,Sligo,IE,Cold plunge,1,0
C0198,2025-09-13,45.00,20:00,8,completed,Nowheresville,IE,Cold plunge,1,0
C0244,2025-09-13,45.00,18:00,8,completed,Nowheresville,IE,Ten-pack,1,0
C0298,2025-09-13,45.00,14:00,8,completed,Longford,IE,Private hire,2,5
C0347,2025-09-13,55.00,20:00,8,completed,Longford,IE,Cold plunge,1,0
C0371,2025-09-13,45.00,11:00,8,completed,Cavan,IE,Sauna session,1,0
SQUEEZED,2025-09-13,45.00,18:00,8,completed,Longford,IE,Sauna session,1,0
C0007,2025-09-14,45.00,14:00,8,completed,Dublin,IE,Sauna session,1,0
C0037,2025-09-14,45.00,14:00,8,cancelled,Cavan,IE,Cold plunge,1,0
C0058,2025-09-14,45.00,18:00,8,completed,,,Cold plunge,1,5
C0086,2025-09-14,45.00,17:00,8,cancelled,,,Private hire,1,5
C0143,2025-09-14,55.00,14:00,8,completed,Sligo,IE,Ten-pack,1,0
C0174,2025-09-14,45.00,11:00,8,completed,Belfast,GB,Ten-pack,1,0
C0179,2025-09-14,45.00,18:00,8,no_show,Cavan,IE,Sauna session,2,0
C0205,2025-09-14,45.00,20:00,8,completed,Longford,IE,Sauna session,1,5
C0267,2025-09-14,45.00,20:00,8,completed,Nowheresville,IE,Ten-pack,2,0
C0282,2025-09-14,55.00,20:00,8,cancelled,Granard,IE,Sauna session,1,0
C0292,2025-09-14,45.00,20:00,8,cancelled,Mullingar,IE,Sauna session,2,0
C0319,2025-09-14,55.00,20:00,8,completed,Longford,IE,Ten-pack,2,0
C0333,2025-09-14,45.00,18:00,8,completed,,,Sauna session,1,0
C0351,2025-09-14,45.00,18:00,8,completed,Dublin,IE,Ten-pack,2,0
C0360,2025-09-14,45.00,11:00,8,completed,Cavan,IE,Sauna session,2,0
C0383,2025-09-14,45.00,20:00,8,cancelled,,,Cold plunge,2,5
C0399,2025-09-14,55.00,14:00,8,completed,Granard,IE,Sauna session,1,0
C0019,2025-09-15,45.00,17:00,8,completed,,,Sauna session,1,0
C0064,2025-09-15,45.00,11:00,8,no_show,Longford,IE,Cold plunge,2,0
C0079,2025-09-15,55.00,20:00,8,completed,Cavan,IE,Private hire,1,0
C0134,2025-09-15,45.00,17:00,8,completed,Longford,IE,Cold plunge,2,0
C0137,2025-09-15,45.00,14:00,8,completed,Cavan,IE,Ten-pack,1,0
C0146,2025-09-15,45.00,11:00,8,completed,Longford,IE,Cold plunge,1,0
C0332,2025-09-15,45.00,18:00,8,completed,Mullingar,IE,Ten-pack,2,0
C0345,2025-09-15,45.00,11:00,8,completed,Longford,IE,Cold plunge,1,0
C0008,2025-09-16,45.00,14:00,8,completed,Dublin,IE,Sauna session,2,0
C0194,2025-09-16,45.00,11:00,8,completed,Mullingar,IE,Sauna session,1,0
C0208,2025-09-16,45.00,17:00,8,completed,,,Private hire,2,0
C0265,2025-09-16,45.00,17:00,8,completed,Belfast,GB,Private hire,1,0
C0336,2025-09-16,55.00,17:00,8,completed,Sligo,IE,Cold plunge,1,0
C0378,2025-09-16,45.00,20:00,8,completed,Granard,IE,Private hire,2,0
C0391,2025-09-16,45.00,11:00,8,completed,Longford,IE,Sauna session,2,0
C0102,2025-09-17,45.00,11:00,8,completed,Longford,IE,Sauna session,2,0
C0112,2025-09-17,45.00,17:00,8,completed,Granard,IE,Private hire,2,0
C0160,2025-09-17,45.00,18:00,8,completed,Belfast,GB,Cold plunge,1,0
C0285,2025-09-17,45.00,14:00,8,completed,Cavan,IE,Cold plunge,2,0
C0309,2025-09-17,45.00,18:00,8,completed,,,Sauna session,1,0
C0389,2025-09-17,45.00,20:00,8,completed,,,Ten-pack,2,0
C0090,2025-09-18,45.00,20:00,8,cancelled,Granard,IE,Cold plunge,1,0
C0193,2025-09-18,55.00,14:00,8,completed,Cavan,IE,Private hire,1,0
C0231,2025-09-18,45.00,18:00,8,completed,Sligo,IE,Private hire,1,0
C0013,2025-09-19,45.00,17:00,8,cancelled,Granard,IE,Sauna session,1,0
C0051,2025-09-19,45.00,20:00,8,completed,Granard,IE,Ten-pack,2,0
C0074,2025-09-19,45.00,17:00,8,completed,Cavan,IE,Ten-pack,2,0
C0085,2025-09-19,45.00,18:00,8,completed,Sligo,IE,Ten-pack,1,0
C0110,2025-09-19,55.00,20:00,8,completed,Cavan,IE,Private hire,2,0
C0258,2025-09-19,55.00,20:00,8,completed,Sligo,IE,Cold plunge,1,0
C0259,2025-09-19,45.00,17:00,8,completed,Mullingar,IE,Cold plunge,2,5
C0337,2025-09-19,45.00,14:00,8,completed,Nowheresville,IE,Sauna session,1,0
C0022,2025-09-20,45.00,17:00,8,no_show,,,Sauna session,2,0
C0042,2025-09-20,55.00,20:00,8,no_show,Longford,IE,Ten-pack,1,0
C0123,2025-09-20,45.00,18:00,8,completed,Cavan,IE,Sauna session,1,0
C0181,2025-09-20,45.00,18:00,8,completed,Longford,IE,Sauna session,2,0
C0196,2025-09-20,45.00,11:00,8,completed,Longford,IE,Ten-pack,2,0
C0210,2025-09-20,45.00,18:00,8,completed,Belfast,GB,Cold plunge,2,0
C0004,2025-09-21,55.00,18:00,8,completed,Granard,IE,Ten-pack,1,0
C0108,2025-09-21,45.00,14:00,8,completed,Cavan,IE,Cold plunge,2,0
C0268,2025-09-21,45.00,11:00,8,completed,Cavan,IE,Ten-pack,1,0
C0304,2025-09-21,45.00,17:00,8,completed,Dublin,IE,Private hire,1,0
C0334,2025-09-21,55.00,18:00,8,completed,Longford,IE,Cold plunge,1,0
C0021,2025-09-22,55.00,20:00,8,completed,Dublin,IE,Cold plunge,1,0
C0056,2025-09-22,45.00,14:00,8,completed,Sligo,IE,Cold plunge,1,0
C0107,2025-09-22,45.00,11:00,8,completed,Belfast,GB,Sauna session,1,0
C0135,2025-09-22,45.00,20:00,8,cancelled,Longford,IE,Sauna session,1,5
C0256,2025-09-22,55.00,11:00,8,completed,Granard,IE,Cold plunge,2,0
C0289,2025-09-22,45.00,11:00,8,completed,Dublin,IE,Private hire,2,0
C0296,2025-09-22,55.00,17:00,8,completed,Longford,IE,Private hire,1,0
C0358,2025-09-22,45.00,20:00,8,completed,Longford,IE,Ten-pack,2,0
C0001,2025-09-23,45.00,20:00,8,completed,Cavan,IE,Private hire,1,0
C0012,2025-09-23,45.00,18:00,8,completed,Mullingar,IE,Ten-pack,2,0
C0155,2025-09-23,45.00,17:00,8,completed,Nowheresville,IE,Cold plunge,1,0
C0225,2025-09-23,45.00,18:00,8,completed,Longford,IE,Private hire,2,0
C0238,2025-09-23,45.00,20:00,8,no_show,,,Sauna session,1,0
C0301,2025-09-23,45.00,14:00,8,completed,Granard,IE,Ten-pack,2,0
C0320,2025-09-23,55.00,11:00,8,completed,Granard,IE,Cold plunge,1,0
C0348,2025-09-23,55.00,14:00,8,completed,Longford,IE,Private hire,1,0
C0388,2025-09-23,45.00,20:00,8,completed,Granard,IE,Cold plunge,2,0
C0192,2025-09-24,55.00,11:00,8,completed,,,Ten-pack,2,0
C0362,2025-09-24,45.00,11:00,8,no_show,Longford,IE,Ten-pack,1,0
C0366,2025-09-24,45.00,11:00,8,completed,Longford,IE,Sauna session,1,0
C0016,2025-09-25,45.00,14:00,8,completed,,,Private hire,2,0
C0027,2025-09-25,55.00,17:00,8,completed,Granard,IE,Sauna session,2,0
C0055,2025-09-25,55.00,17:00,8,completed,Longford,IE,Ten-pack,2,0
C0095,2025-09-25,45.00,17:00,8,completed,Longford,IE,Private hire,1,0
C0148,2025-09-25,55.00,20:00,8,completed,Longford,IE,Sauna session,2,0
C0157,2025-09-25,55.00,18:00,8,completed,Longford,IE,Private hire,1,0
C0159,2025-09-25,45.00,14:00,8,completed,Longford,IE,Sauna session,1,0
C0344,2025-09-25,45.00,11:00,8,completed,Dublin,IE,Sauna session,1,0
C0350,2025-09-25,45.00,18:00,8,completed,Granard,IE,Ten-pack,2,0
C0071,2025-09-26,45.00,20:00,8,completed,Granard,IE,Sauna session,1,0
C0081,2025-09-26,45.00,11:00,8,completed,Granard,IE,Sauna session,1,5
C0125,2025-09-26,55.00,14:00,8,completed,Longford,IE,Ten-pack,1,0
C0172,2025-09-26,45.00,11:00,8,cancelled,Granard,IE,Private hire,1,0
C0306,2025-09-26,45.00,18:00,8,completed,Longford,IE,Cold plunge,1,0
C0367,2025-09-26,45.00,20:00,8,completed,Belfast,GB,Private hire,2,0
C0393,2025-09-26,45.00,11:00,8,completed,Belfast,GB,Private hire,2,0
C0025,2025-09-27,55.00,20:00,8,cancelled,Longford,IE,Cold plunge,1,0
C0028,2025-09-27,45.00,14:00,8,completed,Belfast,GB,Private hire,2,5
C0222,2025-09-27,55.00,14:00,8,completed,Longford,IE,Private hire,1,0
C0242,2025-09-27,45.00,14:00,8,cancelled,Longford,IE,Sauna session,1,5
C0263,2025-09-27,45.00,14:00,8,completed,Sligo,IE,Cold plunge,2,0
C0298,2025-09-27,45.00,14:00,8,completed,Longford,IE,Private hire,2,5
C0312,2025-09-27,45.00,20:00,8,completed,Mullingar,IE,Cold plunge,1,0
SQUEEZED,2025-09-27,45.00,18:00,8,completed,Longford,IE,Sauna session,1,0
C0036,2025-09-28,45.00,20:00,8,completed,Granard,IE,Ten-pack,2,0
C0052,2025-09-28,55.00,17:00,8,completed,Cavan,IE,Ten-pack,2,0
C0207,2025-09-28,45.00,17:00,8,completed,Cavan,IE,Cold plunge,1,0
C0209,2025-09-28,55.00,11:00,8,completed,Belfast,GB,Ten-pack,1,0
C0351,2025-09-28,55.00,18:00,8,completed,Dublin,IE,Ten-pack,2,0
C0354,2025-09-28,45.00,14:00,8,completed,Dublin,IE,Cold plunge,1,0
C0392,2025-09-28,45.00,11:00,8,completed,Cavan,IE,Ten-pack,2,0
C0069,2025-09-29,45.00,20:00,8,completed,,,Private hire,2,0
C0116,2025-09-29,45.00,20:00,8,completed,,,Sauna session,1,0
C0134,2025-09-29,45.00,17:00,8,completed,Longford,IE,Cold plunge,2,0
C0318,2025-09-29,45.00,20:00,8,no_show,Granard,IE,Cold plunge,2,0
C0345,2025-09-29,45.00,11:00,8,completed,Longford,IE,Cold plunge,1,0
C0361,2025-09-29,55.00,18:00,8,completed,Mullingar,IE,Private hire,2,5
C0380,2025-09-29,45.00,11:00,8,completed,Cavan,IE,Sauna session,1,0
C0031,2025-09-30,45.00,17:00,8,completed,Cavan,IE,Cold plunge,1,0
C0063,2025-09-30,45.00,17:00,8,completed,Cavan,IE,Sauna session,1,0
C0104,2025-09-30,45.00,18:00,8,no_show,,,Ten-pack,1,0
C0120,2025-09-30,45.00,14:00,8,completed,Belfast,GB,Private hire,2,0
C0130,2025-09-30,55.00,14:00,8,completed,Mullingar,IE,Private hire,2,0
C0158,2025-09-30,55.00,18:00,8,completed,Longford,IE,Sauna session,1,5
C0280,2025-09-30,45.00,17:00,8,completed,Longford,IE,Cold plunge,1,0
C0072,2025-10-01,55.00,17:00,8,completed,Dublin,IE,Private hire,1,0
C0112,2025-10-01,45.00,17:00,8,completed,Granard,IE,Private hire,2,0
C0127,2025-10-01,55.00,20:00,8,completed,Longford,IE,Private hire,1,5
C0131,2025-10-01,55.00,14:00,8,completed,,,Sauna session,1,5
C0188,2025-10-01,45.00,20:00,8,cancelled,,,Ten-pack,1,0
C0249,2025-10-01,45.00,18:00,8,completed,Cavan,IE,Private hire,1,0
C0255,2025-10-01,45.00,20:00,8,no_show,Cavan,IE,Ten-pack,2,0
C0276,2025-10-01,55.00,20:00,8,no_show,Granard,IE,Ten-pack,2,5
C0278,2025-10-01,45.00,11:00,8,completed,Sligo,IE,Sauna session,1,0
C0285,2025-10-01,55.00,14:00,8,completed,Cavan,IE,Cold plunge,2,0
C0309,2025-10-01,45.00,18:00,8,completed,,,Sauna session,1,0
C0314,2025-10-01,45.00,20:00,8,completed,Longford,IE,Private hire,2,0
C0385,2025-10-01,45.00,14:00,8,no_show,Longford,IE,Private hire,1,0
C0121,2025-10-02,45.00,14:00,8,completed,Cavan,IE,Sauna session,1,0
C0149,2025-10-02,55.00,18:00,8,completed,Longford,IE,Ten-pack,1,0
C0153,2025-10-02,45.00,17:00,8,completed,,,Cold plunge,2,5
C0184,2025-10-02,45.00,11:00,8,completed,Longford,IE,Cold plunge,1,0
C0193,2025-10-02,45.00,14:00,8,completed,Cavan,IE,Private hire,1,0
C0216,2025-10-02,45.00,18:00,8,completed,Nowheresville,IE,Sauna session,2,0
C0231,2025-10-02,45.00,18:00,8,completed,Sligo,IE,Private hire,1,0
C0254,2025-10-02,55.00,20:00,8,completed,Longford,IE,Cold plunge,2,0
C0279,2025-10-02,45.00,20:00,8,completed,Longford,IE,Sauna session,1,0
C0284,2025-10-02,45.00,11:00,8,completed,Longford,IE,Private hire,2,0
C0316,2025-10-02,45.00,18:00,8,completed,Granard,IE,Ten-pack,1,0
C0335,2025-10-02,55.00,18:00,8,completed,Belfast,GB,Cold plunge,2,0
C0377,2025-10-02,45.00,20:00,8,completed,Longford,IE,Sauna session,2,0
C0168,2025-10-03,55.00,20:00,8,completed,Longford,IE,Private hire,1,0
C0191,2025-10-03,45.00,11:00,8,completed,Dublin,IE,Private hire,2,0
C0258,2025-10-03,45.00,20:00,8,no_show,Sligo,IE,Cold plunge,1,0
C0281,2025-10-03,45.00,14:00,8,completed,Longford,IE,Private hire,1,5
C0305,2025-10-03,45.00,14:00,8,completed,Longford,IE,Sauna session,2,0
C0337,2025-10-03,45.00,14:00,8,cancelled,Nowheresville,IE,Sauna session,1,0
C0398,2025-10-03,45.00,14:00,8,completed,,,Sauna session,1,0
C0044,2025-10-04,45.00,18:00,8,completed,Sligo,IE,Cold plunge,1,0
C0119,2025-10-04,55.00,14:00,8,completed,Longford,IE,Cold plunge,1,0
C0126,2025-10-04,45.00,18:00,8,completed,Longford,IE,Sauna session,2,5
C0244,2025-10-04,45.00,18:00,8,completed,Nowheresville,IE,Ten-pack,1,0
C0286,2025-10-04,55.00,11:00,8,completed,Longford,IE,Sauna session,1,0
C0371,2025-10-04,45.00,11:00,8,completed,Cavan,IE,Sauna session,1,0
C0376,2025-10-04,45.00,11:00,8,completed,Longford,IE,Cold plunge,1,0
C0054,2025-10-05,45.00,18:00,8,cancelled,Longford,IE,Private hire,2,5
C0240,2025-10-05,45.00,14:00,8,completed,Dublin,IE,Sauna session,1,0
C0267,2025-10-05,55.00,20:00,8,completed,Nowheresville,IE,Ten-pack,2,0
C0268,2025-10-05,45.00,11:00,8,completed,Cavan,IE,Ten-pack,1,0
C0282,2025-10-05,45.00,20:00,8,completed,Granard,IE,Sauna session,1,0
C0319,2025-10-05,45.00,20:00,8,cancelled,Longford,IE,Ten-pack,2,0
C0334,2025-10-05,45.00,18:00,8,completed,Longford,IE,Cold plunge,1,0
C0360,2025-10-05,45.00,11:00,8,completed,Cavan,IE,Sauna session,2,0
C0370,2025-10-05,45.00,17:00,8,completed,Longford,IE,Sauna session,1,0
C0383,2025-10-05,45.00,20:00,8,completed,,,Cold plunge,2,5
C0399,2025-10-05,45.00,14:00,8,completed,Granard,IE,Sauna session,1,0
C0107,2025-10-06,45.00,11:00,8,completed,Belfast,GB,Sauna session,1,0
C0182,2025-10-06,45.00,17:00,8,completed,Longford,IE,Private hire,1,0
C0289,2025-10-06,45.00,11:00,8,completed,Dublin,IE,Private hire,2,0
C0001,2025-10-07,45.00,20:00,8,completed,Cavan,IE,Private hire,1,0
C0165,2025-10-07,45.00,18:00,8,completed,Longford,IE,Cold plunge,2,0
C0194,2025-10-07,55.00,11:00,8,completed,Mullingar,IE,Sauna session,1,0
C0208,2025-10-07,45.00,17:00,8,completed,,,Private hire,2,0
C0215,2025-10-07,45.00,17:00,8,completed,Longford,IE,Ten-pack,2,0
C0225,2025-10-07,45.00,18:00,8,completed,Longford,IE,Private hire,2,0
C0238,2025-10-07,45.00,20:00,8,completed,,,Sauna session,1,0
C0239,2025-10-07,45.00,18:00,8,no_show,Granard,IE,Private hire,1,0
C0336,2025-10-07,45.00,17:00,8,completed,Sligo,IE,Cold plunge,1,0
C0378,2025-10-07,45.00,20:00,8,completed,Granard,IE,Private hire,2,0
C0382,2025-10-07,55.00,17:00,8,no_show,Mullingar,IE,Sauna session,2,0
C0045,2025-10-08,45.00,18:00,8,completed,Granard,IE,Cold plunge,1,0
C0102,2025-10-08,45.00,11:00,8,completed,Longford,IE,Sauna session,2,0
C0160,2025-10-08,45.00,18:00,8,completed,Belfast,GB,Cold plunge,1,0
C0221,2025-10-08,55.00,17:00,8,completed,Mullingar,IE,Cold plunge,2,0
C0389,2025-10-08,45.00,20:00,8,completed,,,Ten-pack,2,0
C0055,2025-10-09,45.00,17:00,8,completed,Longford,IE,Ten-pack,2,0
C0090,2025-10-09,45.00,20:00,8,completed,Granard,IE,Cold plunge,1,0
C0095,2025-10-09,45.00,17:00,8,completed,Longford,IE,Private hire,1,0
C0199,2025-10-09,45.00,18:00,8,completed,Dublin,IE,Private hire,2,0
C0203,2025-10-09,45.00,18:00,8,no_show,Cavan,IE,Ten-pack,2,0
C0297,2025-10-09,45.00,14:00,8,completed,Nowheresville,IE,Sauna session,2,0
C0344,2025-10-09,45.00,11:00,8,completed,Dublin,IE,Sauna session,1,0
C0006,2025-10-10,45.00,17:00,8,completed,Dublin,IE,Sauna session,1,5
C0013,2025-10-10,45.00,17:00,8,completed,Granard,IE,Sauna session,1,0
C0051,2025-10-10,55.00,20:00,8,completed,Granard,IE,Ten-pack,2,0
C0074,2025-10-10,45.00,17:00,8,completed,Cavan,IE,Ten-pack,2,0
C0110,2025-10-10,45.00,20:00,8,completed,Cavan,IE,Private hire,2,0
C0259,2025-10-10,55.00,17:00,8,completed,Mullingar,IE,Cold plunge,2,5
C0393,2025-10-10,45.00,11:00,8,completed,Belfast,GB,Private hire,2,0
C0009,2025-10-11,45.00,20:00,8,completed,Longford,IE,Sauna session,1,0
C0028,2025-10-11,45.00,14:00,8,no_show,Belfast,GB,Private hire,2,5
C0080,2025-10-11,45.00,17:00,8,completed,Dublin,IE,Cold plunge,1,0
C0123,2025-10-11,55.00,18:00,8,completed,Cavan,IE,Sauna session,1,0
C0198,2025-10-11,45.00,20:00,8,completed,Nowheresville,IE,Cold plunge,1,0
C0253,2025-10-11,45.00,17:00,8,no_show,Longford,IE,Sauna session,1,5
C0288,2025-10-11,45.00,18:00,8,completed,Cavan,IE,Ten-pack,2,0
C0298,2025-10-11,45.00,14:00,8,completed,Longford,IE,Private hire,2,5
C0329,2025-10-11,45.00,14:00,8,completed,Cavan,IE,Sauna session,1,0
F0-0,2025-10-11,45.00,18:00,8,completed,Longford,IE,Sauna session,1,0
F0-1,2025-10-11,45.00,18:00,8,completed,Longford,IE,Sauna session,1,0
C0004,2025-10-12,55.00,18:00,8,completed,Granard,IE,Ten-pack,1,0
C0096,2025-10-12,45.00,20:00,8,completed,Belfast,GB,Private hire,1,0
C0179,2025-10-12,45.00,18:00,8,completed,Cavan,IE,Sauna session,2,0
C0021,2025-10-13,45.00,20:00,8,completed,Dublin,IE,Cold plunge,1,0
C0134,2025-10-13,45.00,17:00,8,completed,Longford,IE,Cold plunge,2,0
C0135,2025-10-13,45.00,20:00,8,completed,Longford,IE,Sauna session,1,5
C0229,2025-10-13,45.00,11:00,8,completed,Granard,IE,Cold plunge,2,0
C0256,2025-10-13,55.00,11:00,8,completed,Granard,IE,Cold plunge,2,0
C0345,2025-10-13,45.00,11:00,8,completed,Longford,IE,Cold plunge,1,0
C0387,2025-10-13,45.00,20:00,8,completed,Longford,IE,Sauna session,1,0
C0008,2025-10-14,45.00,14:00,8,completed,Dublin,IE,Sauna session,2,0
C0015,2025-10-14,45.00,14:00,8,completed,Sligo,IE,Private hire,1,0
C0062,2025-10-14,55.00,17:00,8,completed,Dublin,IE,Private hire,1,0
C0158,2025-10-14,55.00,18:00,8,completed,Longford,IE,Sauna session,1,5
C0280,2025-10-14,45.00,17:00,8,completed,Longford,IE,Cold plunge,1,0
C0320,2025-10-14,45.00,11:00,8,completed,Granard,IE,Cold plunge,1,0
C0348,2025-10-14,45.00,14:00,8,completed,Longford,IE,Private hire,1,0
C0388,2025-10-14,45.00,20:00,8,completed,Granard,IE,Cold plunge,2,0
C0192,2025-10-15,55.00,11:00,8,no_show,,,Ten-pack,2,0
C0218,2025-10-15,45.00,17:00,8,completed,Granard,IE,Private hire,2,5
C0278,2025-10-15,55.00,11:00,8,completed,Sligo,IE,Sauna session,1,0
C0314,2025-10-15,45.00,20:00,8,completed,Longford,IE,Private hire,2,0
C0326,2025-10-15,45.00,11:00,8,completed,Mullingar,IE,Sauna session,1,0
C0362,2025-10-15,45.00,11:00,8,completed,Longford,IE,Ten-pack,1,0
C0385,2025-10-15,55.00,14:00,8,completed,Longford,IE,Private hire,1,0
C0005,2025-10-16,45.00,14:00,8,completed,,,Cold plunge,1,0
C0016,2025-10-16,45.00,14:00,8,completed,,,Private hire,2,0
C0121,2025-10-16,45.00,14:00,8,completed,Cavan,IE,Sauna session,1,0
C0157,2025-10-16,45.00,18:00,8,completed,Longford,IE,Private hire,1,0
C0159,2025-10-16,55.00,14:00,8,completed,Longford,IE,Sauna session,1,0
C0216,2025-10-16,45.00,18:00,8,completed,Nowheresville,IE,Sauna session,2,0
C0231,2025-10-16,45.00,18:00,8,completed,Sligo,IE,Private hire,1,0
C0266,2025-10-16,45.00,18:00,8,completed,Dublin,IE,Sauna session,1,0
C0350,2025-10-16,45.00,18:00,8,completed,Granard,IE,Ten-pack,2,0
C0010,2025-10-17,45.00,18:00,8,completed,Longford,IE,Private hire,2,0
C0065,2025-10-17,45.00,11:00,8,completed,Longford,IE,Cold plunge,1,0
C0081,2025-10-17,45.00,11:00,8,completed,Granard,IE,Sauna session,1,5
C0306,2025-10-17,55.00,18:00,8,completed,Longford,IE,Cold plunge,1,0
C0324,2025-10-17,55.00,18:00,8,completed,Granard,IE,Ten-pack,1,0
C0367,2025-10-17,45.00,20:00,8,completed,Belfast,GB,Private hire,2,0
C0044,2025-10-18,45.00,18:00,8,completed,Sligo,IE,Cold plunge,1,0
C0176,2025-10-18,45.00,17:00,8,completed,Belfast,GB,Ten-pack,1,5
C0196,2025-10-18,45.00,11:00,8,completed,Longford,IE,Ten-pack,2,0
C0242,2025-10-18,45.00,14:00,8,completed,Longford,IE,Sauna session,1,5
C0312,2025-10-18,55.00,20:00,8,completed,Mullingar,IE,Cold plunge,1,0
C0349,2025-10-18,45.00,20:00,8,cancelled,Dublin,IE,Ten-pack,1,0
C0371,2025-10-18,45.00,11:00,8,completed,Cavan,IE,Sauna session,1,0
F1-0,2025-10-18,45.00,18:00,8,completed,Longford,IE,Sauna session,1,0
F1-1,2025-10-18,45.00,18:00,8,completed,Longford,IE,Sauna session,1,0
F1-2,2025-10-18,45.00,18:00,8,completed,Longford,IE,Sauna session,1,0
F1-3,2025-10-18,45.00,18:00,8,completed,Longford,IE,Sauna session,1,0
F1-4,2025-10-18,45.00,18:00,8,completed,Longford,IE,Sauna session,1,0
F1-5,2025-10-18,45.00,18:00,8,completed,Longford,IE,Sauna session,1,0
F1-6,2025-10-18,45.00,18:00,8,completed,Longford,IE,Sauna session,1,0
F1-7,2025-10-18,45.00,18:00,8,completed,Longford,IE,Sauna session,1,0
C0014,2025-10-19,45.00,11:00,8,completed,Mullingar,IE,Cold plunge,1,5
C0037,2025-10-19,45.00,14:00,8,completed,Cavan,IE,Cold plunge,1,0
C0052,2025-10-19,45.00,17:00,8,completed,Cavan,IE,Ten-pack,2,0
C0108,2025-10-19,45.00,14:00,8,cancelled,Cavan,IE,Cold plunge,2,0
C0207,2025-10-19,45.00,17:00,8,completed,Cavan,IE,Cold plunge,1,0
C0209,2025-10-19,45.00,11:00,8,completed,Belfast,GB,Ten-pack,1,0
C0241,2025-10-19,45.00,14:00,8,completed,Granard,IE,Cold plunge,2,0
C0268,2025-10-19,55.00,11:00,8,completed,Cavan,IE,Ten-pack,1,0
C0282,2025-10-19,45.00,20:00,8,completed,Granard,IE,Sauna session,1,0
C0304,2025-10-19,55.00,17:00,8,cancelled,Dublin,IE,Private hire,1,0
C0327,2025-10-19,45.00,14:00,8,completed,Dublin,IE,Sauna session,1,0
C0333,2025-10-19,45.00,18:00,8,completed,,,Sauna session,1,0
C0351,2025-10-19,45.00,18:00,8,completed,Dublin,IE,Ten-pack,2,0
C0354,2025-10-19,45.00,14:00,8,no_show,Dublin,IE,Cold plunge,1,0
C0383,2025-10-19,45.00,20:00,8,completed,,,Cold plunge,2,5
C0392,2025-10-19,45.00,11:00,8,completed,Cavan,IE,Ten-pack,2,0
C0064,2025-10-20,55.00,11:00,8,completed,Longford,IE,Cold plunge,2,0
C0107,2025-10-20,45.00,11:00,8,completed,Belfast,GB,Sauna session,1,0
C0243,2025-10-20,45.00,17:00,8,completed,Cavan,IE,Cold plunge,2,0
C0318,2025-10-20,45.00,20:00,8,cancelled,Granard,IE,Cold plunge,2,0
C0361,2025-10-20,55.00,18:00,8,completed,Mullingar,IE,Private hire,2,5
C0380,2025-10-20,45.00,11:00,8,no_show,Cavan,IE,Sauna session,1,0
C0012,2025-10-21,45.00,18:00,8,completed,Mullingar,IE,Ten-pack,2,0
C0031,2025-10-21,45.00,17:00,8,no_show,Cavan,IE,Cold plunge,1,0
C0101,2025-10-21,55.00,18:00,8,completed,Longford,IE,Private hire,1,0
C0194,2025-10-21,45.00,11:00,8,completed,Mullingar,IE,Sauna session,1,0
C0208,2025-10-21,45.00,17:00,8,completed,,,Private hire,2,0
C0211,2025-10-21,45.00,18:00,8,no_show,Dublin,IE,Sauna session,2,0
C0225,2025-10-21,45.00,18:00,8,completed,Longford,IE,Private hire,2,0
C0239,2025-10-21,45.00,18:00,8,completed,Granard,IE,Private hire,1,0
C0260,2025-10-21,45.00,14:00,8,completed,Cavan,IE,Private hire,1,0
C0102,2025-10-22,45.00,11:00,8,no_show,Longford,IE,Sauna session,2,0
C0109,2025-10-22,45.00,14:00,8,completed,Dublin,IE,Cold plunge,2,0
C0112,2025-10-22,45.00,17:00,8,completed,Granard,IE,Private hire,2,0
C0131,2025-10-22,45.00,14:00,8,completed,,,Sauna session,1,5
C0249,2025-10-22,55.00,18:00,8,completed,Cavan,IE,Private hire,1,0
C0255,2025-10-22,45.00,20:00,8,completed,Cavan,IE,Ten-pack,2,0
C0285,2025-10-22,45.00,14:00,8,completed,Cavan,IE,Cold plunge,2,0
C0309,2025-10-22,45.00,18:00,8,completed,,,Sauna session,1,0
C0027,2025-10-23,45.00,17:00,8,completed,Granard,IE,Sauna session,2,0
C0055,2025-10-23,45.00,17:00,8,completed,Longford,IE,Ten-pack,2,0
C0090,2025-10-23,45.00,20:00,8,completed,Granard,IE,Cold plunge,1,0
C0095,2025-10-23,55.00,17:00,8,completed,Longford,IE,Private hire,1,0
C0148,2025-10-23,45.00,20:00,8,completed,Longford,IE,Sauna session,2,0
C0149,2025-10-23,45.00,18:00,8,cancelled,Longford,IE,Ten-pack,1,0
C0153,2025-10-23,55.00,17:00,8,no_show,,,Cold plunge,2,5
C0170,2025-10-23,45.00,11:00,8,completed,Mullingar,IE,Ten-pack,1,0
C0193,2025-10-23,45.00,14:00,8,completed,Cavan,IE,Private hire,1,0
C0254,2025-10-23,45.00,20:00,8,no_show,Longford,IE,Cold plunge,2,0
C0051,2025-10-24,45.00,20:00,8,completed,Granard,IE,Ten-pack,2,0
C0091,2025-10-24,45.00,17:00,8,completed,Cavan,IE,Cold plunge,2,0
C0168,2025-10-24,45.00,20:00,8,completed,Longford,IE,Private hire,1,0
C0191,2025-10-24,55.00,11:00,8,cancelled,Dublin,IE,Private hire,2,0
C0258,2025-10-24,55.00,20:00,8,completed,Sligo,IE,Cold plunge,1,0
C0299,2025-10-24,45.00,18:00,8,completed,Cavan,IE,Ten-pack,2,0
C0337,2025-10-24,45.00,14:00,8,completed,Nowheresville,IE,Sauna session,1,0
C0363,2025-10-24,45.00,20:00,8,completed,Longford,IE,Private hire,2,0
C0393,2025-10-24,45.00,11:00,8,completed,Belfast,GB,Private hire,2,0
C0398,2025-10-24,45.00,14:00,8,completed,,,Sauna session,1,0
C0119,2025-10-25,45.00,14:00,8,completed,Longford,IE,Cold plunge,1,0
C0234,2025-10-25,45.00,20:00,8,completed,Cavan,IE,Sauna session,1,0
C0244,2025-10-25,45.00,18:00,8,no_show,Nowheresville,IE,Ten-pack,1,0
F2-0,2025-10-25,45.00,18:00,8,completed,Longford,IE,Sauna session,1,0
F2-1,2025-10-25,45.00,18:00,8,completed,Longford,IE,Sauna session,1,0
F2-2,2025-10-25,45.00,18:00,8,completed,Longford,IE,Sauna session,1,0
F2-3,2025-10-25,45.00,18:00,8,completed,Longford,IE,Sauna session,1,0
F2-4,2025-10-25,45.00,18:00,8,completed,Longford,IE,Sauna session,1,0
F2-5,2025-10-25,45.00,18:00,8,completed,Longford,IE,Sauna session,1,0
F2-6,2025-10-25,45.00,18:00,8,completed,Longford,IE,Sauna session,1,0
F2-7,2025-10-25,45.00,18:00,8,completed,Longford,IE,Sauna session,1,0
C0004,2025-10-26,45.00,18:00,8,completed,Granard,IE,Ten-pack,1,0
C0143,2025-10-26,45.00,14:00,8,completed,Sligo,IE,Ten-pack,1,0
C0319,2025-10-26,45.00,20:00,8,completed,Longford,IE,Ten-pack,2,0
C0334,2025-10-26,45.00,18:00,8,completed,Longford,IE,Cold plunge,1,0
C0360,2025-10-26,55.00,11:00,8,completed,Cavan,IE,Sauna session,2,0
C0370,2025-10-26,55.00,17:00,8,completed,Longford,IE,Sauna session,1,0
C0399,2025-10-26,45.00,14:00,8,no_show,Granard,IE,Sauna session,1,0
C0019,2025-10-27,45.00,17:00,8,completed,,,Sauna session,1,0
C0134,2025-10-27,45.00,17:00,8,no_show,Longford,IE,Cold plunge,2,0
C0135,2025-10-27,45.00,20:00,8,completed,Longford,IE,Sauna session,1,5
C0139,2025-10-27,45.00,14:00,8,completed,Dublin,IE,Sauna session,1,0
C0289,2025-10-27,45.00,11:00,8,completed,Dublin,IE,Private hire,2,0
C0345,2025-10-27,45.00,11:00,8,completed,Longford,IE,Cold plunge,1,0
C0001,2025-10-28,45.00,20:00,8,completed,Cavan,IE,Private hire,1,0
C0043,2025-10-28,45.00,14:00,8,completed,Mullingar,IE,Cold plunge,1,0
C0053,2025-10-28,45.00,14:00,8,completed,Granard,IE,Private hire,2,0
C0128,2025-10-28,45.00,17:00,8,no_show,Sligo,IE,Private hire,1,0
C0138,2025-10-28,45.00,17:00,8,completed,Longford,IE,Ten-pack,2,0
C0158,2025-10-28,45.00,18:00,8,completed,Longford,IE,Sauna session,1,5
C0167,2025-10-28,45.00,20:00,8,completed,Granard,IE,Sauna session,2,0
C0226,2025-10-28,45.00,18:00,8,cancelled,Granard,IE,Private hire,1,0
C0238,2025-10-28,45.00,20:00,8,completed,,,Sauna session,1,0
C0265,2025-10-28,45.00,17:00,8,completed,Belfast,GB,Private hire,1,0
C0301,2025-10-28,45.00,14:00,8,completed,Granard,IE,Ten-pack,2,0
C0320,2025-10-28,45.00,11:00,8,completed,Granard,IE,Cold plunge,1,0
C0336,2025-10-28,45.00,17:00,8,completed,Sligo,IE,Cold plunge,1,0
C0348,2025-10-28,45.00,14:00,8,completed,Longford,IE,Private hire,1,0
C0378,2025-10-28,45.00,20:00,8,completed,Granard,IE,Private hire,2,0
C0278,2025-10-29,45.00,11:00,8,cancelled,Sligo,IE,Sauna session,1,0
C0362,2025-10-29,45.00,11:00,8,completed,Longford,IE,Ten-pack,1,0
C0389,2025-10-29,45.00,20:00,8,completed,,,Ten-pack,2,0
C0098,2025-10-30,45.00,17:00,8,completed,Cavan,IE,Ten-pack,2,0
C0121,2025-10-30,45.00,14:00,8,completed,Cavan,IE,Sauna session,1,0
C0157,2025-10-30,55.00,18:00,8,completed,Longford,IE,Private hire,1,0
C0216,2025-10-30,45.00,18:00,8,completed,Nowheresville,IE,Sauna session,2,0
C0344,2025-10-30,45.00,11:00,8,completed,Dublin,IE,Sauna session,1,0
C0377,2025-10-30,45.00,20:00,8,completed,Longford,IE,Sauna session,2,0
C0013,2025-10-31,45.00,17:00,8,completed,Granard,IE,Sauna session,1,0
C0074,2025-10-31,55.00,17:00,8,completed,Cavan,IE,Ten-pack,2,0
C0081,2025-10-31,45.00,11:00,8,completed,Granard,IE,Sauna session,1,5
C0085,2025-10-31,45.00,18:00,8,completed,Sligo,IE,Ten-pack,1,0
C0110,2025-10-31,45.00,20:00,8,completed,Cavan,IE,Private hire,2,0
C0125,2025-10-31,45.00,14:00,8,completed,Longford,IE,Ten-pack,1,0
C0172,2025-10-31,45.00,11:00,8,completed,Granard,IE,Private hire,1,0
C0259,2025-10-31,45.00,17:00,8,completed,Mullingar,IE,Cold plunge,2,5
C0281,2025-10-31,45.00,14:00,8,completed,Longford,IE,Private hire,1,5
C0306,2025-10-31,55.00,18:00,8,completed,Longford,IE,Cold plunge,1,0
C0367,2025-10-31,55.00,20:00,8,completed,Belfast,GB,Private hire,2,0
C0009,2025-11-01,55.00,20:00,8,completed,Longford,IE,Sauna session,1,0
C0028,2025-11-01,45.00,14:00,8,completed,Belfast,GB,Private hire,2,5
C0044,2025-11-01,45.00,18:00,8,completed,Sligo,IE,Cold plunge,1,0
C0093,2025-11-01,45.00,18:00,8,completed,Cavan,IE,Ten-pack,2,0
C0123,2025-11-01,55.00,18:00,8,cancelled,Cavan,IE,Sauna session,1,0
C0173,2025-11-01,45.00,17:00,8,completed,Longford,IE,Sauna session,1,0
C0222,2025-11-01,45.00,14:00,8,completed,Longford,IE,Private hire,1,0
C0242,2025-11-01,45.00,14:00,8,completed,Longford,IE,Sauna session,1,5
C0288,2025-11-01,45.00,18:00,8,completed,Cavan,IE,Ten-pack,2,0
C0298,2025-11-01,45.00,14:00,8,completed,Longford,IE,Private hire,2,5
C0312,2025-11-01,45.00,20:00,8,completed,Mullingar,IE,Cold plunge,1,0
C0340,2025-11-01,45.00,18:00,8,completed,Longford,IE,Sauna session,1,0
C0376,2025-11-01,45.00,11:00,8,completed,Longford,IE,Cold plunge,1,0
F3-0,2025-11-01,45.00,18:00,8,completed,Longford,IE,Sauna session,1,0
F3-1,2025-11-01,45.00,18:00,8,completed,Longford,IE,Sauna session,1,0
F3-2,2025-11-01,45.00,18:00,8,completed,Longford,IE,Sauna session,1,0
F3-3,2025-11-01,45.00,18:00,8,completed,Longford,IE,Sauna session,1,0
F3-4,2025-11-01,45.00,18:00,8,completed,Longford,IE,Sauna session,1,0
F3-5,2025-11-01,45.00,18:00,8,completed,Longford,IE,Sauna session,1,0
F3-6,2025-11-01,45.00,18:00,8,completed,Longford,IE,Sauna session,1,0
F3-7,2025-11-01,45.00,18:00,8,completed,Longford,IE,Sauna session,1,0
C0077,2025-11-02,45.00,14:00,8,completed,Dublin,IE,Sauna session,1,5
C0162,2025-11-02,45.00,14:00,8,completed,Longford,IE,Sauna session,1,5
C0209,2025-11-02,55.00,11:00,8,completed,Belfast,GB,Ten-pack,1,0
C0240,2025-11-02,45.00,14:00,8,completed,Dublin,IE,Sauna session,1,0
C0241,2025-11-02,55.00,14:00,8,completed,Granard,IE,Cold plunge,2,0
C0282,2025-11-02,45.00,20:00,8,completed,Granard,IE,Sauna session,1,0
C0383,2025-11-02,45.00,20:00,8,completed,,,Cold plunge,2,5
C0021,2025-11-03,45.00,20:00,8,completed,Dublin,IE,Cold plunge,1,0
C0056,2025-11-03,55.00,14:00,8,completed,Sligo,IE,Cold plunge,1,0
C0133,2025-11-03,55.00,20:00,8,completed,Longford,IE,Cold plunge,2,0
C0182,2025-11-03,45.00,17:00,8,completed,Longford,IE,Private hire,1,0
C0256,2025-11-03,45.00,11:00,8,completed,Granard,IE,Cold plunge,2,0
C0296,2025-11-03,45.00,17:00,8,completed,Longford,IE,Private hire,1,0
C0369,2025-11-03,45.00,20:00,8,completed,Longford,IE,Ten-pack,2,0
C0040,2025-11-04,45.00,11:00,8,completed,Granard,IE,Private hire,2,0
C0165,2025-11-04,45.00,18:00,8,completed,Longford,IE,Cold plunge,2,0
C0171,2025-11-04,55.00,18:00,8,completed,Longford,IE,Cold plunge,2,0
C0185,2025-11-04,55.00,18:00,8,no_show,Mullingar,IE,Sauna session,1,0
C0194,2025-11-04,45.00,11:00,8,completed,Mullingar,IE,Sauna session,1,0
C0208,2025-11-04,45.00,17:00,8,completed,,,Private hire,2,0
C0225,2025-11-04,45.00,18:00,8,completed,Longford,IE,Private hire,2,0
C0239,2025-11-04,45.00,18:00,8,completed,Granard,IE,Private hire,1,0
C0280,2025-11-04,45.00,17:00,8,completed,Longford,IE,Cold plunge,1,0
C0102,2025-11-05,55.00,11:00,8,no_show,Longford,IE,Sauna session,2,0
C0112,2025-11-05,45.00,17:00,8,completed,Granard,IE,Private hire,2,0
C0131,2025-11-05,45.00,14:00,8,no_show,,,Sauna session,1,5
C0192,2025-11-05,45.00,11:00,8,completed,,,Ten-pack,2,0
C0314,2025-11-05,45.00,20:00,8,completed,Longford,IE,Private hire,2,0
C0385,2025-11-05,55.00,14:00,8,completed,Longford,IE,Private hire,1,0
C0016,2025-11-06,45.00,14:00,8,completed,,,Private hire,2,0
C0095,2025-11-06,45.00,17:00,8,completed,Longford,IE,Private hire,1,0
C0153,2025-11-06,45.00,17:00,8,no_show,,,Cold plunge,2,5
C0159,2025-11-06,55.00,14:00,8,completed,Longford,IE,Sauna session,1,0
C0193,2025-11-06,45.00,14:00,8,no_show,Cavan,IE,Private hire,1,0
C0231,2025-11-06,45.00,18:00,8,completed,Sligo,IE,Private hire,1,0
C0335,2025-11-06,45.00,18:00,8,completed,Belfast,GB,Cold plunge,2,0
C0350,2025-11-06,45.00,18:00,8,completed,Granard,IE,Ten-pack,2,0
C0051,2025-11-07,55.00,20:00,8,completed,Granard,IE,Ten-pack,2,0
C0071,2025-11-07,45.00,20:00,8,completed,Granard,IE,Sauna session,1,0
C0145,2025-11-07,45.00,20:00,8,completed,Granard,IE,Ten-pack,1,0
C0168,2025-11-07,45.00,20:00,8,completed,Longford,IE,Private hire,1,0
C0258,2025-11-07,45.00,20:00,8,completed,Sligo,IE,Cold plunge,1,0
C0305,2025-11-07,45.00,14:00,8,completed,Longford,IE,Sauna session,2,0
C0337,2025-11-07,55.00,14:00,8,completed,Nowheresville,IE,Sauna session,1,0
C0022,2025-11-08,55.00,17:00,8,completed,,,Sauna session,2,0
C0042,2025-11-08,45.00,20:00,8,completed,Longford,IE,Ten-pack,1,0
C0083,2025-11-08,45.00,18:00,8,no_show,Longford,IE,Ten-pack,1,0
C0244,2025-11-08,55.00,18:00,8,completed,Nowheresville,IE,Ten-pack,1,0
C0338,2025-11-08,55.00,20:00,8,completed,Cavan,IE,Ten-pack,2,5
C0371,2025-11-08,55.00,11:00,8,completed,Cavan,IE,Sauna session,1,0
F4-0,2025-11-08,45.00,18:00,8,completed,Longford,IE,Sauna session,1,0
F4-1,2025-11-08,45.00,18:00,8,completed,Longford,IE,Sauna session,1,0
F4-2,2025-11-08,45.00,18:00,8,completed,Longford,IE,Sauna session,1,0
F4-3,2025-11-08,45.00,18:00,8,completed,Longford,IE,Sauna session,1,0
F4-4,2025-11-08,45.00,18:00,8,completed,Longford,IE,Sauna session,1,0
F4-5,2025-11-08,45.00,18:00,8,completed,Longford,IE,Sauna session,1,0
F4-6,2025-11-08,45.00,18:00,8,completed,Longford,IE,Sauna session,1,0
F4-7,2025-11-08,45.00,18:00,8,completed,Longford,IE,Sauna session,1,0
C0052,2025-11-09,55.00,17:00,8,completed,Cavan,IE,Ten-pack,2,0
C0207,2025-11-09,45.00,17:00,8,no_show,Cavan,IE,Cold plunge,1,0
C0267,2025-11-09,55.00,20:00,8,completed,Nowheresville,IE,Ten-pack,2,0
C0268,2025-11-09,45.00,11:00,8,completed,Cavan,IE,Ten-pack,1,0
C0351,2025-11-09,45.00,18:00,8,completed,Dublin,IE,Ten-pack,2,0
C0354,2025-11-09,45.00,14:00,8,completed,Dublin,IE,Cold plunge,1,0
C0372,2025-11-09,45.00,11:00,8,completed,Longford,IE,Sauna session,1,0
C0107,2025-11-10,45.00,11:00,8,cancelled,Belfast,GB,Sauna session,1,0
C0318,2025-11-10,45.00,20:00,8,completed,Granard,IE,Cold plunge,2,0
C0358,2025-11-10,55.00,20:00,8,completed,Longford,IE,Ten-pack,2,0
C0361,2025-11-10,45.00,18:00,8,completed,Mullingar,IE,Private hire,2,5
C0381,2025-11-10,45.00,20:00,8,completed,,,Cold plunge,1,0
C0015,2025-11-11,45.00,14:00,8,completed,Sligo,IE,Private hire,1,0
C0031,2025-11-11,45.00,17:00,8,completed,Cavan,IE,Cold plunge,1,0
C0120,2025-11-11,45.00,14:00,8,completed,Belfast,GB,Private hire,2,0
C0238,2025-11-11,45.00,20:00,8,completed,,,Sauna session,1,0
C0382,2025-11-11,55.00,17:00,8,completed,Mullingar,IE,Sauna session,2,0
C0391,2025-11-11,55.00,11:00,8,no_show,Longford,IE,Sauna session,2,0
C0024,2025-11-12,45.00,14:00,8,completed,,,Private hire,1,0
C0188,2025-11-12,45.00,20:00,8,completed,,,Ten-pack,1,0
C0218,2025-11-12,45.00,17:00,8,no_show,Granard,IE,Private hire,2,5
C0249,2025-11-12,55.00,18:00,8,completed,Cavan,IE,Private hire,1,0
C0255,2025-11-12,45.00,20:00,8,completed,Cavan,IE,Ten-pack,2,0
C0278,2025-11-12,45.00,11:00,8,completed,Sligo,IE,Sauna session,1,0
C0285,2025-11-12,55.00,14:00,8,completed,Cavan,IE,Cold plunge,2,0
C0309,2025-11-12,45.00,18:00,8,completed,,,Sauna session,1,0
C0362,2025-11-12,55.00,11:00,8,completed,Longford,IE,Ten-pack,1,0
C0055,2025-11-13,45.00,17:00,8,completed,Longford,IE,Ten-pack,2,0
C0090,2025-11-13,45.00,20:00,8,completed,Granard,IE,Cold plunge,1,0
C0105,2025-11-13,45.00,11:00,8,completed,Granard,IE,Cold plunge,1,0
C0121,2025-11-13,45.00,14:00,8,completed,Cavan,IE,Sauna session,1,0
C0216,2025-11-13,45.00,18:00,8,completed,Nowheresville,IE,Sauna session,2,0
C0254,2025-11-13,55.00,20:00,8,completed,Longford,IE,Cold plunge,2,0
C0275,2025-11-13,45.00,20:00,8,completed,Cavan,IE,Cold plunge,1,0
C0279,2025-11-13,45.00,20:00,8,cancelled,Longford,IE,Sauna session,1,0
C0284,2025-11-13,55.00,11:00,8,completed,Longford,IE,Private hire,2,0
C0297,2025-11-13,45.00,14:00,8,completed,Nowheresville,IE,Sauna session,2,0
C0321,2025-11-13,45.00,14:00,8,completed,Dublin,IE,Sauna session,1,5
C0344,2025-11-13,45.00,11:00,8,completed,Dublin,IE,Sauna session,1,0
C0013,2025-11-14,55.00,17:00,8,no_show,Granard,IE,Sauna session,1,0
C0259,2025-11-14,45.00,17:00,8,no_show,Mullingar,IE,Cold plunge,2,5
C0393,2025-11-14,55.00,11:00,8,completed,Belfast,GB,Private hire,2,0
C0398,2025-11-14,55.00,14:00,8,completed,,,Sauna session,1,0
C0028,2025-11-15,45.00,14:00,8,completed,Belfast,GB,Private hire,2,5
C0044,2025-11-15,55.00,18:00,8,completed,Sligo,IE,Cold plunge,1,0
C0113,2025-11-15,45.00,14:00,8,completed,Belfast,GB,Sauna session,2,0
C0123,2025-11-15,45.00,18:00,8,completed,Cavan,IE,Sauna session,1,0
C0198,2025-11-15,45.00,20:00,8,completed,Nowheresville,IE,Cold plunge,1,0
C0253,2025-11-15,55.00,17:00,8,completed,Longford,IE,Sauna session,1,5
C0286,2025-11-15,55.00,11:00,8,completed,Longford,IE,Sauna session,1,0
C0298,2025-11-15,45.00,14:00,8,completed,Longford,IE,Private hire,2,5
F5-0,2025-11-15,45.00,18:00,8,completed,Longford,IE,Sauna session,1,0
F5-1,2025-11-15,45.00,18:00,8,completed,Longford,IE,Sauna session,1,0
F5-2,2025-11-15,45.00,18:00,8,completed,Longford,IE,Sauna session,1,0
F5-3,2025-11-15,45.00,18:00,8,completed,Longford,IE,Sauna session,1,0
F5-4,2025-11-15,45.00,18:00,8,completed,Longford,IE,Sauna session,1,0
F5-5,2025-11-15,45.00,18:00,8,completed,Longford,IE,Sauna session,1,0
F5-6,2025-11-15,45.00,18:00,8,completed,Longford,IE,Sauna session,1,0
F5-7,2025-11-15,45.00,18:00,8,completed,Longford,IE,Sauna session,1,0
C0004,2025-11-16,55.00,18:00,8,completed,Granard,IE,Ten-pack,1,0
C0096,2025-11-16,55.00,20:00,8,completed,Belfast,GB,Private hire,1,0
C0143,2025-11-16,45.00,14:00,8,completed,Sligo,IE,Ten-pack,1,0
C0334,2025-11-16,45.00,18:00,8,completed,Longford,IE,Cold plunge,1,0
C0360,2025-11-16,45.00,11:00,8,completed,Cavan,IE,Sauna session,2,0
C0370,2025-11-16,45.00,17:00,8,cancelled,Longford,IE,Sauna session,1,0
C0373,2025-11-16,55.00,11:00,8,no_show,Cavan,IE,Private hire,2,0
C0383,2025-11-16,45.00,20:00,8,completed,,,Cold plunge,2,5
C0399,2025-11-16,45.00,14:00,8,completed,Granard,IE,Sauna session,1,0
C0134,2025-11-17,45.00,17:00,8,completed,Longford,IE,Cold plunge,2,0
C0135,2025-11-17,45.00,20:00,8,completed,Longford,IE,Sauna session,1,5
C0256,2025-11-17,55.00,11:00,8,no_show,Granard,IE,Cold plunge,2,0
C0289,2025-11-17,55.00,11:00,8,completed,Dublin,IE,Private hire,2,0
C0332,2025-11-17,45.00,18:00,8,completed,Mullingar,IE,Ten-pack,2,0
C0345,2025-11-17,55.00,11:00,8,completed,Longford,IE,Cold plunge,1,0
C0364,2025-11-17,45.00,11:00,8,completed,Longford,IE,Private hire,2,0
C0380,2025-11-17,55.00,11:00,8,completed,Cavan,IE,Sauna session,1,0
C0001,2025-11-18,45.00,20:00,8,completed,Cavan,IE,Private hire,1,0
C0008,2025-11-18,45.00,14:00,8,no_show,Dublin,IE,Sauna session,2,0
C0060,2025-11-18,45.00,14:00,8,completed,Longford,IE,Private hire,1,0
C0062,2025-11-18,45.00,17:00,8,completed,Dublin,IE,Private hire,1,0
C0132,2025-11-18,45.00,14:00,8,completed,Granard,IE,Sauna session,1,0
C0138,2025-11-18,55.00,17:00,8,completed,Longford,IE,Ten-pack,2,0
C0155,2025-11-18,45.00,17:00,8,completed,Nowheresville,IE,Cold plunge,1,0
C0158,2025-11-18,55.00,18:00,8,completed,Longford,IE,Sauna session,1,5
C0215,2025-11-18,45.00,17:00,8,completed,Longford,IE,Ten-pack,2,0
C0320,2025-11-18,45.00,11:00,8,cancelled,Granard,IE,Cold plunge,1,0
C0336,2025-11-18,45.00,17:00,8,completed,Sligo,IE,Cold plunge,1,0
C0348,2025-11-18,55.00,14:00,8,completed,Longford,IE,Private hire,1,0
C0378,2025-11-18,45.00,20:00,8,cancelled,Granard,IE,Private hire,2,0
C0102,2025-11-19,45.00,11:00,8,completed,Longford,IE,Sauna session,2,0
C0112,2025-11-19,45.00,17:00,8,cancelled,Granard,IE,Private hire,2,0
C0160,2025-11-19,55.00,18:00,8,completed,Belfast,GB,Cold plunge,1,0
C0385,2025-11-19,45.00,14:00,8,completed,Longford,IE,Private hire,1,0
C0389,2025-11-19,55.00,20:00,8,completed,,,Ten-pack,2,0
C0016,2025-11-20,45.00,14:00,8,completed,,,Private hire,2,0
C0027,2025-11-20,45.00,17:00,8,completed,Granard,IE,Sauna session,2,0
C0148,2025-11-20,45.00,20:00,8,completed,Longford,IE,Sauna session,2,0
C0157,2025-11-20,55.00,18:00,8,completed,Longford,IE,Private hire,1,0
C0193,2025-11-20,45.00,14:00,8,completed,Cavan,IE,Private hire,1,0
C0220,2025-11-20,45.00,14:00,8,completed,Longford,IE,Cold plunge,2,5
C0266,2025-11-20,55.00,18:00,8,completed,Dublin,IE,Sauna session,1,0
C0350,2025-11-20,45.00,18:00,8,completed,Granard,IE,Ten-pack,2,0
C0006,2025-11-21,45.00,17:00,8,completed,Dublin,IE,Sauna session,1,5
C0010,2025-11-21,55.00,18:00,8,completed,Longford,IE,Private hire,2,0
C0074,2025-11-21,45.00,17:00,8,completed,Cavan,IE,Ten-pack,2,0
C0081,2025-11-21,45.00,11:00,8,completed,Granard,IE,Sauna session,1,5
C0110,2025-11-21,45.00,20:00,8,completed,Cavan,IE,Private hire,2,0
C0191,2025-11-21,45.00,11:00,8,completed,Dublin,IE,Private hire,2,0
C0306,2025-11-21,45.00,18:00,8,completed,Longford,IE,Cold plunge,1,0
C0337,2025-11-21,45.00,14:00,8,completed,Nowheresville,IE,Sauna session,1,0
C0367,2025-11-21,45.00,20:00,8,completed,Belfast,GB,Private hire,2,0
C0119,2025-11-22,55.00,14:00,8,completed,Longford,IE,Cold plunge,1,0
C0126,2025-11-22,45.00,18:00,8,completed,Longford,IE,Sauna session,2,5
C0173,2025-11-22,45.00,17:00,8,completed,Longford,IE,Sauna session,1,0
C0196,2025-11-22,45.00,11:00,8,completed,Longford,IE,Ten-pack,2,0
C0242,2025-11-22,45.00,14:00,8,completed,Longford,IE,Sauna session,1,5
C0288,2025-11-22,45.00,18:00,8,completed,Cavan,IE,Ten-pack,2,0
C0312,2025-11-22,45.00,20:00,8,completed,Mullingar,IE,Cold plunge,1,0
C0329,2025-11-22,45.00,14:00,8,completed,Cavan,IE,Sauna session,1,0
C0340,2025-11-22,45.00,18:00,8,completed,Longford,IE,Sauna session,1,0
C0349,2025-11-22,45.00,20:00,8,completed,Dublin,IE,Ten-pack,1,0
F6-0,2025-11-22,45.00,18:00,8,completed,Longford,IE,Sauna session,1,0
F6-1,2025-11-22,45.00,18:00,8,completed,Longford,IE,Sauna session,1,0
F6-2,2025-11-22,45.00,18:00,8,completed,Longford,IE,Sauna session,1,0
F6-3,2025-11-22,45.00,18:00,8,completed,Longford,IE,Sauna session,1,0
F6-4,2025-11-22,45.00,18:00,8,completed,Longford,IE,Sauna session,1,0
F6-5,2025-11-22,45.00,18:00,8,completed,Longford,IE,Sauna session,1,0
F6-6,2025-11-22,45.00,18:00,8,completed,Longford,IE,Sauna session,1,0
F6-7,2025-11-22,45.00,18:00,8,completed,Longford,IE,Sauna session,1,0
C0007,2025-11-23,45.00,14:00,8,completed,Dublin,IE,Sauna session,1,0
C0108,2025-11-23,55.00,14:00,8,completed,Cavan,IE,Cold plunge,2,0
C0179,2025-11-23,55.00,18:00,8,completed,Cavan,IE,Sauna session,2,0
C0207,2025-11-23,55.00,17:00,8,completed,Cavan,IE,Cold plunge,1,0
C0209,2025-11-23,55.00,11:00,8,completed,Belfast,GB,Ten-pack,1,0
C0241,2025-11-23,55.00,14:00,8,completed,Granard,IE,Cold plunge,2,0
C0262,2025-11-23,55.00,14:00,8,completed,Cavan,IE,Cold plunge,1,0
C0264,2025-11-23,45.00,11:00,8,completed,Cavan,IE,Sauna session,1,0
C0282,2025-11-23,55.00,20:00,8,cancelled,Granard,IE,Sauna session,1,0
C0351,2025-11-23,45.00,18:00,8,completed,Dublin,IE,Ten-pack,2,0
C0354,2025-11-23,45.00,14:00,8,completed,Dublin,IE,Cold plunge,1,0
C0392,2025-11-23,45.00,11:00,8,completed,Cavan,IE,Ten-pack,2,0
C0019,2025-11-24,45.00,17:00,8,completed,,,Sauna session,1,0
C0021,2025-11-24,45.00,20:00,8,completed,Dublin,IE,Cold plunge,1,0
C0032,2025-11-24,45.00,18:00,8,completed,Nowheresville,IE,Private hire,1,0
C0070,2025-11-24,45.00,11:00,8,completed,Longford,IE,Sauna session,1,0
C0107,2025-11-24,45.00,11:00,8,completed,Belfast,GB,Sauna session,1,0
C0387,2025-11-24,45.00,20:00,8,completed,Longford,IE,Sauna session,1,0
C0012,2025-11-25,45.00,18:00,8,completed,Mullingar,IE,Ten-pack,2,0
C0040,2025-11-25,45.00,11:00,8,completed,Granard,IE,Private hire,2,0
C0194,2025-11-25,55.00,11:00,8,completed,Mullingar,IE,Sauna session,1,0
C0208,2025-11-25,45.00,17:00,8,completed,,,Private hire,2,0
C0225,2025-11-25,55.00,18:00,8,completed,Longford,IE,Private hire,2,0
C0239,2025-11-25,45.00,18:00,8,completed,Granard,IE,Private hire,1,0
C0260,2025-11-25,45.00,14:00,8,completed,Cavan,IE,Private hire,1,0
C0265,2025-11-25,55.00,17:00,8,completed,Belfast,GB,Private hire,1,0
C0280,2025-11-25,45.00,17:00,8,completed,Longford,IE,Cold plunge,1,0
C0301,2025-11-25,45.00,14:00,8,completed,Granard,IE,Ten-pack,2,0
C0038,2025-11-26,45.00,17:00,8,completed,Longford,IE,Cold plunge,1,0
C0045,2025-11-26,45.00,18:00,8,completed,Granard,IE,Cold plunge,1,0
C0072,2025-11-26,45.00,17:00,8,completed,Dublin,IE,Private hire,1,0
C0131,2025-11-26,45.00,14:00,8,completed,,,Sauna session,1,5
C0190,2025-11-26,55.00,18:00,8,no_show,Dublin,IE,Sauna session,1,0
C0192,2025-11-26,45.00,11:00,8,completed,,,Ten-pack,2,0
C0197,2025-11-26,45.00,14:00,8,completed,Mullingar,IE,Sauna session,2,0
C0278,2025-11-26,45.00,11:00,8,cancelled,Sligo,IE,Sauna session,1,0
C0309,2025-11-26,45.00,18:00,8,completed,,,Sauna session,1,0
C0314,2025-11-26,45.00,20:00,8,completed,Longford,IE,Private hire,2,0
C0005,2025-11-27,45.00,14:00,8,completed,,,Cold plunge,1,0
C0090,2025-11-27,45.00,20:00,8,cancelled,Granard,IE,Cold plunge,1,0
C0095,2025-11-27,45.00,17:00,8,completed,Longford,IE,Private hire,1,0
C0121,2025-11-27,55.00,14:00,8,completed,Cavan,IE,Sauna session,1,0
C0149,2025-11-27,55.00,18:00,8,completed,Longford,IE,Ten-pack,1,0
C0153,2025-11-27,55.00,17:00,8,completed,,,Cold plunge,2,5
C0159,2025-11-27,55.00,14:00,8,completed,Longford,IE,Sauna session,1,0
C0231,2025-11-27,45.00,18:00,8,completed,Sligo,IE,Private hire,1,0
C0252,2025-11-27,45.00,14:00,8,completed,Mullingar,IE,Cold plunge,2,0
C0051,2025-11-28,45.00,20:00,8,completed,Granard,IE,Ten-pack,2,0
C0125,2025-11-28,45.00,14:00,8,completed,Longford,IE,Ten-pack,1,0
C0168,2025-11-28,45.00,20:00,8,completed,Longford,IE,Private hire,1,0
C0258,2025-11-28,45.00,20:00,8,completed,Sligo,IE,Cold plunge,1,0
C0281,2025-11-28,45.00,14:00,8,cancelled,Longford,IE,Private hire,1,5
C0324,2025-11-28,45.00,18:00,8,completed,Granard,IE,Ten-pack,1,0
C0363,2025-11-28,45.00,20:00,8,completed,Longford,IE,Private hire,2,0
C0393,2025-11-28,45.00,11:00,8,completed,Belfast,GB,Private hire,2,0
C0009,2025-11-29,45.00,20:00,8,completed,Longford,IE,Sauna session,1,0
C0022,2025-11-29,45.00,17:00,8,completed,,,Sauna session,2,0
C0028,2025-11-29,45.00,14:00,8,completed,Belfast,GB,Private hire,2,5
C0176,2025-11-29,45.00,17:00,8,completed,Belfast,GB,Ten-pack,1,5
C0228,2025-11-29,55.00,11:00,8,completed,Granard,IE,Ten-pack,2,0
C0244,2025-11-29,45.00,18:00,8,completed,Nowheresville,IE,Ten-pack,1,0
C0352,2025-11-29,45.00,18:00,8,completed,Mullingar,IE,Ten-pack,1,5
C0371,2025-11-29,55.00,11:00,8,completed,Cavan,IE,Sauna session,1,0
F7-0,2025-11-29,45.00,18:00,8,completed,Longford,IE,Sauna session,1,0
F7-1,2025-11-29,45.00,18:00,8,completed,Longford,IE,Sauna session,1,0
F7-2,2025-11-29,45.00,18:00,8,completed,Longford,IE,Sauna session,1,0
F7-3,2025-11-29,45.00,18:00,8,completed,Longford,IE,Sauna session,1,0
F7-4,2025-11-29,45.00,18:00,8,completed,Longford,IE,Sauna session,1,0
F7-5,2025-11-29,45.00,18:00,8,completed,Longford,IE,Sauna session,1,0
F7-6,2025-11-29,45.00,18:00,8,completed,Longford,IE,Sauna session,1,0
F7-7,2025-11-29,45.00,18:00,8,completed,Longford,IE,Sauna session,1,0
C0240,2025-11-30,45.00,14:00,8,completed,Dublin,IE,Sauna session,1,0
C0267,2025-11-30,45.00,20:00,8,completed,Nowheresville,IE,Ten-pack,2,0
C0268,2025-11-30,45.00,11:00,8,completed,Cavan,IE,Ten-pack,1,0
C0333,2025-11-30,45.00,18:00,8,completed,,,Sauna session,1,0
C0357,2025-11-30,45.00,18:00,8,completed,Granard,IE,Ten-pack,1,0
C0372,2025-11-30,45.00,11:00,8,completed,Longford,IE,Sauna session,1,0
C0383,2025-11-30,55.00,20:00,8,completed,,,Cold plunge,2,5
C0399,2025-11-30,55.00,14:00,8,completed,Granard,IE,Sauna session,1,0
C0064,2025-12-01,45.00,11:00,8,completed,Longford,IE,Cold plunge,2,0
C0134,2025-12-01,55.00,17:00,8,completed,Longford,IE,Cold plunge,2,0
C0256,2025-12-01,45.00,11:00,8,completed,Granard,IE,Cold plunge,2,0
C0289,2025-12-01,45.00,11:00,8,completed,Dublin,IE,Private hire,2,0
C0318,2025-12-01,45.00,20:00,8,completed,Granard,IE,Cold plunge,2,0
C0015,2025-12-02,55.00,14:00,8,completed,Sligo,IE,Private hire,1,0
C0031,2025-12-02,45.00,17:00,8,completed,Cavan,IE,Cold plunge,1,0
C0158,2025-12-02,45.00,18:00,8,completed,Longford,IE,Sauna session,1,5
C0165,2025-12-02,45.00,18:00,8,completed,Longford,IE,Cold plunge,2,0
C0171,2025-12-02,55.00,18:00,8,completed,Longford,IE,Cold plunge,2,0
C0238,2025-12-02,55.00,20:00,8,completed,,,Sauna session,1,0
C0336,2025-12-02,45.00,17:00,8,completed,Sligo,IE,Cold plunge,1,0
C0348,2025-12-02,45.00,14:00,8,completed,Longford,IE,Private hire,1,0
C0378,2025-12-02,45.00,20:00,8,completed,Granard,IE,Private hire,2,0
C0382,2025-12-02,55.00,17:00,8,completed,Mullingar,IE,Sauna session,2,0
C0388,2025-12-02,45.00,20:00,8,completed,Granard,IE,Cold plunge,2,0
C0024,2025-12-03,45.00,14:00,8,completed,,,Private hire,1,0
C0188,2025-12-03,45.00,20:00,8,completed,,,Ten-pack,1,0
C0249,2025-12-03,45.00,18:00,8,completed,Cavan,IE,Private hire,1,0
C0255,2025-12-03,45.00,20:00,8,completed,Cavan,IE,Ten-pack,2,0
C0285,2025-12-03,45.00,14:00,8,cancelled,Cavan,IE,Cold plunge,2,0
C0362,2025-12-03,45.00,11:00,8,no_show,Longford,IE,Ten-pack,1,0
C0366,2025-12-03,45.00,11:00,8,completed,Longford,IE,Sauna session,1,0
C0385,2025-12-03,55.00,14:00,8,cancelled,Longford,IE,Private hire,1,0
C0055,2025-12-04,45.00,17:00,8,completed,Longford,IE,Ten-pack,2,0
C0193,2025-12-04,45.00,14:00,8,completed,Cavan,IE,Private hire,1,0
C0216,2025-12-04,55.00,18:00,8,completed,Nowheresville,IE,Sauna session,2,0
C0219,2025-12-04,45.00,20:00,8,cancelled,Cavan,IE,Ten-pack,1,5
C0254,2025-12-04,55.00,20:00,8,completed,Longford,IE,Cold plunge,2,0
C0297,2025-12-04,45.00,14:00,8,completed,Nowheresville,IE,Sauna session,2,0
C0323,2025-12-04,45.00,11:00,8,completed,,,Private hire,2,0
C0344,2025-12-04,45.00,11:00,8,completed,Dublin,IE,Sauna session,1,0
C0350,2025-12-04,45.00,18:00,8,completed,Granard,IE,Ten-pack,2,0
C0377,2025-12-04,55.00,20:00,8,completed,Longford,IE,Sauna session,2,0
C0013,2025-12-05,55.00,17:00,8,completed,Granard,IE,Sauna session,1,0
C0071,2025-12-05,55.00,20:00,8,completed,Granard,IE,Sauna session,1,0
C0172,2025-12-05,55.00,11:00,8,completed,Granard,IE,Private hire,1,0
C0237,2025-12-05,45.00,20:00,8,completed,Cavan,IE,Private hire,1,0
C0259,2025-12-05,55.00,17:00,8,completed,Mullingar,IE,Cold plunge,2,5
C0305,2025-12-05,45.00,14:00,8,completed,Longford,IE,Sauna session,2,0
C0306,2025-12-05,45.00,18:00,8,completed,Longford,IE,Cold plunge,1,0
C0337,2025-12-05,45.00,14:00,8,completed,Nowheresville,IE,Sauna session,1,0
C0367,2025-12-05,45.00,20:00,8,completed,Belfast,GB,Private hire,2,0
C0397,2025-12-05,45.00,18:00,8,no_show,Longford,IE,Cold plunge,2,0
C0398,2025-12-05,55.00,14:00,8,completed,,,Sauna session,1,0
C0044,2025-12-06,55.00,18:00,8,completed,Sligo,IE,Cold plunge,1,0
C0093,2025-12-06,45.00,18:00,8,completed,Cavan,IE,Ten-pack,2,0
C0106,2025-12-06,45.00,18:00,8,completed,Dublin,IE,Private hire,1,0
C0123,2025-12-06,55.00,18:00,8,completed,Cavan,IE,Sauna session,1,0
C0173,2025-12-06,45.00,17:00,8,completed,Longford,IE,Sauna session,1,0
C0222,2025-12-06,45.00,14:00,8,completed,Longford,IE,Private hire,1,0
C0242,2025-12-06,45.00,14:00,8,completed,Longford,IE,Sauna session,1,5
C0257,2025-12-06,45.00,17:00,8,completed,Granard,IE,Ten-pack,1,0
C0263,2025-12-06,45.00,14:00,8,completed,Sligo,IE,Cold plunge,2,0
C0298,2025-12-06,45.00,14:00,8,completed,Longford,IE,Private hire,2,5
C0312,2025-12-06,55.00,20:00,8,completed,Mullingar,IE,Cold plunge,1,0
F8-0,2025-12-06,45.00,18:00,8,completed,Longford,IE,Sauna session,1,0
F8-1,2025-12-06,45.00,18:00,8,completed,Longford,IE,Sauna session,1,0
F8-2,2025-12-06,45.00,18:00,8,completed,Longford,IE,Sauna session,1,0
F8-3,2025-12-06,45.00,18:00,8,completed,Longford,IE,Sauna session,1,0
F8-4,2025-12-06,45.00,18:00,8,completed,Longford,IE,Sauna session,1,0
F8-5,2025-12-06,45.00,18:00,8,completed,Longford,IE,Sauna session,1,0
F8-6,2025-12-06,45.00,18:00,8,completed,Longford,IE,Sauna session,1,0
F8-7,2025-12-06,45.00,18:00,8,completed,Longford,IE,Sauna session,1,0
C0004,2025-12-07,55.00,18:00,8,completed,Granard,IE,Ten-pack,1,0
C0036,2025-12-07,45.00,20:00,8,cancelled,Granard,IE,Ten-pack,2,0
C0037,2025-12-07,45.00,14:00,8,completed,Cavan,IE,Cold plunge,1,0
C0052,2025-12-07,45.00,17:00,8,completed,Cavan,IE,Ten-pack,2,0
C0143,2025-12-07,45.00,14:00,8,completed,Sligo,IE,Ten-pack,1,0
C0209,2025-12-07,45.00,11:00,8,cancelled,Belfast,GB,Ten-pack,1,0
C0241,2025-12-07,55.00,14:00,8,completed,Granard,IE,Cold plunge,2,0
C0292,2025-12-07,45.00,20:00,8,completed,Mullingar,IE,Sauna session,2,0
C0304,2025-12-07,45.00,17:00,8,completed,Dublin,IE,Private hire,1,0
C0319,2025-12-07,45.00,20:00,8,completed,Longford,IE,Ten-pack,2,0
C0327,2025-12-07,45.00,14:00,8,completed,Dublin,IE,Sauna session,1,0
C0334,2025-12-07,45.00,18:00,8,completed,Longford,IE,Cold plunge,1,0
C0351,2025-12-07,45.00,18:00,8,completed,Dublin,IE,Ten-pack,2,0
C0354,2025-12-07,55.00,14:00,8,completed,Dublin,IE,Cold plunge,1,0
C0360,2025-12-07,45.00,11:00,8,completed,Cavan,IE,Sauna session,2,0
C0079,2025-12-08,45.00,20:00,8,completed,Cavan,IE,Private hire,1,0
C0107,2025-12-08,45.00,11:00,8,completed,Belfast,GB,Sauna session,1,0
C0135,2025-12-08,55.00,20:00,8,completed,Longford,IE,Sauna session,1,5
C0146,2025-12-08,55.00,11:00,8,completed,Longford,IE,Cold plunge,1,0
C0182,2025-12-08,55.00,17:00,8,completed,Longford,IE,Private hire,1,0
C0345,2025-12-08,45.00,11:00,8,completed,Longford,IE,Cold plunge,1,0
C0358,2025-12-08,55.00,20:00,8,completed,Longford,IE,Ten-pack,2,0
C0001,2025-12-09,45.00,20:00,8,completed,Cavan,IE,Private hire,1,0
C0138,2025-12-09,45.00,17:00,8,completed,Longford,IE,Ten-pack,2,0
C0194,2025-12-09,45.00,11:00,8,completed,Mullingar,IE,Sauna session,1,0
C0208,2025-12-09,45.00,17:00,8,completed,,,Private hire,2,0
C0215,2025-12-09,55.00,17:00,8,completed,Longford,IE,Ten-pack,2,0
C0225,2025-12-09,55.00,18:00,8,completed,Longford,IE,Private hire,2,0
C0280,2025-12-09,45.00,17:00,8,completed,Longford,IE,Cold plunge,1,0
C0320,2025-12-09,55.00,11:00,8,completed,Granard,IE,Cold plunge,1,0
C0102,2025-12-10,55.00,11:00,8,completed,Longford,IE,Sauna session,2,0
C0112,2025-12-10,55.00,17:00,8,completed,Granard,IE,Private hire,2,0
C0131,2025-12-10,55.00,14:00,8,completed,,,Sauna session,1,5
C0276,2025-12-10,55.00,20:00,8,completed,Granard,IE,Ten-pack,2,5
C0278,2025-12-10,45.00,11:00,8,completed,Sligo,IE,Sauna session,1,0
C0303,2025-12-10,55.00,20:00,8,completed,Dublin,IE,Private hire,1,0
C0309,2025-12-10,45.00,18:00,8,completed,,,Sauna session,1,0
C0314,2025-12-10,55.00,20:00,8,completed,Longford,IE,Private hire,2,0
C0389,2025-12-10,45.00,20:00,8,completed,,,Ten-pack,2,0
C0016,2025-12-11,45.00,14:00,8,completed,,,Private hire,2,0
C0030,2025-12-11,45.00,14:00,8,completed,Longford,IE,Private hire,1,0
C0090,2025-12-11,55.00,20:00,8,completed,Granard,IE,Cold plunge,1,0
C0153,2025-12-11,45.00,17:00,8,completed,,,Cold plunge,2,5
C0157,2025-12-11,45.00,18:00,8,completed,Longford,IE,Private hire,1,0
C0203,2025-12-11,45.00,18:00,8,completed,Cavan,IE,Ten-pack,2,0
C0266,2025-12-11,55.00,18:00,8,cancelled,Dublin,IE,Sauna session,1,0
C0284,2025-12-11,45.00,11:00,8,completed,Longford,IE,Private hire,2,0
C0335,2025-12-11,45.00,18:00,8,completed,Belfast,GB,Cold plunge,2,0
C0010,2025-12-12,55.00,18:00,8,completed,Longford,IE,Private hire,2,0
C0051,2025-12-12,55.00,20:00,8,completed,Granard,IE,Ten-pack,2,0
C0061,2025-12-12,45.00,20:00,8,completed,Granard,IE,Cold plunge,2,5
C0074,2025-12-12,45.00,17:00,8,completed,Cavan,IE,Ten-pack,2,0
C0081,2025-12-12,45.00,11:00,8,completed,Granard,IE,Sauna session,1,5
C0085,2025-12-12,55.00,18:00,8,cancelled,Sligo,IE,Ten-pack,1,0
C0110,2025-12-12,45.00,20:00,8,completed,Cavan,IE,Private hire,2,0
C0258,2025-12-12,45.00,20:00,8,completed,Sligo,IE,Cold plunge,1,0
C0393,2025-12-12,45.00,11:00,8,completed,Belfast,GB,Private hire,2,0
C0244,2025-12-13,45.00,18:00,8,completed,Nowheresville,IE,Ten-pack,1,0
C0253,2025-12-13,45.00,17:00,8,completed,Longford,IE,Sauna session,1,5
C0286,2025-12-13,55.00,11:00,8,completed,Longford,IE,Sauna session,1,0
C0365,2025-12-13,45.00,14:00,8,completed,Longford,IE,Cold plunge,2,0
C0376,2025-12-13,45.00,11:00,8,no_show,Longford,IE,Cold plunge,1,0
F9-0,2025-12-13,45.00,18:00,8,completed,Longford,IE,Sauna session,1,0
F9-1,2025-12-13,45.00,18:00,8,completed,Longford,IE,Sauna session,1,0
F9-2,2025-12-13,45.00,18:00,8,completed,Longford,IE,Sauna session,1,0
F9-3,2025-12-13,45.00,18:00,8,completed,Longford,IE,Sauna session,1,0
F9-4,2025-12-13,45.00,18:00,8,completed,Longford,IE,Sauna session,1,0
F9-5,2025-12-13,45.00,18:00,8,completed,Longford,IE,Sauna session,1,0
F9-6,2025-12-13,45.00,18:00,8,completed,Longford,IE,Sauna session,1,0
F9-7,2025-12-13,45.00,18:00,8,completed,Longford,IE,Sauna session,1,0
C0086,2025-12-14,55.00,17:00,8,completed,,,Private hire,1,5
C0096,2025-12-14,45.00,20:00,8,completed,Belfast,GB,Private hire,1,0
C0174,2025-12-14,55.00,11:00,8,completed,Belfast,GB,Ten-pack,1,0
C0202,2025-12-14,45.00,14:00,8,completed,Longford,IE,Private hire,1,0
C0207,2025-12-14,45.00,17:00,8,completed,Cavan,IE,Cold plunge,1,0
C0268,2025-12-14,45.00,11:00,8,completed,Cavan,IE,Ten-pack,1,0
C0282,2025-12-14,45.00,20:00,8,completed,Granard,IE,Sauna session,1,0
C0356,2025-12-14,45.00,11:00,8,cancelled,Sligo,IE,Cold plunge,1,0
C0399,2025-12-14,45.00,14:00,8,completed,Granard,IE,Sauna session,1,0
C0021,2025-12-15,45.00,20:00,8,completed,Dublin,IE,Cold plunge,1,0
C0070,2025-12-15,45.00,11:00,8,completed,Longford,IE,Sauna session,1,0
C0134,2025-12-15,45.00,17:00,8,completed,Longford,IE,Cold plunge,2,0
C0137,2025-12-15,45.00,14:00,8,completed,Cavan,IE,Ten-pack,1,0
C0256,2025-12-15,45.00,11:00,8,completed,Granard,IE,Cold plunge,2,0
C0289,2025-12-15,45.00,11:00,8,completed,Dublin,IE,Private hire,2,0
C0296,2025-12-15,45.00,17:00,8,completed,Longford,IE,Private hire,1,0
C0361,2025-12-15,45.00,18:00,8,completed,Mullingar,IE,Private hire,2,5
C0380,2025-12-15,45.00,11:00,8,completed,Cavan,IE,Sauna session,1,0
C0387,2025-12-15,45.00,20:00,8,cancelled,Longford,IE,Sauna session,1,0
C0031,2025-12-16,55.00,17:00,8,completed,Cavan,IE,Cold plunge,1,0
C0040,2025-12-16,45.00,11:00,8,completed,Granard,IE,Private hire,2,0
C0120,2025-12-16,45.00,14:00,8,completed,Belfast,GB,Private hire,2,0
C0158,2025-12-16,55.00,18:00,8,completed,Longford,IE,Sauna session,1,5
C0239,2025-12-16,55.00,18:00,8,completed,Granard,IE,Private hire,1,0
C0336,2025-12-16,45.00,17:00,8,completed,Sligo,IE,Cold plunge,1,0
C0109,2025-12-17,55.00,14:00,8,completed,Dublin,IE,Cold plunge,2,0
C0192,2025-12-17,45.00,11:00,8,completed,,,Ten-pack,2,0
C0255,2025-12-17,45.00,20:00,8,completed,Cavan,IE,Ten-pack,2,0
C0385,2025-12-17,55.00,14:00,8,completed,Longford,IE,Private hire,1,0
C0395,2025-12-17,45.00,11:00,8,completed,Mullingar,IE,Ten-pack,2,5
C0027,2025-12-18,55.00,17:00,8,completed,Granard,IE,Sauna session,2,0
C0055,2025-12-18,45.00,17:00,8,completed,Longford,IE,Ten-pack,2,0
C0095,2025-12-18,45.00,17:00,8,no_show,Longford,IE,Private hire,1,0
C0121,2025-12-18,45.00,14:00,8,completed,Cavan,IE,Sauna session,1,0
C0148,2025-12-18,55.00,20:00,8,completed,Longford,IE,Sauna session,2,0
C0159,2025-12-18,45.00,14:00,8,no_show,Longford,IE,Sauna session,1,0
C0169,2025-12-18,55.00,14:00,8,completed,Granard,IE,Private hire,1,0
C0184,2025-12-18,45.00,11:00,8,completed,Longford,IE,Cold plunge,1,0
C0193,2025-12-18,45.00,14:00,8,completed,Cavan,IE,Private hire,1,0
C0216,2025-12-18,45.00,18:00,8,completed,Nowheresville,IE,Sauna session,2,0
C0231,2025-12-18,45.00,18:00,8,cancelled,Sligo,IE,Private hire,1,0
C0254,2025-12-18,45.00,20:00,8,completed,Longford,IE,Cold plunge,2,0
C0279,2025-12-18,45.00,20:00,8,completed,Longford,IE,Sauna session,1,0
C0316,2025-12-18,45.00,18:00,8,completed,Granard,IE,Ten-pack,1,0
C0344,2025-12-18,45.00,11:00,8,completed,Dublin,IE,Sauna session,1,0
C0379,2025-12-18,55.00,17:00,8,completed,Cavan,IE,Ten-pack,1,0
C0006,2025-12-19,55.00,17:00,8,completed,Dublin,IE,Sauna session,1,5
C0065,2025-12-19,55.00,11:00,8,completed,Longford,IE,Cold plunge,1,0
C0168,2025-12-19,45.00,20:00,8,completed,Longford,IE,Private hire,1,0
C0281,2025-12-19,55.00,14:00,8,cancelled,Longford,IE,Private hire,1,5
C0299,2025-12-19,45.00,18:00,8,completed,Cavan,IE,Ten-pack,2,0
C0306,2025-12-19,45.00,18:00,8,completed,Longford,IE,Cold plunge,1,0
C0363,2025-12-19,45.00,20:00,8,completed,Longford,IE,Private hire,2,0
C0398,2025-12-19,45.00,14:00,8,completed,,,Sauna session,1,0
C0028,2025-12-20,55.00,14:00,8,completed,Belfast,GB,Private hire,2,5
C0044,2025-12-20,45.00,18:00,8,completed,Sligo,IE,Cold plunge,1,0
C0119,2025-12-20,45.00,14:00,8,completed,Longford,IE,Cold plunge,1,0
C0126,2025-12-20,45.00,18:00,8,completed,Longford,IE,Sauna session,2,5
C0173,2025-12-20,45.00,17:00,8,completed,Longford,IE,Sauna session,1,0
C0198,2025-12-20,45.00,20:00,8,completed,Nowheresville,IE,Cold plunge,1,0
C0234,2025-12-20,55.00,20:00,8,completed,Cavan,IE,Sauna session,1,0
C0242,2025-12-20,45.00,14:00,8,completed,Longford,IE,Sauna session,1,5
C0288,2025-12-20,45.00,18:00,8,completed,Cavan,IE,Ten-pack,2,0
C0291,2025-12-20,45.00,11:00,8,completed,Longford,IE,Private hire,2,0
C0312,2025-12-20,45.00,20:00,8,completed,Mullingar,IE,Cold plunge,1,0
C0371,2025-12-20,45.00,11:00,8,no_show,Cavan,IE,Sauna session,1,0
F10-0,2025-12-20,45.00,18:00,8,completed,Longford,IE,Sauna session,1,0
F10-1,2025-12-20,45.00,18:00,8,completed,Longford,IE,Sauna session,1,0
C0050,2025-12-21,45.00,20:00,8,completed,,,Sauna session,2,5
C0108,2025-12-21,55.00,14:00,8,completed,Cavan,IE,Cold plunge,2,0
C0241,2025-12-21,45.00,14:00,8,completed,Granard,IE,Cold plunge,2,0
C0328,2025-12-21,45.00,14:00,8,no_show,Longford,IE,Cold plunge,2,0
C0334,2025-12-21,45.00,18:00,8,completed,Longford,IE,Cold plunge,1,0
C0351,2025-12-21,45.00,18:00,8,completed,Dublin,IE,Ten-pack,2,0
C0383,2025-12-21,45.00,20:00,8,completed,,,Cold plunge,2,5
C0056,2025-12-22,55.00,14:00,8,completed,Sligo,IE,Cold plunge,1,0
C0064,2025-12-22,45.00,11:00,8,completed,Longford,IE,Cold plunge,2,0
C0116,2025-12-22,55.00,20:00,8,completed,,,Sauna session,1,0
C0135,2025-12-22,55.00,20:00,8,completed,Longford,IE,Sauna session,1,5
C0318,2025-12-22,45.00,20:00,8,completed,Granard,IE,Cold plunge,2,0
C0345,2025-12-22,45.00,11:00,8,cancelled,Longford,IE,Cold plunge,1,0
C0001,2025-12-23,45.00,20:00,8,completed,Cavan,IE,Private hire,1,0
C0012,2025-12-23,45.00,18:00,8,completed,Mullingar,IE,Ten-pack,2,0
C0138,2025-12-23,45.00,17:00,8,completed,Longford,IE,Ten-pack,2,0
C0194,2025-12-23,45.00,11:00,8,completed,Mullingar,IE,Sauna session,1,0
C0225,2025-12-23,45.00,18:00,8,cancelled,Longford,IE,Private hire,2,0
C0238,2025-12-23,55.00,20:00,8,completed,,,Sauna session,1,0
C0248,2025-12-23,45.00,18:00,8,completed,Mullingar,IE,Ten-pack,1,0
C0280,2025-12-23,45.00,17:00,8,completed,Longford,IE,Cold plunge,1,0
C0348,2025-12-23,45.00,14:00,8,completed,Longford,IE,Private hire,1,0
C0378,2025-12-23,45.00,20:00,8,completed,Granard,IE,Private hire,2,0
C0024,2025-12-24,55.00,14:00,8,completed,,,Private hire,1,0
C0102,2025-12-24,45.00,11:00,8,completed,Longford,IE,Sauna session,2,0
C0131,2025-12-24,55.00,14:00,8,completed,,,Sauna session,1,5
C0249,2025-12-24,45.00,18:00,8,completed,Cavan,IE,Private hire,1,0
C0261,2025-12-24,45.00,20:00,8,completed,Dublin,IE,Sauna session,1,0
C0278,2025-12-24,55.00,11:00,8,completed,Sligo,IE,Sauna session,1,0
C0285,2025-12-24,45.00,14:00,8,completed,Cavan,IE,Cold plunge,2,0
C0309,2025-12-24,45.00,18:00,8,completed,,,Sauna session,1,0
C0362,2025-12-24,45.00,11:00,8,completed,Longford,IE,Ten-pack,1,0
C0090,2025-12-25,55.00,20:00,8,cancelled,Granard,IE,Cold plunge,1,0
C0153,2025-12-25,45.00,17:00,8,completed,,,Cold plunge,2,5
C0157,2025-12-25,55.00,18:00,8,completed,Longford,IE,Private hire,1,0
C0219,2025-12-25,45.00,20:00,8,no_show,Cavan,IE,Ten-pack,1,5
C0350,2025-12-25,55.00,18:00,8,no_show,Granard,IE,Ten-pack,2,0
C0013,2025-12-26,45.00,17:00,8,cancelled,Granard,IE,Sauna session,1,0
C0071,2025-12-26,45.00,20:00,8,completed,Granard,IE,Sauna session,1,0
C0081,2025-12-26,55.00,11:00,8,completed,Granard,IE,Sauna session,1,5
C0191,2025-12-26,45.00,11:00,8,cancelled,Dublin,IE,Private hire,2,0
C0217,2025-12-26,55.00,14:00,8,completed,Sligo,IE,Sauna session,1,0
C0259,2025-12-26,45.00,17:00,8,completed,Mullingar,IE,Cold plunge,2,5
C0324,2025-12-26,45.00,18:00,8,completed,Granard,IE,Ten-pack,1,0
C0337,2025-12-26,45.00,14:00,8,completed,Nowheresville,IE,Sauna session,1,0
C0367,2025-12-26,45.00,20:00,8,completed,Belfast,GB,Private hire,2,0
C0123,2025-12-27,45.00,18:00,8,completed,Cavan,IE,Sauna session,1,0
C0163,2025-12-27,55.00,20:00,8,completed,Dublin,IE,Sauna session,1,0
C0196,2025-12-27,45.00,11:00,8,completed,Longford,IE,Ten-pack,2,0
C0222,2025-12-27,45.00,14:00,8,completed,Longford,IE,Private hire,1,0
C0298,2025-12-27,45.00,14:00,8,completed,Longford,IE,Private hire,2,5
C0310,2025-12-27,45.00,14:00,8,completed,Mullingar,IE,Cold plunge,1,0
C0329,2025-12-27,45.00,14:00,8,completed,Cavan,IE,Sauna session,1,0
F11-0,2025-12-27,45.00,18:00,8,completed,Longford,IE,Sauna session,1,0
F11-1,2025-12-27,45.00,18:00,8,completed,Longford,IE,Sauna session,1,0
F11-2,2025-12-27,45.00,18:00,8,completed,Longford,IE,Sauna session,1,0
F11-3,2025-12-27,45.00,18:00,8,completed,Longford,IE,Sauna session,1,0
F11-4,2025-12-27,45.00,18:00,8,completed,Longford,IE,Sauna session,1,0
F11-5,2025-12-27,45.00,18:00,8,completed,Longford,IE,Sauna session,1,0
F11-6,2025-12-27,45.00,18:00,8,completed,Longford,IE,Sauna session,1,0
F11-7,2025-12-27,45.00,18:00,8,completed,Longford,IE,Sauna session,1,0
C0004,2025-12-28,45.00,18:00,8,completed,Granard,IE,Ten-pack,1,0
C0207,2025-12-28,55.00,17:00,8,completed,Cavan,IE,Cold plunge,1,0
C0209,2025-12-28,45.00,11:00,8,completed,Belfast,GB,Ten-pack,1,0
C0233,2025-12-28,45.00,17:00,8,completed,Granard,IE,Ten-pack,2,0
C0304,2025-12-28,55.00,17:00,8,completed,Dublin,IE,Private hire,1,0
C0354,2025-12-28,45.00,14:00,8,completed,Dublin,IE,Cold plunge,1,0
C0360,2025-12-28,45.00,11:00,8,completed,Cavan,IE,Sauna session,2,0
C0370,2025-12-28,45.00,17:00,8,completed,Longford,IE,Sauna session,1,0
C0399,2025-12-28,45.00,14:00,8,completed,Granard,IE,Sauna session,1,0
C0019,2025-12-29,45.00,17:00,8,completed,,,Sauna session,1,0
C0107,2025-12-29,55.00,11:00,8,completed,Belfast,GB,Sauna session,1,0
C0134,2025-12-29,55.00,17:00,8,cancelled,Longford,IE,Cold plunge,2,0
C0243,2025-12-29,45.00,17:00,8,completed,Cavan,IE,Cold plunge,2,0
C0256,2025-12-29,55.00,11:00,8,no_show,Granard,IE,Cold plunge,2,0
C0008,2025-12-30,45.00,14:00,8,completed,Dublin,IE,Sauna session,2,0
C0015,2025-12-30,45.00,14:00,8,completed,Sligo,IE,Private hire,1,0
C0040,2025-12-30,55.00,11:00,8,completed,Granard,IE,Private hire,2,0
C0062,2025-12-30,45.00,17:00,8,completed,Dublin,IE,Private hire,1,0
C0158,2025-12-30,45.00,18:00,8,completed,Longford,IE,Sauna session,1,5
C0208,2025-12-30,45.00,17:00,8,completed,,,Private hire,2,0
C0239,2025-12-30,45.00,18:00,8,completed,Granard,IE,Private hire,1,0
C0260,2025-12-30,55.00,14:00,8,completed,Cavan,IE,Private hire,1,0
C0320,2025-12-30,45.00,11:00,8,completed,Granard,IE,Cold plunge,1,0
C0353,2025-12-30,45.00,20:00,8,completed,Longford,IE,Sauna session,1,0
C0355,2025-12-30,45.00,20:00,8,completed,Dublin,IE,Cold plunge,1,5
C0382,2025-12-30,45.00,17:00,8,no_show,Mullingar,IE,Sauna session,2,0
C0045,2025-12-31,45.00,18:00,8,completed,Granard,IE,Cold plunge,1,0
C0112,2025-12-31,45.00,17:00,8,completed,Granard,IE,Private hire,2,0
C0160,2025-12-31,45.00,18:00,8,completed,Belfast,GB,Cold plunge,1,0
C0192,2025-12-31,45.00,11:00,8,completed,,,Ten-pack,2,0
C0218,2025-12-31,45.00,17:00,8,completed,Granard,IE,Private hire,2,5
C0255,2025-12-31,45.00,20:00,8,completed,Cavan,IE,Ten-pack,2,0
C0287,2025-12-31,45.00,11:00,8,completed,Mullingar,IE,Cold plunge,2,0
C0314,2025-12-31,45.00,20:00,8,completed,Longford,IE,Private hire,2,0
C0385,2025-12-31,45.00,14:00,8,cancelled,Longford,IE,Private hire,1,0
C0389,2025-12-31,45.00,20:00,8,no_show,,,Ten-pack,2,0
C0016,2026-01-01,45.00,14:00,8,completed,,,Private hire,2,0
C0121,2026-01-01,45.00,14:00,8,completed,Cavan,IE,Sauna session,1,0
C0149,2026-01-01,55.00,18:00,8,completed,Longford,IE,Ten-pack,1,0
C0193,2026-01-01,45.00,14:00,8,completed,Cavan,IE,Private hire,1,0
C0199,2026-01-01,45.00,18:00,8,completed,Dublin,IE,Private hire,2,0
C0231,2026-01-01,45.00,18:00,8,completed,Sligo,IE,Private hire,1,0
C0254,2026-01-01,55.00,20:00,8,completed,Longford,IE,Cold plunge,2,0
C0377,2026-01-01,45.00,20:00,8,completed,Longford,IE,Sauna session,2,0
C0048,2026-01-02,45.00,11:00,8,completed,Granard,IE,Cold plunge,1,0
C0051,2026-01-02,45.00,20:00,8,completed,Granard,IE,Ten-pack,2,0
C0074,2026-01-02,45.00,17:00,8,completed,Cavan,IE,Ten-pack,2,0
C0099,2026-01-02,45.00,11:00,8,completed,Sligo,IE,Sauna session,2,0
C0110,2026-01-02,55.00,20:00,8,completed,Cavan,IE,Private hire,2,0
C0147,2026-01-02,45.00,14:00,8,completed,,,Private hire,1,0
C0168,2026-01-02,45.00,20:00,8,cancelled,Longford,IE,Private hire,1,0
C0172,2026-01-02,45.00,11:00,8,completed,Granard,IE,Private hire,1,0
C0237,2026-01-02,55.00,20:00,8,completed,Cavan,IE,Private hire,1,0
C0258,2026-01-02,45.00,20:00,8,completed,Sligo,IE,Cold plunge,1,0
C0393,2026-01-02,55.00,11:00,8,completed,Belfast,GB,Private hire,2,0
C0398,2026-01-02,45.00,14:00,8,completed,,,Sauna session,1,0
C0044,2026-01-03,45.00,18:00,8,completed,Sligo,IE,Cold plunge,1,0
C0173,2026-01-03,45.00,17:00,8,completed,Longford,IE,Sauna session,1,0
C0244,2026-01-03,55.00,18:00,8,cancelled,Nowheresville,IE,Ten-pack,1,0
C0312,2026-01-03,45.00,20:00,8,completed,Mullingar,IE,Cold plunge,1,0
C0338,2026-01-03,55.00,20:00,8,no_show,Cavan,IE,Ten-pack,2,5
C0347,2026-01-03,55.00,20:00,8,completed,Longford,IE,Cold plunge,1,0
C0349,2026-01-03,45.00,20:00,8,completed,Dublin,IE,Ten-pack,1,0
C0365,2026-01-03,55.00,14:00,8,completed,Longford,IE,Cold plunge,2,0
F12-0,2026-01-03,45.00,18:00,8,completed,Longford,IE,Sauna session,1,0
F12-1,2026-01-03,45.00,18:00,8,completed,Longford,IE,Sauna session,1,0
F12-2,2026-01-03,45.00,18:00,8,completed,Longford,IE,Sauna session,1,0
F12-3,2026-01-03,45.00,18:00,8,completed,Longford,IE,Sauna session,1,0
F12-4,2026-01-03,45.00,18:00,8,completed,Longford,IE,Sauna session,1,0
F12-5,2026-01-03,45.00,18:00,8,completed,Longford,IE,Sauna session,1,0
F12-6,2026-01-03,45.00,18:00,8,completed,Longford,IE,Sauna session,1,0
F12-7,2026-01-03,45.00,18:00,8,completed,Longford,IE,Sauna session,1,0
C0077,2026-01-04,55.00,14:00,8,completed,Dublin,IE,Sauna session,1,5
C0096,2026-01-04,45.00,20:00,8,completed,Belfast,GB,Private hire,1,0
C0179,2026-01-04,45.00,18:00,8,completed,Cavan,IE,Sauna session,2,0
C0227,2026-01-04,45.00,20:00,8,no_show,Nowheresville,IE,Private hire,2,0
C0240,2026-01-04,45.00,14:00,8,completed,Dublin,IE,Sauna session,1,0
C0241,2026-01-04,45.00,14:00,8,completed,Granard,IE,Cold plunge,2,0
C0268,2026-01-04,45.00,11:00,8,completed,Cavan,IE,Ten-pack,1,0
C0282,2026-01-04,45.00,20:00,8,completed,Granard,IE,Sauna session,1,0
C0283,2026-01-04,45.00,14:00,8,completed,Longford,IE,Sauna session,1,0
C0334,2026-01-04,45.00,18:00,8,completed,Longford,IE,Cold plunge,1,0
C0351,2026-01-04,45.00,18:00,8,completed,Dublin,IE,Ten-pack,2,0
C0356,2026-01-04,55.00,11:00,8,no_show,Sligo,IE,Cold plunge,1,0
C0372,2026-01-04,45.00,11:00,8,completed,Longford,IE,Sauna session,1,0
C0392,2026-01-04,45.00,11:00,8,completed,Cavan,IE,Ten-pack,2,0
C0021,2026-01-05,45.00,20:00,8,completed,Dublin,IE,Cold plunge,1,0
C0070,2026-01-05,45.00,11:00,8,completed,Longford,IE,Sauna session,1,0
C0094,2026-01-05,45.00,20:00,8,completed,Sligo,IE,Ten-pack,1,0
C0135,2026-01-05,55.00,20:00,8,completed,Longford,IE,Sauna session,1,5
C0269,2026-01-05,45.00,20:00,8,completed,Belfast,GB,Sauna session,1,0
C0273,2026-01-05,55.00,11:00,8,completed,,,Ten-pack,2,0
C0289,2026-01-05,45.00,11:00,8,completed,Dublin,IE,Private hire,2,0
C0296,2026-01-05,45.00,17:00,8,no_show,Longford,IE,Private hire,1,0
C0318,2026-01-05,45.00,20:00,8,completed,Granard,IE,Cold plunge,2,0
C0358,2026-01-05,45.00,20:00,8,completed,Longford,IE,Ten-pack,2,0
C0387,2026-01-05,55.00,20:00,8,completed,Longford,IE,Sauna session,1,0
C0001,2026-01-06,45.00,20:00,8,completed,Cavan,IE,Private hire,1,0
C0031,2026-01-06,45.00,17:00,8,completed,Cavan,IE,Cold plunge,1,0
C0053,2026-01-06,45.00,14:00,8,completed,Granard,IE,Private hire,2,0
C0165,2026-01-06,45.00,18:00,8,completed,Longford,IE,Cold plunge,2,0
C0171,2026-01-06,45.00,18:00,8,no_show,Longford,IE,Cold plunge,2,0
C0245,2026-01-06,45.00,17:00,8,completed,Longford,IE,Cold plunge,2,0
C0265,2026-01-06,55.00,17:00,8,completed,Belfast,GB,Private hire,1,0
C0280,2026-01-06,45.00,17:00,8,completed,Longford,IE,Cold plunge,1,0
C0301,2026-01-06,45.00,14:00,8,no_show,Granard,IE,Ten-pack,2,0
C0336,2026-01-06,45.00,17:00,8,completed,Sligo,IE,Cold plunge,1,0
C0378,2026-01-06,45.00,20:00,8,completed,Granard,IE,Private hire,2,0
C0388,2026-01-06,45.00,20:00,8,completed,Granard,IE,Cold plunge,2,0
C0102,2026-01-07,55.00,11:00,8,completed,Longford,IE,Sauna session,2,0
C0188,2026-01-07,55.00,20:00,8,completed,,,Ten-pack,1,0
C0249,2026-01-07,55.00,18:00,8,completed,Cavan,IE,Private hire,1,0
C0278,2026-01-07,45.00,11:00,8,completed,Sligo,IE,Sauna session,1,0
C0285,2026-01-07,55.00,14:00,8,completed,Cavan,IE,Cold plunge,2,0
C0309,2026-01-07,45.00,18:00,8,completed,,,Sauna session,1,0
C0362,2026-01-07,45.00,11:00,8,completed,Longford,IE,Ten-pack,1,0
C0005,2026-01-08,45.00,14:00,8,completed,,,Cold plunge,1,0
C0055,2026-01-08,45.00,17:00,8,completed,Longford,IE,Ten-pack,2,0
C0095,2026-01-08,45.00,17:00,8,completed,Longford,IE,Private hire,1,0
C0159,2026-01-08,55.00,14:00,8,completed,Longford,IE,Sauna session,1,0
C0200,2026-01-08,55.00,17:00,8,no_show,Belfast,GB,Ten-pack,1,0
C0216,2026-01-08,45.00,18:00,8,completed,Nowheresville,IE,Sauna session,2,0
C0297,2026-01-08,45.00,14:00,8,completed,Nowheresville,IE,Sauna session,2,0
C0335,2026-01-08,45.00,18:00,8,completed,Belfast,GB,Cold plunge,2,0
C0344,2026-01-08,45.00,11:00,8,completed,Dublin,IE,Sauna session,1,0
C0350,2026-01-08,45.00,18:00,8,completed,Granard,IE,Ten-pack,2,0
C0010,2026-01-09,45.00,18:00,8,completed,Longford,IE,Private hire,2,0
C0125,2026-01-09,45.00,14:00,8,completed,Longford,IE,Ten-pack,1,0
C0259,2026-01-09,45.00,17:00,8,completed,Mullingar,IE,Cold plunge,2,5
C0306,2026-01-09,55.00,18:00,8,completed,Longford,IE,Cold plunge,1,0
C0367,2026-01-09,45.00,20:00,8,completed,Belfast,GB,Private hire,2,0
C0022,2026-01-10,45.00,17:00,8,completed,,,Sauna session,2,0
C0028,2026-01-10,55.00,14:00,8,completed,Belfast,GB,Private hire,2,5
C0093,2026-01-10,45.00,18:00,8,completed,Cavan,IE,Ten-pack,2,0
C0123,2026-01-10,45.00,18:00,8,completed,Cavan,IE,Sauna session,1,0
C0176,2026-01-10,45.00,17:00,8,completed,Belfast,GB,Ten-pack,1,5
C0181,2026-01-10,55.00,18:00,8,completed,Longford,IE,Sauna session,2,0
C0183,2026-01-10,45.00,11:00,8,completed,Mullingar,IE,Private hire,2,0
C0242,2026-01-10,55.00,14:00,8,completed,Longford,IE,Sauna session,1,5
C0340,2026-01-10,45.00,18:00,8,completed,Longford,IE,Sauna session,1,0
C0371,2026-01-10,45.00,11:00,8,completed,Cavan,IE,Sauna session,1,0
C0376,2026-01-10,45.00,11:00,8,completed,Longford,IE,Cold plunge,1,0
F13-0,2026-01-10,45.00,18:00,8,completed,Longford,IE,Sauna session,1,0
F13-1,2026-01-10,45.00,18:00,8,completed,Longford,IE,Sauna session,1,0
F13-2,2026-01-10,45.00,18:00,8,completed,Longford,IE,Sauna session,1,0
F13-3,2026-01-10,45.00,18:00,8,completed,Longford,IE,Sauna session,1,0
F13-4,2026-01-10,45.00,18:00,8,completed,Longford,IE,Sauna session,1,0
F13-5,2026-01-10,45.00,18:00,8,completed,Longford,IE,Sauna session,1,0
F13-6,2026-01-10,45.00,18:00,8,completed,Longford,IE,Sauna session,1,0
F13-7,2026-01-10,45.00,18:00,8,completed,Longford,IE,Sauna session,1,0
C0004,2026-01-11,55.00,18:00,8,completed,Granard,IE,Ten-pack,1,0
C0050,2026-01-11,45.00,20:00,8,completed,,,Sauna session,2,5
C0067,2026-01-11,45.00,11:00,8,completed,Cavan,IE,Sauna session,1,0
C0162,2026-01-11,45.00,14:00,8,completed,Longford,IE,Sauna session,1,5
C0267,2026-01-11,45.00,20:00,8,completed,Nowheresville,IE,Ten-pack,2,0
C0319,2026-01-11,45.00,20:00,8,completed,Longford,IE,Ten-pack,2,0
C0327,2026-01-11,45.00,14:00,8,completed,Dublin,IE,Sauna session,1,0
C0333,2026-01-11,55.00,18:00,8,completed,,,Sauna session,1,0
C0360,2026-01-11,45.00,11:00,8,completed,Cavan,IE,Sauna session,2,0
C0383,2026-01-11,55.00,20:00,8,completed,,,Cold plunge,2,5
C0107,2026-01-12,45.00,11:00,8,completed,Belfast,GB,Sauna session,1,0
C0117,2026-01-12,45.00,17:00,8,completed,Mullingar,IE,Private hire,2,0
C0133,2026-01-12,45.00,20:00,8,completed,Longford,IE,Cold plunge,2,0
C0256,2026-01-12,45.00,11:00,8,completed,Granard,IE,Cold plunge,2,0
C0345,2026-01-12,45.00,11:00,8,completed,Longford,IE,Cold plunge,1,0
C0361,2026-01-12,45.00,18:00,8,completed,Mullingar,IE,Private hire,2,5
C0380,2026-01-12,55.00,11:00,8,completed,Cavan,IE,Sauna session,1,0
C0040,2026-01-13,45.00,11:00,8,no_show,Granard,IE,Private hire,2,0
C0128,2026-01-13,45.00,17:00,8,completed,Sligo,IE,Private hire,1,0
C0138,2026-01-13,45.00,17:00,8,completed,Longford,IE,Ten-pack,2,0
C0141,2026-01-13,45.00,17:00,8,completed,Dublin,IE,Private hire,1,0
C0167,2026-01-13,55.00,20:00,8,completed,Granard,IE,Sauna session,2,0
C0194,2026-01-13,45.00,11:00,8,completed,Mullingar,IE,Sauna session,1,0
C0208,2026-01-13,45.00,17:00,8,completed,,,Private hire,2,0
C0215,2026-01-13,45.00,17:00,8,completed,Longford,IE,Ten-pack,2,0
C0225,2026-01-13,45.00,18:00,8,completed,Longford,IE,Private hire,2,0
C0238,2026-01-13,45.00,20:00,8,completed,,,Sauna session,1,0
C0248,2026-01-13,55.00,18:00,8,cancelled,Mullingar,IE,Ten-pack,1,0
C0348,2026-01-13,55.00,14:00,8,completed,Longford,IE,Private hire,1,0
C0353,2026-01-13,45.00,20:00,8,completed,Longford,IE,Sauna session,1,0
C0024,2026-01-14,55.00,14:00,8,completed,,,Private hire,1,0
C0047,2026-01-14,45.00,18:00,8,completed,Longford,IE,Sauna session,1,0
C0127,2026-01-14,45.00,20:00,8,completed,Longford,IE,Private hire,1,5
C0131,2026-01-14,55.00,14:00,8,completed,,,Sauna session,1,5
C0221,2026-01-14,45.00,17:00,8,completed,Mullingar,IE,Cold plunge,2,0
C0385,2026-01-14,45.00,14:00,8,completed,Longford,IE,Private hire,1,0
C0389,2026-01-14,45.00,20:00,8,completed,,,Ten-pack,2,0
C0002,2026-01-15,45.00,20:00,8,completed,Cavan,IE,Private hire,1,0
C0090,2026-01-15,55.00,20:00,8,completed,Granard,IE,Cold plunge,1,0
C0105,2026-01-15,45.00,11:00,8,completed,Granard,IE,Cold plunge,1,0
C0121,2026-01-15,55.00,14:00,8,completed,Cavan,IE,Sauna session,1,0
C0153,2026-01-15,45.00,17:00,8,completed,,,Cold plunge,2,5
C0157,2026-01-15,45.00,18:00,8,completed,Longford,IE,Private hire,1,0
C0164,2026-01-15,55.00,18:00,8,completed,Longford,IE,Sauna session,1,0
C0169,2026-01-15,45.00,14:00,8,completed,Granard,IE,Private hire,1,0
C0231,2026-01-15,45.00,18:00,8,completed,Sligo,IE,Private hire,1,0
C0252,2026-01-15,45.00,14:00,8,completed,Mullingar,IE,Cold plunge,2,0
C0254,2026-01-15,55.00,20:00,8,completed,Longford,IE,Cold plunge,2,0
C0279,2026-01-15,55.00,20:00,8,completed,Longford,IE,Sauna session,1,0
C0013,2026-01-16,55.00,17:00,8,completed,Granard,IE,Sauna session,1,0
C0074,2026-01-16,45.00,17:00,8,completed,Cavan,IE,Ten-pack,2,0
C0081,2026-01-16,55.00,11:00,8,completed,Granard,IE,Sauna session,1,5
C0129,2026-01-16,55.00,14:00,8,completed,Longford,IE,Ten-pack,1,0
C0147,2026-01-16,55.00,14:00,8,completed,,,Private hire,1,0
C0168,2026-01-16,55.00,20:00,8,cancelled,Longford,IE,Private hire,1,0
C0191,2026-01-16,45.00,11:00,8,completed,Dublin,IE,Private hire,2,0
C0337,2026-01-16,45.00,14:00,8,completed,Nowheresville,IE,Sauna session,1,0
C0393,2026-01-16,45.00,11:00,8,completed,Belfast,GB,Private hire,2,0
C0398,2026-01-16,45.00,14:00,8,completed,,,Sauna session,1,0
C0009,2026-01-17,45.00,20:00,8,completed,Longford,IE,Sauna session,1,0
C0083,2026-01-17,55.00,18:00,8,completed,Longford,IE,Ten-pack,1,0
C0113,2026-01-17,55.00,14:00,8,no_show,Belfast,GB,Sauna session,2,0
C0119,2026-01-17,45.00,14:00,8,completed,Longford,IE,Cold plunge,1,0
C0173,2026-01-17,45.00,17:00,8,completed,Longford,IE,Sauna session,1,0
C0198,2026-01-17,45.00,20:00,8,completed,Nowheresville,IE,Cold plunge,1,0
C0298,2026-01-17,45.00,14:00,8,completed,Longford,IE,Private hire,2,5
C0365,2026-01-17,55.00,14:00,8,completed,Longford,IE,Cold plunge,2,0
F14-0,2026-01-17,45.00,18:00,8,completed,Longford,IE,Sauna session,1,0
F14-1,2026-01-17,45.00,18:00,8,completed,Longford,IE,Sauna session,1,0
F14-2,2026-01-17,45.00,18:00,8,completed,Longford,IE,Sauna session,1,0
F14-3,2026-01-17,45.00,18:00,8,completed,Longford,IE,Sauna session,1,0
F14-4,2026-01-17,45.00,18:00,8,completed,Longford,IE,Sauna session,1,0
F14-5,2026-01-17,45.00,18:00,8,completed,Longford,IE,Sauna session,1,0
F14-6,2026-01-17,45.00,18:00,8,completed,Longford,IE,Sauna session,1,0
F14-7,2026-01-17,45.00,18:00,8,completed,Longford,IE,Sauna session,1,0
C0052,2026-01-18,55.00,17:00,8,completed,Cavan,IE,Ten-pack,2,0
C0143,2026-01-18,45.00,14:00,8,completed,Sligo,IE,Ten-pack,1,0
C0207,2026-01-18,45.00,17:00,8,completed,Cavan,IE,Cold plunge,1,0
C0209,2026-01-18,45.00,11:00,8,completed,Belfast,GB,Ten-pack,1,0
C0268,2026-01-18,55.00,11:00,8,completed,Cavan,IE,Ten-pack,1,0
C0282,2026-01-18,45.00,20:00,8,completed,Granard,IE,Sauna session,1,0
C0351,2026-01-18,55.00,18:00,8,completed,Dublin,IE,Ten-pack,2,0
C0354,2026-01-18,45.00,14:00,8,completed,Dublin,IE,Cold plunge,1,0
C0399,2026-01-18,45.00,14:00,8,completed,Granard,IE,Sauna session,1,0
C0400,2026-01-18,45.00,20:00,8,completed,,,Ten-pack,1,0
C0021,2026-01-19,45.00,20:00,8,no_show,Dublin,IE,Cold plunge,1,0
C0069,2026-01-19,45.00,20:00,8,completed,,,Private hire,2,0
C0134,2026-01-19,45.00,17:00,8,completed,Longford,IE,Cold plunge,2,0
C0182,2026-01-19,45.00,17:00,8,completed,Longford,IE,Private hire,1,0
C0189,2026-01-19,45.00,14:00,8,completed,Longford,IE,Sauna session,2,0
C0318,2026-01-19,45.00,20:00,8,no_show,Granard,IE,Cold plunge,2,0
C0012,2026-01-20,45.00,18:00,8,completed,Mullingar,IE,Ten-pack,2,0
C0015,2026-01-20,45.00,14:00,8,completed,Sligo,IE,Private hire,1,0
C0031,2026-01-20,45.00,17:00,8,completed,Cavan,IE,Cold plunge,1,0
C0043,2026-01-20,45.00,14:00,8,cancelled,Mullingar,IE,Cold plunge,1,0
C0062,2026-01-20,55.00,17:00,8,completed,Dublin,IE,Private hire,1,0
C0063,2026-01-20,55.00,17:00,8,completed,Cavan,IE,Sauna session,1,0
C0158,2026-01-20,45.00,18:00,8,completed,Longford,IE,Sauna session,1,5
C0239,2026-01-20,45.00,18:00,8,completed,Granard,IE,Private hire,1,0
C0280,2026-01-20,45.00,17:00,8,completed,Longford,IE,Cold plunge,1,0
C0320,2026-01-20,45.00,11:00,8,completed,Granard,IE,Cold plunge,1,0
C0336,2026-01-20,45.00,17:00,8,completed,Sligo,IE,Cold plunge,1,0
C0378,2026-01-20,45.00,20:00,8,cancelled,Granard,IE,Private hire,2,0
C0072,2026-01-21,55.00,17:00,8,completed,Dublin,IE,Private hire,1,0
C0100,2026-01-21,55.00,17:00,8,completed,Sligo,IE,Ten-pack,2,0
C0102,2026-01-21,45.00,11:00,8,completed,Longford,IE,Sauna session,2,0
C0112,2026-01-21,55.00,17:00,8,completed,Granard,IE,Private hire,2,0
C0160,2026-01-21,45.00,18:00,8,completed,Belfast,GB,Cold plunge,1,0
C0192,2026-01-21,45.00,11:00,8,completed,,,Ten-pack,2,0
C0255,2026-01-21,45.00,20:00,8,no_show,Cavan,IE,Ten-pack,2,0
C0314,2026-01-21,55.00,20:00,8,no_show,Longford,IE,Private hire,2,0
C0016,2026-01-22,45.00,14:00,8,completed,,,Private hire,2,0
C0159,2026-01-22,45.00,14:00,8,completed,Longford,IE,Sauna session,1,0
C0175,2026-01-22,55.00,20:00,8,no_show,Cavan,IE,Ten-pack,2,0
C0193,2026-01-22,45.00,14:00,8,completed,Cavan,IE,Private hire,1,0
C0266,2026-01-22,45.00,18:00,8,completed,Dublin,IE,Sauna session,1,0
C0284,2026-01-22,45.00,11:00,8,completed,Longford,IE,Private hire,2,0
C0323,2026-01-22,45.00,11:00,8,completed,,,Private hire,2,0
C0350,2026-01-22,45.00,18:00,8,completed,Granard,IE,Ten-pack,2,0
C0048,2026-01-23,45.00,11:00,8,completed,Granard,IE,Cold plunge,1,0
C0051,2026-01-23,45.00,20:00,8,completed,Granard,IE,Ten-pack,2,0
C0085,2026-01-23,45.00,18:00,8,completed,Sligo,IE,Ten-pack,1,0
C0110,2026-01-23,45.00,20:00,8,completed,Cavan,IE,Private hire,2,0
C0258,2026-01-23,55.00,20:00,8,completed,Sligo,IE,Cold plunge,1,0
C0259,2026-01-23,45.00,17:00,8,completed,Mullingar,IE,Cold plunge,2,5
C0305,2026-01-23,45.00,14:00,8,completed,Longford,IE,Sauna session,2,0
C0308,2026-01-23,45.00,14:00,8,completed,Cavan,IE,Sauna session,1,0
C0363,2026-01-23,45.00,20:00,8,completed,Longford,IE,Private hire,2,0
C0028,2026-01-24,45.00,14:00,8,completed,Belfast,GB,Private hire,2,5
C0044,2026-01-24,45.00,18:00,8,completed,Sligo,IE,Cold plunge,1,0
C0068,2026-01-24,45.00,11:00,8,completed,,,Sauna session,2,0
C0103,2026-01-24,45.00,17:00,8,completed,Nowheresville,IE,Cold plunge,1,0
C0126,2026-01-24,45.00,18:00,8,cancelled,Longford,IE,Sauna session,2,5
C0244,2026-01-24,45.00,18:00,8,completed,Nowheresville,IE,Ten-pack,1,0
C0253,2026-01-24,45.00,17:00,8,completed,Longford,IE,Sauna session,1,5
C0312,2026-01-24,45.00,20:00,8,cancelled,Mullingar,IE,Cold plunge,1,0
F15-0,2026-01-24,45.00,18:00,8,completed,Longford,IE,Sauna session,1,0
F15-1,2026-01-24,45.00,18:00,8,completed,Longford,IE,Sauna session,1,0
F15-2,2026-01-24,45.00,18:00,8,completed,Longford,IE,Sauna session,1,0
F15-3,2026-01-24,45.00,18:00,8,completed,Longford,IE,Sauna session,1,0
F15-4,2026-01-24,45.00,18:00,8,completed,Longford,IE,Sauna session,1,0
F15-5,2026-01-24,45.00,18:00,8,completed,Longford,IE,Sauna session,1,0
F15-6,2026-01-24,45.00,18:00,8,completed,Longford,IE,Sauna session,1,0
F15-7,2026-01-24,45.00,18:00,8,completed,Longford,IE,Sauna session,1,0
C0004,2026-01-25,45.00,18:00,8,completed,Granard,IE,Ten-pack,1,0
C0037,2026-01-25,45.00,14:00,8,completed,Cavan,IE,Cold plunge,1,0
C0241,2026-01-25,45.00,14:00,8,completed,Granard,IE,Cold plunge,2,0
C0304,2026-01-25,45.00,17:00,8,completed,Dublin,IE,Private hire,1,0
C0334,2026-01-25,45.00,18:00,8,completed,Longford,IE,Cold plunge,1,0
C0356,2026-01-25,45.00,11:00,8,completed,Sligo,IE,Cold plunge,1,0
C0360,2026-01-25,55.00,11:00,8,completed,Cavan,IE,Sauna session,2,0
C0370,2026-01-25,45.00,17:00,8,completed,Longford,IE,Sauna session,1,0
C0019,2026-01-26,55.00,17:00,8,completed,,,Sauna session,1,0
C0020,2026-01-26,45.00,17:00,8,completed,Longford,IE,Sauna session,1,0
C0064,2026-01-26,45.00,11:00,8,completed,Longford,IE,Cold plunge,2,0
C0070,2026-01-26,45.00,11:00,8,completed,Longford,IE,Sauna session,1,0
C0079,2026-01-26,45.00,20:00,8,completed,Cavan,IE,Private hire,1,0
C0135,2026-01-26,55.00,20:00,8,completed,Longford,IE,Sauna session,1,5
C0139,2026-01-26,45.00,14:00,8,completed,Dublin,IE,Sauna session,1,0
C0229,2026-01-26,45.00,11:00,8,completed,Granard,IE,Cold plunge,2,0
C0256,2026-01-26,55.00,11:00,8,completed,Granard,IE,Cold plunge,2,0
C0289,2026-01-26,45.00,11:00,8,completed,Dublin,IE,Private hire,2,0
C0296,2026-01-26,45.00,17:00,8,completed,Longford,IE,Private hire,1,0
C0345,2026-01-26,45.00,11:00,8,completed,Longford,IE,Cold plunge,1,0
C0001,2026-01-27,45.00,20:00,8,completed,Cavan,IE,Private hire,1,0
C0120,2026-01-27,45.00,14:00,8,completed,Belfast,GB,Private hire,2,0
C0211,2026-01-27,55.00,18:00,8,completed,Dublin,IE,Sauna session,2,0
C0245,2026-01-27,45.00,17:00,8,completed,Longford,IE,Cold plunge,2,0
C0248,2026-01-27,45.00,18:00,8,completed,Mullingar,IE,Ten-pack,1,0
C0348,2026-01-27,45.00,14:00,8,completed,Longford,IE,Private hire,1,0
C0388,2026-01-27,45.00,20:00,8,completed,Granard,IE,Cold plunge,2,0
C0131,2026-01-28,45.00,14:00,8,completed,,,Sauna session,1,5
C0188,2026-01-28,45.00,20:00,8,completed,,,Ten-pack,1,0
C0249,2026-01-28,55.00,18:00,8,no_show,Cavan,IE,Private hire,1,0
C0276,2026-01-28,55.00,20:00,8,completed,Granard,IE,Ten-pack,2,5
C0278,2026-01-28,45.00,11:00,8,completed,Sligo,IE,Sauna session,1,0
C0285,2026-01-28,45.00,14:00,8,completed,Cavan,IE,Cold plunge,2,0
C0309,2026-01-28,45.00,18:00,8,completed,,,Sauna session,1,0
C0362,2026-01-28,45.00,11:00,8,completed,Longford,IE,Ten-pack,1,0
C0005,2026-01-29,55.00,14:00,8,completed,,,Cold plunge,1,0
C0027,2026-01-29,55.00,17:00,8,cancelled,Granard,IE,Sauna session,2,0
C0055,2026-01-29,45.00,17:00,8,completed,Longford,IE,Ten-pack,2,0
C0090,2026-01-29,45.00,20:00,8,completed,Granard,IE,Cold plunge,1,0
C0095,2026-01-29,45.00,17:00,8,cancelled,Longford,IE,Private hire,1,0
C0121,2026-01-29,45.00,14:00,8,completed,Cavan,IE,Sauna session,1,0
C0148,2026-01-29,45.00,20:00,8,completed,Longford,IE,Sauna session,2,0
C0216,2026-01-29,55.00,18:00,8,completed,Nowheresville,IE,Sauna session,2,0
C0219,2026-01-29,45.00,20:00,8,no_show,Cavan,IE,Ten-pack,1,5
C0335,2026-01-29,45.00,18:00,8,completed,Belfast,GB,Cold plunge,2,0
C0344,2026-01-29,45.00,11:00,8,completed,Dublin,IE,Sauna session,1,0
C0124,2026-01-30,45.00,17:00,8,completed,Granard,IE,Ten-pack,1,0
C0172,2026-01-30,55.00,11:00,8,completed,Granard,IE,Private hire,1,0
C0281,2026-01-30,45.00,14:00,8,completed,Longford,IE,Private hire,1,5
C0306,2026-01-30,45.00,18:00,8,completed,Longford,IE,Cold plunge,1,0
C0324,2026-01-30,45.00,18:00,8,completed,Granard,IE,Ten-pack,1,0
C0337,2026-01-30,45.00,14:00,8,completed,Nowheresville,IE,Sauna session,1,0
C0367,2026-01-30,45.00,20:00,8,completed,Belfast,GB,Private hire,2,0
C0393,2026-01-30,45.00,11:00,8,completed,Belfast,GB,Private hire,2,0
C0082,2026-01-31,55.00,14:00,8,completed,Longford,IE,Private hire,1,0
C0123,2026-01-31,55.00,18:00,8,completed,Cavan,IE,Sauna session,1,0
C0173,2026-01-31,45.00,17:00,8,completed,Longford,IE,Sauna session,1,0
C0222,2026-01-31,45.00,14:00,8,cancelled,Longford,IE,Private hire,1,0
C0242,2026-01-31,45.00,14:00,8,completed,Longford,IE,Sauna session,1,5
C0286,2026-01-31,45.00,11:00,8,completed,Longford,IE,Sauna session,1,0
C0288,2026-01-31,45.00,18:00,8,completed,Cavan,IE,Ten-pack,2,0
C0310,2026-01-31,45.00,14:00,8,completed,Mullingar,IE,Cold plunge,1,0
C0329,2026-01-31,45.00,14:00,8,completed,Cavan,IE,Sauna session,1,0
C0339,2026-01-31,55.00,17:00,8,completed,Belfast,GB,Sauna session,1,0
C0340,2026-01-31,45.00,18:00,8,completed,Longford,IE,Sauna session,1,0
C0371,2026-01-31,45.00,11:00,8,completed,Cavan,IE,Sauna session,1,0
C0375,2026-01-31,45.00,18:00,8,completed,Sligo,IE,Ten-pack,1,0
F16-0,2026-01-31,45.00,18:00,8,completed,Longford,IE,Sauna session,1,0
F16-1,2026-01-31,45.00,18:00,8,completed,Longford,IE,Sauna session,1,0
F16-2,2026-01-31,45.00,18:00,8,completed,Longford,IE,Sauna session,1,0
F16-3,2026-01-31,45.00,18:00,8,completed,Longford,IE,Sauna session,1,0
F16-4,2026-01-31,45.00,18:00,8,completed,Longford,IE,Sauna session,1,0
F16-5,2026-01-31,45.00,18:00,8,completed,Longford,IE,Sauna session,1,0
F16-6,2026-01-31,45.00,18:00,8,completed,Longford,IE,Sauna session,1,0
F16-7,2026-01-31,45.00,18:00,8,completed,Longford,IE,Sauna session,1,0
C0050,2026-02-01,55.00,20:00,8,completed,,,Sauna session,2,5
C0096,2026-02-01,45.00,20:00,8,cancelled,Belfast,GB,Private hire,1,0
C0174,2026-02-01,45.00,11:00,8,completed,Belfast,GB,Ten-pack,1,0
C0202,2026-02-01,45.00,14:00,8,completed,Longford,IE,Private hire,1,0
C0207,2026-02-01,55.00,17:00,8,completed,Cavan,IE,Cold plunge,1,0
C0240,2026-02-01,45.00,14:00,8,completed,Dublin,IE,Sauna session,1,0
C0264,2026-02-01,55.00,11:00,8,completed,Cavan,IE,Sauna session,1,0
C0267,2026-02-01,45.00,20:00,8,completed,Nowheresville,IE,Ten-pack,2,0
C0282,2026-02-01,45.00,20:00,8,completed,Granard,IE,Sauna session,1,0
C0333,2026-02-01,45.00,18:00,8,completed,,,Sauna session,1,0
C0354,2026-02-01,55.00,14:00,8,completed,Dublin,IE,Cold plunge,1,0
C0383,2026-02-01,55.00,20:00,8,completed,,,Cold plunge,2,5
C0399,2026-02-01,45.00,14:00,8,no_show,Granard,IE,Sauna session,1,0
C0056,2026-02-02,55.00,14:00,8,completed,Sligo,IE,Cold plunge,1,0
C0107,2026-02-02,45.00,11:00,8,completed,Belfast,GB,Sauna session,1,0
C0117,2026-02-02,45.00,17:00,8,completed,Mullingar,IE,Private hire,2,0
C0318,2026-02-02,45.00,20:00,8,completed,Granard,IE,Cold plunge,2,0
C0008,2026-02-03,45.00,14:00,8,completed,Dublin,IE,Sauna session,2,0
C0040,2026-02-03,45.00,11:00,8,completed,Granard,IE,Private hire,2,0
C0138,2026-02-03,45.00,17:00,8,completed,Longford,IE,Ten-pack,2,0
C0161,2026-02-03,45.00,14:00,8,completed,Sligo,IE,Private hire,1,0
C0194,2026-02-03,45.00,11:00,8,no_show,Mullingar,IE,Sauna session,1,0
C0208,2026-02-03,45.00,17:00,8,completed,,,Private hire,2,0
C0225,2026-02-03,45.00,18:00,8,completed,Longford,IE,Private hire,2,0
C0238,2026-02-03,45.00,20:00,8,cancelled,,,Sauna session,1,0
C0320,2026-02-03,55.00,11:00,8,completed,Granard,IE,Cold plunge,1,0
C0353,2026-02-03,45.00,20:00,8,completed,Longford,IE,Sauna session,1,0
C0378,2026-02-03,45.00,20:00,8,completed,Granard,IE,Private hire,2,0
C0024,2026-02-04,45.00,14:00,8,completed,,,Private hire,1,0
C0045,2026-02-04,55.00,18:00,8,completed,Granard,IE,Cold plunge,1,0
C0102,2026-02-04,55.00,11:00,8,completed,Longford,IE,Sauna session,2,0
C0112,2026-02-04,45.00,17:00,8,completed,Granard,IE,Private hire,2,0
C0192,2026-02-04,45.00,11:00,8,completed,,,Ten-pack,2,0
C0197,2026-02-04,45.00,14:00,8,completed,Mullingar,IE,Sauna session,2,0
C0385,2026-02-04,45.00,14:00,8,completed,Longford,IE,Private hire,1,0
C0389,2026-02-04,45.00,20:00,8,completed,,,Ten-pack,2,0
C0002,2026-02-05,55.00,20:00,8,completed,Cavan,IE,Private hire,1,0
C0016,2026-02-05,45.00,14:00,8,completed,,,Private hire,2,0
C0087,2026-02-05,45.00,20:00,8,completed,Sligo,IE,Private hire,1,0
C0098,2026-02-05,55.00,17:00,8,completed,Cavan,IE,Ten-pack,2,0
C0153,2026-02-05,45.00,17:00,8,completed,,,Cold plunge,2,5
C0157,2026-02-05,45.00,18:00,8,completed,Longford,IE,Private hire,1,0
C0164,2026-02-05,45.00,18:00,8,completed,Longford,IE,Sauna session,1,0
C0170,2026-02-05,45.00,11:00,8,completed,Mullingar,IE,Ten-pack,1,0
C0230,2026-02-05,45.00,20:00,8,cancelled,Dublin,IE,Private hire,2,0
C0231,2026-02-05,55.00,18:00,8,completed,Sligo,IE,Private hire,1,0
C0254,2026-02-05,55.00,20:00,8,completed,Longford,IE,Cold plunge,2,0
C0297,2026-02-05,55.00,14:00,8,completed,Nowheresville,IE,Sauna session,2,0
C0006,2026-02-06,45.00,17:00,8,no_show,Dublin,IE,Sauna session,1,5
C0013,2026-02-06,45.00,17:00,8,completed,Granard,IE,Sauna session,1,0
C0051,2026-02-06,45.00,20:00,8,completed,Granard,IE,Ten-pack,2,0
C0071,2026-02-06,45.00,20:00,8,completed,Granard,IE,Sauna session,1,0
C0074,2026-02-06,45.00,17:00,8,completed,Cavan,IE,Ten-pack,2,0
C0081,2026-02-06,45.00,11:00,8,completed,Granard,IE,Sauna session,1,5
C0110,2026-02-06,45.00,20:00,8,completed,Cavan,IE,Private hire,2,0
C0125,2026-02-06,55.00,14:00,8,completed,Longford,IE,Ten-pack,1,0
C0147,2026-02-06,45.00,14:00,8,completed,,,Private hire,1,0
C0168,2026-02-06,45.00,20:00,8,completed,Longford,IE,Private hire,1,0
C0191,2026-02-06,45.00,11:00,8,completed,Dublin,IE,Private hire,2,0
C0217,2026-02-06,45.00,14:00,8,completed,Sligo,IE,Sauna session,1,0
C0258,2026-02-06,45.00,20:00,8,completed,Sligo,IE,Cold plunge,1,0
C0259,2026-02-06,45.00,17:00,8,completed,Mullingar,IE,Cold plunge,2,5
C0398,2026-02-06,45.00,14:00,8,completed,,,Sauna session,1,0
C0028,2026-02-07,45.00,14:00,8,completed,Belfast,GB,Private hire,2,5
C0044,2026-02-07,55.00,18:00,8,completed,Sligo,IE,Cold plunge,1,0
C0103,2026-02-07,45.00,17:00,8,completed,Nowheresville,IE,Cold plunge,1,0
C0176,2026-02-07,45.00,17:00,8,completed,Belfast,GB,Ten-pack,1,5
C0196,2026-02-07,45.00,11:00,8,cancelled,Longford,IE,Ten-pack,2,0
C0198,2026-02-07,45.00,20:00,8,completed,Nowheresville,IE,Cold plunge,1,0
C0263,2026-02-07,55.00,14:00,8,completed,Sligo,IE,Cold plunge,2,0
C0298,2026-02-07,45.00,14:00,8,completed,Longford,IE,Private hire,2,5
C0312,2026-02-07,45.00,20:00,8,completed,Mullingar,IE,Cold plunge,1,0
C0365,2026-02-07,55.00,14:00,8,cancelled,Longford,IE,Cold plunge,2,0
F17-0,2026-02-07,45.00,18:00,8,completed,Longford,IE,Sauna session,1,0
F17-1,2026-02-07,45.00,18:00,8,completed,Longford,IE,Sauna session,1,0
F17-2,2026-02-07,45.00,18:00,8,completed,Longford,IE,Sauna session,1,0
F17-3,2026-02-07,45.00,18:00,8,completed,Longford,IE,Sauna session,1,0
F17-4,2026-02-07,45.00,18:00,8,completed,Longford,IE,Sauna session,1,0
F17-5,2026-02-07,45.00,18:00,8,completed,Longford,IE,Sauna session,1,0
F17-6,2026-02-07,45.00,18:00,8,completed,Longford,IE,Sauna session,1,0
F17-7,2026-02-07,45.00,18:00,8,completed,Longford,IE,Sauna session,1,0
C0036,2026-02-08,45.00,20:00,8,cancelled,Granard,IE,Ten-pack,2,0
C0108,2026-02-08,45.00,14:00,8,completed,Cavan,IE,Cold plunge,2,0
C0179,2026-02-08,45.00,18:00,8,completed,Cavan,IE,Sauna session,2,0
C0205,2026-02-08,45.00,20:00,8,completed,Longford,IE,Sauna session,1,5
C0209,2026-02-08,45.00,11:00,8,completed,Belfast,GB,Ten-pack,1,0
C0268,2026-02-08,45.00,11:00,8,completed,Cavan,IE,Ten-pack,1,0
C0292,2026-02-08,45.00,20:00,8,completed,Mullingar,IE,Sauna session,2,0
C0328,2026-02-08,55.00,14:00,8,completed,Longford,IE,Cold plunge,2,0
C0334,2026-02-08,45.00,18:00,8,completed,Longford,IE,Cold plunge,1,0
C0351,2026-02-08,55.00,18:00,8,cancelled,Dublin,IE,Ten-pack,2,0
C0356,2026-02-08,55.00,11:00,8,no_show,Sligo,IE,Cold plunge,1,0
C0360,2026-02-08,55.00,11:00,8,completed,Cavan,IE,Sauna session,2,0
C0392,2026-02-08,45.00,11:00,8,completed,Cavan,IE,Ten-pack,2,0
C0021,2026-02-09,45.00,20:00,8,completed,Dublin,IE,Cold plunge,1,0
C0134,2026-02-09,55.00,17:00,8,completed,Longford,IE,Cold plunge,2,0
C0256,2026-02-09,45.00,11:00,8,completed,Granard,IE,Cold plunge,2,0
C0289,2026-02-09,45.00,11:00,8,completed,Dublin,IE,Private hire,2,0
C0358,2026-02-09,45.00,20:00,8,completed,Longford,IE,Ten-pack,2,0
C0001,2026-02-10,55.00,20:00,8,completed,Cavan,IE,Private hire,1,0
C0031,2026-02-10,45.00,17:00,8,completed,Cavan,IE,Cold plunge,1,0
C0158,2026-02-10,45.00,18:00,8,completed,Longford,IE,Sauna session,1,5
C0226,2026-02-10,45.00,18:00,8,completed,Granard,IE,Private hire,1,0
C0239,2026-02-10,45.00,18:00,8,cancelled,Granard,IE,Private hire,1,0
C0248,2026-02-10,45.00,18:00,8,completed,Mullingar,IE,Ten-pack,1,0
C0260,2026-02-10,45.00,14:00,8,completed,Cavan,IE,Private hire,1,0
C0280,2026-02-10,55.00,17:00,8,cancelled,Longford,IE,Cold plunge,1,0
C0317,2026-02-10,55.00,11:00,8,completed,Sligo,IE,Cold plunge,1,0
C0336,2026-02-10,55.00,17:00,8,completed,Sligo,IE,Cold plunge,1,0
C0038,2026-02-11,45.00,17:00,8,completed,Longford,IE,Cold plunge,1,0
C0218,2026-02-11,45.00,17:00,8,completed,Granard,IE,Private hire,2,5
C0249,2026-02-11,55.00,18:00,8,completed,Cavan,IE,Private hire,1,0
C0255,2026-02-11,55.00,20:00,8,completed,Cavan,IE,Ten-pack,2,0
C0314,2026-02-11,45.00,20:00,8,completed,Longford,IE,Private hire,2,0
C0362,2026-02-11,55.00,11:00,8,completed,Longford,IE,Ten-pack,1,0
C0055,2026-02-12,45.00,17:00,8,cancelled,Longford,IE,Ten-pack,2,0
C0092,2026-02-12,45.00,11:00,8,completed,Cavan,IE,Ten-pack,1,0
C0095,2026-02-12,45.00,17:00,8,no_show,Longford,IE,Private hire,1,0
C0121,2026-02-12,45.00,14:00,8,completed,Cavan,IE,Sauna session,1,0
C0149,2026-02-12,45.00,18:00,8,completed,Longford,IE,Ten-pack,1,0
C0159,2026-02-12,45.00,14:00,8,completed,Longford,IE,Sauna session,1,0
C0193,2026-02-12,45.00,14:00,8,completed,Cavan,IE,Private hire,1,0
C0203,2026-02-12,45.00,18:00,8,completed,Cavan,IE,Ten-pack,2,0
C0216,2026-02-12,55.00,18:00,8,completed,Nowheresville,IE,Sauna session,2,0
C0279,2026-02-12,45.00,20:00,8,completed,Longford,IE,Sauna session,1,0
C0284,2026-02-12,45.00,11:00,8,completed,Longford,IE,Private hire,2,0
C0350,2026-02-12,45.00,18:00,8,completed,Granard,IE,Ten-pack,2,0
C0377,2026-02-12,55.00,20:00,8,no_show,Longford,IE,Sauna session,2,0
C0048,2026-02-13,55.00,11:00,8,completed,Granard,IE,Cold plunge,1,0
C0065,2026-02-13,45.00,11:00,8,completed,Longford,IE,Cold plunge,1,0
C0124,2026-02-13,45.00,17:00,8,completed,Granard,IE,Ten-pack,1,0
C0214,2026-02-13,45.00,18:00,8,completed,Sligo,IE,Ten-pack,2,0
C0237,2026-02-13,45.00,20:00,8,completed,Cavan,IE,Private hire,1,0
C0270,2026-02-13,45.00,18:00,8,completed,Mullingar,IE,Sauna session,2,0
C0299,2026-02-13,55.00,18:00,8,completed,Cavan,IE,Ten-pack,2,0
C0306,2026-02-13,45.00,18:00,8,completed,Longford,IE,Cold plunge,1,0
C0359,2026-02-13,45.00,14:00,8,completed,Dublin,IE,Private hire,1,5
C0367,2026-02-13,45.00,20:00,8,completed,Belfast,GB,Private hire,2,0
C0374,2026-02-13,45.00,18:00,8,completed,,,Private hire,2,0
C0393,2026-02-13,45.00,11:00,8,completed,Belfast,GB,Private hire,2,0
C0009,2026-02-14,45.00,20:00,8,completed,Longford,IE,Sauna session,1,0
C0022,2026-02-14,45.00,17:00,8,completed,,,Sauna session,2,0
C0106,2026-02-14,55.00,18:00,8,completed,Dublin,IE,Private hire,1,0
C0111,2026-02-14,45.00,17:00,8,completed,Longford,IE,Sauna session,2,0
C0242,2026-02-14,45.00,14:00,8,completed,Longford,IE,Sauna session,1,5
C0244,2026-02-14,45.00,18:00,8,completed,Nowheresville,IE,Ten-pack,1,0
C0311,2026-02-14,45.00,14:00,8,completed,Dublin,IE,Private hire,1,0
C0349,2026-02-14,45.00,20:00,8,completed,Dublin,IE,Ten-pack,1,0
C0371,2026-02-14,55.00,11:00,8,completed,Cavan,IE,Sauna session,1,0
C0375,2026-02-14,45.00,18:00,8,no_show,Sligo,IE,Ten-pack,1,0
C0376,2026-02-14,55.00,11:00,8,completed,Longford,IE,Cold plunge,1,0
F18-0,2026-02-14,45.00,18:00,8,completed,Longford,IE,Sauna session,1,0
F18-1,2026-02-14,45.00,18:00,8,completed,Longford,IE,Sauna session,1,0
F18-2,2026-02-14,45.00,18:00,8,completed,Longford,IE,Sauna session,1,0
F18-3,2026-02-14,45.00,18:00,8,completed,Longford,IE,Sauna session,1,0
F18-4,2026-02-14,45.00,18:00,8,completed,Longford,IE,Sauna session,1,0
F18-5,2026-02-14,45.00,18:00,8,completed,Longford,IE,Sauna session,1,0
F18-6,2026-02-14,45.00,18:00,8,completed,Longford,IE,Sauna session,1,0
F18-7,2026-02-14,45.00,18:00,8,completed,Longford,IE,Sauna session,1,0
C0004,2026-02-15,45.00,18:00,8,cancelled,Granard,IE,Ten-pack,1,0
C0052,2026-02-15,55.00,17:00,8,completed,Cavan,IE,Ten-pack,2,0
C0241,2026-02-15,45.00,14:00,8,completed,Granard,IE,Cold plunge,2,0
C0294,2026-02-15,55.00,20:00,8,completed,Longford,IE,Ten-pack,1,0
C0319,2026-02-15,55.00,20:00,8,completed,Longford,IE,Ten-pack,2,0
C0327,2026-02-15,55.00,14:00,8,completed,Dublin,IE,Sauna session,1,0
C0357,2026-02-15,45.00,18:00,8,completed,Granard,IE,Ten-pack,1,0
C0372,2026-02-15,45.00,11:00,8,completed,Longford,IE,Sauna session,1,0
C0390,2026-02-15,55.00,11:00,8,completed,Belfast,GB,Ten-pack,2,0
C0032,2026-02-16,45.00,18:00,8,completed,Nowheresville,IE,Private hire,1,0
C0070,2026-02-16,45.00,11:00,8,completed,Longford,IE,Sauna session,1,0
C0097,2026-02-16,45.00,11:00,8,completed,Longford,IE,Cold plunge,2,0
C0107,2026-02-16,55.00,11:00,8,completed,Belfast,GB,Sauna session,1,0
C0135,2026-02-16,45.00,20:00,8,completed,Longford,IE,Sauna session,1,5
C0182,2026-02-16,45.00,17:00,8,no_show,Longford,IE,Private hire,1,0
C0269,2026-02-16,45.00,20:00,8,completed,Belfast,GB,Sauna session,1,0
C0318,2026-02-16,45.00,20:00,8,completed,Granard,IE,Cold plunge,2,0
C0345,2026-02-16,45.00,11:00,8,completed,Longford,IE,Cold plunge,1,0
C0033,2026-02-17,45.00,14:00,8,completed,Longford,IE,Sauna session,1,0
C0040,2026-02-17,45.00,11:00,8,completed,Granard,IE,Private hire,2,0
C0062,2026-02-17,45.00,17:00,8,completed,Dublin,IE,Private hire,1,0
C0104,2026-02-17,45.00,18:00,8,completed,,,Ten-pack,1,0
C0130,2026-02-17,45.00,14:00,8,completed,Mullingar,IE,Private hire,2,0
C0138,2026-02-17,55.00,17:00,8,completed,Longford,IE,Ten-pack,2,0
C0165,2026-02-17,55.00,18:00,8,completed,Longford,IE,Cold plunge,2,0
C0171,2026-02-17,45.00,18:00,8,completed,Longford,IE,Cold plunge,2,0
C0225,2026-02-17,45.00,18:00,8,completed,Longford,IE,Private hire,2,0
C0238,2026-02-17,45.00,20:00,8,completed,,,Sauna session,1,0
C0245,2026-02-17,45.00,17:00,8,completed,Longford,IE,Cold plunge,2,0
C0265,2026-02-17,55.00,17:00,8,completed,Belfast,GB,Private hire,1,0
C0301,2026-02-17,55.00,14:00,8,completed,Granard,IE,Ten-pack,2,0
C0320,2026-02-17,45.00,11:00,8,completed,Granard,IE,Cold plunge,1,0
C0348,2026-02-17,45.00,14:00,8,completed,Longford,IE,Private hire,1,0
C0378,2026-02-17,45.00,20:00,8,completed,Granard,IE,Private hire,2,0
C0382,2026-02-17,45.00,17:00,8,completed,Mullingar,IE,Sauna session,2,0
C0112,2026-02-18,55.00,17:00,8,completed,Granard,IE,Private hire,2,0
C0131,2026-02-18,55.00,14:00,8,completed,,,Sauna session,1,5
C0192,2026-02-18,45.00,11:00,8,no_show,,,Ten-pack,2,0
C0278,2026-02-18,45.00,11:00,8,completed,Sligo,IE,Sauna session,1,0
C0285,2026-02-18,45.00,14:00,8,completed,Cavan,IE,Cold plunge,2,0
C0309,2026-02-18,45.00,18:00,8,completed,,,Sauna session,1,0
C0366,2026-02-18,55.00,11:00,8,completed,Longford,IE,Sauna session,1,0
C0002,2026-02-19,55.00,20:00,8,completed,Cavan,IE,Private hire,1,0
C0016,2026-02-19,45.00,14:00,8,completed,,,Private hire,2,0
C0090,2026-02-19,45.00,20:00,8,completed,Granard,IE,Cold plunge,1,0
C0153,2026-02-19,45.00,17:00,8,cancelled,,,Cold plunge,2,5
C0157,2026-02-19,55.00,18:00,8,completed,Longford,IE,Private hire,1,0
C0169,2026-02-19,45.00,14:00,8,completed,Granard,IE,Private hire,1,0
C0200,2026-02-19,45.00,17:00,8,completed,Belfast,GB,Ten-pack,1,0
C0254,2026-02-19,45.00,20:00,8,completed,Longford,IE,Cold plunge,2,0
C0321,2026-02-19,45.00,14:00,8,completed,Dublin,IE,Sauna session,1,5
C0344,2026-02-19,45.00,11:00,8,completed,Dublin,IE,Sauna session,1,0
C0010,2026-02-20,45.00,18:00,8,cancelled,Longford,IE,Private hire,2,0
C0051,2026-02-20,55.00,20:00,8,completed,Granard,IE,Ten-pack,2,0
C0110,2026-02-20,45.00,20:00,8,completed,Cavan,IE,Private hire,2,0
C0151,2026-02-20,45.00,17:00,8,completed,,,Ten-pack,1,0
C0168,2026-02-20,45.00,20:00,8,completed,Longford,IE,Private hire,1,0
C0259,2026-02-20,45.00,17:00,8,cancelled,Mullingar,IE,Cold plunge,2,5
C0337,2026-02-20,45.00,14:00,8,completed,Nowheresville,IE,Sauna session,1,0
C0039,2026-02-21,55.00,20:00,8,completed,Belfast,GB,Cold plunge,1,0
C0041,2026-02-21,45.00,20:00,8,completed,Sligo,IE,Sauna session,2,0
C0042,2026-02-21,45.00,20:00,8,completed,Longford,IE,Ten-pack,1,0
C0044,2026-02-21,45.00,18:00,8,completed,Sligo,IE,Cold plunge,1,0
C0093,2026-02-21,45.00,18:00,8,completed,Cavan,IE,Ten-pack,2,0
C0103,2026-02-21,45.00,17:00,8,completed,Nowheresville,IE,Cold plunge,1,0
C0123,2026-02-21,45.00,18:00,8,completed,Cavan,IE,Sauna session,1,0
C0126,2026-02-21,45.00,18:00,8,no_show,Longford,IE,Sauna session,2,5
C0140,2026-02-21,45.00,14:00,8,completed,Granard,IE,Sauna session,1,0
C0166,2026-02-21,45.00,14:00,8,cancelled,Longford,IE,Ten-pack,1,0
C0173,2026-02-21,45.00,17:00,8,completed,Longford,IE,Sauna session,1,0
C0183,2026-02-21,45.00,11:00,8,no_show,Mullingar,IE,Private hire,2,0
C0288,2026-02-21,45.00,18:00,8,completed,Cavan,IE,Ten-pack,2,0
C0291,2026-02-21,45.00,11:00,8,completed,Longford,IE,Private hire,2,0
C0298,2026-02-21,45.00,14:00,8,cancelled,Longford,IE,Private hire,2,5
F19-0,2026-02-21,45.00,18:00,8,completed,Longford,IE,Sauna session,1,0
F19-1,2026-02-21,45.00,18:00,8,completed,Longford,IE,Sauna session,1,0
F19-2,2026-02-21,45.00,18:00,8,completed,Longford,IE,Sauna session,1,0
F19-3,2026-02-21,45.00,18:00,8,completed,Longford,IE,Sauna session,1,0
F19-4,2026-02-21,45.00,18:00,8,completed,Longford,IE,Sauna session,1,0
F19-5,2026-02-21,45.00,18:00,8,completed,Longford,IE,Sauna session,1,0
F19-6,2026-02-21,45.00,18:00,8,completed,Longford,IE,Sauna session,1,0
F19-7,2026-02-21,45.00,18:00,8,completed,Longford,IE,Sauna session,1,0
C0037,2026-02-22,45.00,14:00,8,completed,Cavan,IE,Cold plunge,1,0
C0050,2026-02-22,45.00,20:00,8,completed,,,Sauna session,2,5
C0202,2026-02-22,45.00,14:00,8,completed,Longford,IE,Private hire,1,0
C0207,2026-02-22,55.00,17:00,8,completed,Cavan,IE,Cold plunge,1,0
C0233,2026-02-22,45.00,17:00,8,completed,Granard,IE,Ten-pack,2,0
C0240,2026-02-22,45.00,14:00,8,completed,Dublin,IE,Sauna session,1,0
C0267,2026-02-22,45.00,20:00,8,completed,Nowheresville,IE,Ten-pack,2,0
C0268,2026-02-22,45.00,11:00,8,completed,Cavan,IE,Ten-pack,1,0
C0282,2026-02-22,55.00,20:00,8,completed,Granard,IE,Sauna session,1,0
C0334,2026-02-22,45.00,18:00,8,completed,Longford,IE,Cold plunge,1,0
C0351,2026-02-22,45.00,18:00,8,completed,Dublin,IE,Ten-pack,2,0
C0354,2026-02-22,45.00,14:00,8,completed,Dublin,IE,Cold plunge,1,0
C0356,2026-02-22,45.00,11:00,8,completed,Sligo,IE,Cold plunge,1,0
C0383,2026-02-22,45.00,20:00,8,cancelled,,,Cold plunge,2,5
C0399,2026-02-22,45.00,14:00,8,completed,Granard,IE,Sauna session,1,0
C0117,2026-02-23,45.00,17:00,8,no_show,Mullingar,IE,Private hire,2,0
C0134,2026-02-23,55.00,17:00,8,completed,Longford,IE,Cold plunge,2,0
C0256,2026-02-23,45.00,11:00,8,completed,Granard,IE,Cold plunge,2,0
C0289,2026-02-23,45.00,11:00,8,completed,Dublin,IE,Private hire,2,0
C0361,2026-02-23,45.00,18:00,8,completed,Mullingar,IE,Private hire,2,5
C0380,2026-02-23,45.00,11:00,8,completed,Cavan,IE,Sauna session,1,0
C0387,2026-02-23,45.00,20:00,8,completed,Longford,IE,Sauna session,1,0
C0015,2026-02-24,45.00,14:00,8,completed,Sligo,IE,Private hire,1,0
C0141,2026-02-24,45.00,17:00,8,completed,Dublin,IE,Private hire,1,0
C0155,2026-02-24,45.00,17:00,8,completed,Nowheresville,IE,Cold plunge,1,0
C0185,2026-02-24,45.00,18:00,8,cancelled,Mullingar,IE,Sauna session,1,0
C0194,2026-02-24,45.00,11:00,8,completed,Mullingar,IE,Sauna session,1,0
C0208,2026-02-24,45.00,17:00,8,completed,,,Private hire,2,0
C0215,2026-02-24,45.00,17:00,8,completed,Longford,IE,Ten-pack,2,0
C0317,2026-02-24,45.00,11:00,8,no_show,Sligo,IE,Cold plunge,1,0
C0336,2026-02-24,55.00,17:00,8,completed,Sligo,IE,Cold plunge,1,0
C0353,2026-02-24,45.00,20:00,8,completed,Longford,IE,Sauna session,1,0
C0024,2026-02-25,45.00,14:00,8,completed,,,Private hire,1,0
C0045,2026-02-25,45.00,18:00,8,completed,Granard,IE,Cold plunge,1,0
C0102,2026-02-25,45.00,11:00,8,completed,Longford,IE,Sauna session,2,0
C0180,2026-02-25,45.00,17:00,8,no_show,Longford,IE,Ten-pack,1,0
C0188,2026-02-25,55.00,20:00,8,completed,,,Ten-pack,1,0
C0249,2026-02-25,45.00,18:00,8,completed,Cavan,IE,Private hire,1,0
C0362,2026-02-25,55.00,11:00,8,no_show,Longford,IE,Ten-pack,1,0
C0385,2026-02-25,45.00,14:00,8,completed,Longford,IE,Private hire,1,0
C0389,2026-02-25,45.00,20:00,8,completed,,,Ten-pack,2,0
C0005,2026-02-26,45.00,14:00,8,no_show,,,Cold plunge,1,0
C0055,2026-02-26,45.00,17:00,8,completed,Longford,IE,Ten-pack,2,0
C0092,2026-02-26,45.00,11:00,8,completed,Cavan,IE,Ten-pack,1,0
C0159,2026-02-26,55.00,14:00,8,completed,Longford,IE,Sauna session,1,0
C0164,2026-02-26,45.00,18:00,8,completed,Longford,IE,Sauna session,1,0
C0193,2026-02-26,45.00,14:00,8,completed,Cavan,IE,Private hire,1,0
C0219,2026-02-26,55.00,20:00,8,completed,Cavan,IE,Ten-pack,1,5
C0220,2026-02-26,45.00,14:00,8,completed,Longford,IE,Cold plunge,2,5
C0231,2026-02-26,45.00,18:00,8,completed,Sligo,IE,Private hire,1,0
C0266,2026-02-26,45.00,18:00,8,completed,Dublin,IE,Sauna session,1,0
C0335,2026-02-26,55.00,18:00,8,completed,Belfast,GB,Cold plunge,2,0
C0350,2026-02-26,45.00,18:00,8,completed,Granard,IE,Ten-pack,2,0
C0013,2026-02-27,45.00,17:00,8,completed,Granard,IE,Sauna session,1,0
C0074,2026-02-27,45.00,17:00,8,completed,Cavan,IE,Ten-pack,2,0
C0081,2026-02-27,55.00,11:00,8,completed,Granard,IE,Sauna session,1,5
C0147,2026-02-27,55.00,14:00,8,completed,,,Private hire,1,0
C0258,2026-02-27,45.00,20:00,8,completed,Sligo,IE,Cold plunge,1,0
C0305,2026-02-27,45.00,14:00,8,completed,Longford,IE,Sauna session,2,0
C0306,2026-02-27,45.00,18:00,8,completed,Longford,IE,Cold plunge,1,0
C0367,2026-02-27,55.00,20:00,8,completed,Belfast,GB,Private hire,2,0
C0374,2026-02-27,45.00,18:00,8,completed,,,Private hire,2,0
C0384,2026-02-27,45.00,11:00,8,no_show,Longford,IE,Private hire,1,0
C0398,2026-02-27,45.00,14:00,8,completed,,,Sauna session,1,0
C0028,2026-02-28,55.00,14:00,8,completed,Belfast,GB,Private hire,2,5
C0068,2026-02-28,45.00,11:00,8,no_show,,,Sauna session,2,0
C0119,2026-02-28,45.00,14:00,8,completed,Longford,IE,Cold plunge,1,0
C0163,2026-02-28,45.00,20:00,8,completed,Dublin,IE,Sauna session,1,0
C0222,2026-02-28,45.00,14:00,8,completed,Longford,IE,Private hire,1,0
C0257,2026-02-28,45.00,17:00,8,completed,Granard,IE,Ten-pack,1,0
C0286,2026-02-28,45.00,11:00,8,completed,Longford,IE,Sauna session,1,0
C0312,2026-02-28,55.00,20:00,8,completed,Mullingar,IE,Cold plunge,1,0
C0365,2026-02-28,45.00,14:00,8,no_show,Longford,IE,Cold plunge,2,0
C0375,2026-02-28,55.00,18:00,8,cancelled,Sligo,IE,Ten-pack,1,0
F20-0,2026-02-28,45.00,18:00,8,completed,Longford,IE,Sauna session,1,0
F20-1,2026-02-28,45.00,18:00,8,completed,Longford,IE,Sauna session,1,0
C0004,2026-03-01,45.00,18:00,8,completed,Granard,IE,Ten-pack,1,0
C0086,2026-03-01,45.00,17:00,8,completed,,,Private hire,1,5
C0096,2026-03-01,45.00,20:00,8,completed,Belfast,GB,Private hire,1,0
C0209,2026-03-01,55.00,11:00,8,completed,Belfast,GB,Ten-pack,1,0
C0241,2026-03-01,45.00,14:00,8,completed,Granard,IE,Cold plunge,2,0
C0360,2026-03-01,55.00,11:00,8,completed,Cavan,IE,Sauna session,2,0
C0370,2026-03-01,45.00,17:00,8,completed,Longford,IE,Sauna session,1,0
C0019,2026-03-02,55.00,17:00,8,completed,,,Sauna session,1,0
C0021,2026-03-02,45.00,20:00,8,completed,Dublin,IE,Cold plunge,1,0
C0064,2026-03-02,45.00,11:00,8,completed,Longford,IE,Cold plunge,2,0
C0070,2026-03-02,55.00,11:00,8,completed,Longford,IE,Sauna session,1,0
C0135,2026-03-02,45.00,20:00,8,completed,Longford,IE,Sauna session,1,5
C0322,2026-03-02,55.00,11:00,8,completed,Longford,IE,Sauna session,2,0
C0381,2026-03-02,55.00,20:00,8,completed,,,Cold plunge,1,0
C0001,2026-03-03,45.00,20:00,8,completed,Cavan,IE,Private hire,1,0
C0008,2026-03-03,45.00,14:00,8,completed,Dublin,IE,Sauna session,2,0
C0012,2026-03-03,55.00,18:00,8,completed,Mullingar,IE,Ten-pack,2,0
C0031,2026-03-03,45.00,17:00,8,completed,Cavan,IE,Cold plunge,1,0
C0053,2026-03-03,45.00,14:00,8,completed,Granard,IE,Private hire,2,0
C0101,2026-03-03,45.00,18:00,8,completed,Longford,IE,Private hire,1,0
C0158,2026-03-03,45.00,18:00,8,completed,Longford,IE,Sauna session,1,5
C0238,2026-03-03,45.00,20:00,8,completed,,,Sauna session,1,0
C0239,2026-03-03,45.00,18:00,8,completed,Granard,IE,Private hire,1,0
C0245,2026-03-03,45.00,17:00,8,completed,Longford,IE,Cold plunge,2,0
C0248,2026-03-03,45.00,18:00,8,completed,Mullingar,IE,Ten-pack,1,0
C0280,2026-03-03,45.00,17:00,8,completed,Longford,IE,Cold plunge,1,0
C0320,2026-03-03,45.00,11:00,8,cancelled,Granard,IE,Cold plunge,1,0
C0388,2026-03-03,45.00,20:00,8,completed,Granard,IE,Cold plunge,2,0
C0391,2026-03-03,45.00,11:00,8,completed,Longford,IE,Sauna session,2,0
C0160,2026-03-04,45.00,18:00,8,completed,Belfast,GB,Cold plunge,1,0
C0192,2026-03-04,45.00,11:00,8,completed,,,Ten-pack,2,0
C0255,2026-03-04,45.00,20:00,8,completed,Cavan,IE,Ten-pack,2,0
C0278,2026-03-04,55.00,11:00,8,completed,Sligo,IE,Sauna session,1,0
C0309,2026-03-04,55.00,18:00,8,no_show,,,Sauna session,1,0
C0314,2026-03-04,45.00,20:00,8,completed,Longford,IE,Private hire,2,0
C0326,2026-03-04,45.00,11:00,8,cancelled,Mullingar,IE,Sauna session,1,0
C0330,2026-03-04,55.00,20:00,8,completed,Longford,IE,Sauna session,1,0
C0341,2026-03-04,45.00,17:00,8,completed,Longford,IE,Ten-pack,1,0
C0394,2026-03-04,55.00,20:00,8,completed,Dublin,IE,Sauna session,2,0
C0002,2026-03-05,55.00,20:00,8,completed,Cavan,IE,Private hire,1,0
C0016,2026-03-05,55.00,14:00,8,completed,,,Private hire,2,0
C0030,2026-03-05,55.00,14:00,8,completed,Longford,IE,Private hire,1,0
C0095,2026-03-05,45.00,17:00,8,completed,Longford,IE,Private hire,1,0
C0121,2026-03-05,45.00,14:00,8,no_show,Cavan,IE,Sauna session,1,0
C0148,2026-03-05,45.00,20:00,8,completed,Longford,IE,Sauna session,2,0
C0153,2026-03-05,45.00,17:00,8,no_show,,,Cold plunge,2,5
C0216,2026-03-05,45.00,18:00,8,completed,Nowheresville,IE,Sauna session,2,0
C0379,2026-03-05,45.00,17:00,8,completed,Cavan,IE,Ten-pack,1,0
C0048,2026-03-06,55.00,11:00,8,completed,Granard,IE,Cold plunge,1,0
C0051,2026-03-06,45.00,20:00,8,no_show,Granard,IE,Ten-pack,2,0
C0085,2026-03-06,45.00,18:00,8,completed,Sligo,IE,Ten-pack,1,0
C0099,2026-03-06,45.00,11:00,8,completed,Sligo,IE,Sauna session,2,0
C0124,2026-03-06,45.00,17:00,8,completed,Granard,IE,Ten-pack,1,0
C0125,2026-03-06,55.00,14:00,8,completed,Longford,IE,Ten-pack,1,0
C0212,2026-03-06,45.00,17:00,8,completed,Granard,IE,Ten-pack,2,5
C0259,2026-03-06,55.00,17:00,8,completed,Mullingar,IE,Cold plunge,2,5
C0274,2026-03-06,45.00,18:00,8,completed,Granard,IE,Cold plunge,1,0
C0308,2026-03-06,55.00,14:00,8,completed,Cavan,IE,Sauna session,1,0
C0324,2026-03-06,45.00,18:00,8,completed,Granard,IE,Ten-pack,1,0
C0337,2026-03-06,45.00,14:00,8,completed,Nowheresville,IE,Sauna session,1,0
C0359,2026-03-06,45.00,14:00,8,completed,Dublin,IE,Private hire,1,5
C0363,2026-03-06,45.00,20:00,8,completed,Longford,IE,Private hire,2,0
C0393,2026-03-06,45.00,11:00,8,no_show,Belfast,GB,Private hire,2,0
C0176,2026-03-07,45.00,17:00,8,completed,Belfast,GB,Ten-pack,1,5
C0198,2026-03-07,45.00,20:00,8,completed,Nowheresville,IE,Cold plunge,1,0
C0242,2026-03-07,45.00,14:00,8,completed,Longford,IE,Sauna session,1,5
C0244,2026-03-07,55.00,18:00,8,completed,Nowheresville,IE,Ten-pack,1,0
C0310,2026-03-07,45.00,14:00,8,completed,Mullingar,IE,Cold plunge,1,0
C0340,2026-03-07,55.00,18:00,8,completed,Longford,IE,Sauna session,1,0
C0349,2026-03-07,45.00,20:00,8,no_show,Dublin,IE,Ten-pack,1,0
C0371,2026-03-07,55.00,11:00,8,completed,Cavan,IE,Sauna session,1,0
F21-0,2026-03-07,45.00,18:00,8,completed,Longford,IE,Sauna session,1,0
F21-1,2026-03-07,45.00,18:00,8,completed,Longford,IE,Sauna session,1,0
F21-2,2026-03-07,45.00,18:00,8,completed,Longford,IE,Sauna session,1,0
F21-3,2026-03-07,45.00,18:00,8,completed,Longford,IE,Sauna session,1,0
F21-4,2026-03-07,45.00,18:00,8,completed,Longford,IE,Sauna session,1,0
F21-5,2026-03-07,45.00,18:00,8,completed,Longford,IE,Sauna session,1,0
F21-6,2026-03-07,45.00,18:00,8,completed,Longford,IE,Sauna session,1,0
F21-7,2026-03-07,45.00,18:00,8,completed,Longford,IE,Sauna session,1,0
C0007,2026-03-08,45.00,14:00,8,completed,Dublin,IE,Sauna session,1,0
C0143,2026-03-08,45.00,14:00,8,completed,Sligo,IE,Ten-pack,1,0
C0162,2026-03-08,55.00,14:00,8,completed,Longford,IE,Sauna session,1,5
C0207,2026-03-08,45.00,17:00,8,completed,Cavan,IE,Cold plunge,1,0
C0247,2026-03-08,45.00,14:00,8,completed,Cavan,IE,Ten-pack,1,0
C0282,2026-03-08,45.00,20:00,8,completed,Granard,IE,Sauna session,1,0
C0304,2026-03-08,55.00,17:00,8,completed,Dublin,IE,Private hire,1,0
C0333,2026-03-08,45.00,18:00,8,completed,,,Sauna session,1,0
C0334,2026-03-08,55.00,18:00,8,completed,Longford,IE,Cold plunge,1,0
C0354,2026-03-08,45.00,14:00,8,completed,Dublin,IE,Cold plunge,1,0
C0356,2026-03-08,45.00,11:00,8,completed,Sligo,IE,Cold plunge,1,0
C0107,2026-03-09,55.00,11:00,8,cancelled,Belfast,GB,Sauna session,1,0
C0116,2026-03-09,55.00,20:00,8,no_show,,,Sauna session,1,0
C0117,2026-03-09,55.00,17:00,8,completed,Mullingar,IE,Private hire,2,0
C0134,2026-03-09,45.00,17:00,8,completed,Longford,IE,Cold plunge,2,0
C0146,2026-03-09,45.00,11:00,8,completed,Longford,IE,Cold plunge,1,0
C0318,2026-03-09,55.00,20:00,8,no_show,Granard,IE,Cold plunge,2,0
C0332,2026-03-09,55.00,18:00,8,completed,Mullingar,IE,Ten-pack,2,0
C0345,2026-03-09,55.00,11:00,8,completed,Longford,IE,Cold plunge,1,0
C0040,2026-03-10,45.00,11:00,8,completed,Granard,IE,Private hire,2,0
C0063,2026-03-10,45.00,17:00,8,completed,Cavan,IE,Sauna session,1,0
C0120,2026-03-10,55.00,14:00,8,no_show,Belfast,GB,Private hire,2,0
C0138,2026-03-10,45.00,17:00,8,completed,Longford,IE,Ten-pack,2,0
C0225,2026-03-10,45.00,18:00,8,completed,Longford,IE,Private hire,2,0
C0317,2026-03-10,45.00,11:00,8,completed,Sligo,IE,Cold plunge,1,0
C0348,2026-03-10,45.00,14:00,8,completed,Longford,IE,Private hire,1,0
C0353,2026-03-10,45.00,20:00,8,completed,Longford,IE,Sauna session,1,0
C0378,2026-03-10,55.00,20:00,8,completed,Granard,IE,Private hire,2,0
C0024,2026-03-11,45.00,14:00,8,completed,,,Private hire,1,0
C0112,2026-03-11,55.00,17:00,8,completed,Granard,IE,Private hire,2,0
C0131,2026-03-11,45.00,14:00,8,completed,,,Sauna session,1,5
C0213,2026-03-11,45.00,17:00,8,no_show,Longford,IE,Sauna session,1,0
C0218,2026-03-11,45.00,17:00,8,completed,Granard,IE,Private hire,2,5
C0221,2026-03-11,45.00,17:00,8,completed,Mullingar,IE,Cold plunge,2,0
C0249,2026-03-11,45.00,18:00,8,completed,Cavan,IE,Private hire,1,0
C0285,2026-03-11,45.00,14:00,8,completed,Cavan,IE,Cold plunge,2,0
C0362,2026-03-11,45.00,11:00,8,completed,Longford,IE,Ten-pack,1,0
C0385,2026-03-11,45.00,14:00,8,completed,Longford,IE,Private hire,1,0
C0389,2026-03-11,45.00,20:00,8,completed,,,Ten-pack,2,0
C0017,2026-03-12,45.00,20:00,8,completed,Longford,IE,Cold plunge,1,0
C0027,2026-03-12,45.00,17:00,8,cancelled,Granard,IE,Sauna session,2,0
C0090,2026-03-12,45.00,20:00,8,cancelled,Granard,IE,Cold plunge,1,0
C0157,2026-03-12,45.00,18:00,8,completed,Longford,IE,Private hire,1,0
C0159,2026-03-12,45.00,14:00,8,completed,Longford,IE,Sauna session,1,0
C0164,2026-03-12,55.00,18:00,8,completed,Longford,IE,Sauna session,1,0
C0252,2026-03-12,55.00,14:00,8,cancelled,Mullingar,IE,Cold plunge,2,0
C0254,2026-03-12,45.00,20:00,8,completed,Longford,IE,Cold plunge,2,0
C0284,2026-03-12,45.00,11:00,8,completed,Longford,IE,Private hire,2,0
C0313,2026-03-12,55.00,17:00,8,no_show,Cavan,IE,Private hire,2,0
C0344,2026-03-12,55.00,11:00,8,completed,Dublin,IE,Sauna session,1,0
C0350,2026-03-12,55.00,18:00,8,completed,Granard,IE,Ten-pack,2,0
C0013,2026-03-13,45.00,17:00,8,completed,Granard,IE,Sauna session,1,0
C0071,2026-03-13,45.00,20:00,8,completed,Granard,IE,Sauna session,1,0
C0074,2026-03-13,45.00,17:00,8,completed,Cavan,IE,Ten-pack,2,0
C0110,2026-03-13,55.00,20:00,8,completed,Cavan,IE,Private hire,2,0
C0147,2026-03-13,45.00,14:00,8,completed,,,Private hire,1,0
C0168,2026-03-13,55.00,20:00,8,completed,Longford,IE,Private hire,1,0
C0172,2026-03-13,55.00,11:00,8,completed,Granard,IE,Private hire,1,0
C0191,2026-03-13,45.00,11:00,8,completed,Dublin,IE,Private hire,2,0
C0217,2026-03-13,45.00,14:00,8,completed,Sligo,IE,Sauna session,1,0
C0258,2026-03-13,45.00,20:00,8,completed,Sligo,IE,Cold plunge,1,0
C0281,2026-03-13,45.00,14:00,8,completed,Longford,IE,Private hire,1,5
C0306,2026-03-13,45.00,18:00,8,completed,Longford,IE,Cold plunge,1,0
C0022,2026-03-14,45.00,17:00,8,completed,,,Sauna session,2,0
C0028,2026-03-14,45.00,14:00,8,completed,Belfast,GB,Private hire,2,5
C0041,2026-03-14,45.00,20:00,8,completed,Sligo,IE,Sauna session,2,0
C0044,2026-03-14,55.00,18:00,8,completed,Sligo,IE,Cold plunge,1,0
C0103,2026-03-14,45.00,17:00,8,completed,Nowheresville,IE,Cold plunge,1,0
C0113,2026-03-14,45.00,14:00,8,completed,Belfast,GB,Sauna session,2,0
C0123,2026-03-14,45.00,18:00,8,cancelled,Cavan,IE,Sauna session,1,0
C0173,2026-03-14,45.00,17:00,8,cancelled,Longford,IE,Sauna session,1,0
C0253,2026-03-14,45.00,17:00,8,completed,Longford,IE,Sauna session,1,5
C0298,2026-03-14,55.00,14:00,8,completed,Longford,IE,Private hire,2,5
C0329,2026-03-14,45.00,14:00,8,completed,Cavan,IE,Sauna session,1,0
C0347,2026-03-14,55.00,20:00,8,completed,Longford,IE,Cold plunge,1,0
C0352,2026-03-14,45.00,18:00,8,completed,Mullingar,IE,Ten-pack,1,5
C0365,2026-03-14,45.00,14:00,8,completed,Longford,IE,Cold plunge,2,0
C0375,2026-03-14,45.00,18:00,8,no_show,Sligo,IE,Ten-pack,1,0
F22-0,2026-03-14,45.00,18:00,8,completed,Longford,IE,Sauna session,1,0
F22-1,2026-03-14,45.00,18:00,8,completed,Longford,IE,Sauna session,1,0
F22-2,2026-03-14,45.00,18:00,8,completed,Longford,IE,Sauna session,1,0
F22-3,2026-03-14,45.00,18:00,8,completed,Longford,IE,Sauna session,1,0
F22-4,2026-03-14,45.00,18:00,8,completed,Longford,IE,Sauna session,1,0
F22-5,2026-03-14,45.00,18:00,8,completed,Longford,IE,Sauna session,1,0
F22-6,2026-03-14,45.00,18:00,8,completed,Longford,IE,Sauna session,1,0
F22-7,2026-03-14,45.00,18:00,8,completed,Longford,IE,Sauna session,1,0
C0050,2026-03-15,45.00,20:00,8,completed,,,Sauna session,2,5
C0073,2026-03-15,45.00,18:00,8,completed,Sligo,IE,Private hire,1,5
C0179,2026-03-15,55.00,18:00,8,completed,Cavan,IE,Sauna session,2,0
C0267,2026-03-15,45.00,20:00,8,completed,Nowheresville,IE,Ten-pack,2,0
C0268,2026-03-15,55.00,11:00,8,cancelled,Cavan,IE,Ten-pack,1,0
C0319,2026-03-15,45.00,20:00,8,completed,Longford,IE,Ten-pack,2,0
C0351,2026-03-15,45.00,18:00,8,completed,Dublin,IE,Ten-pack,2,0
C0360,2026-03-15,45.00,11:00,8,completed,Cavan,IE,Sauna session,2,0
C0383,2026-03-15,45.00,20:00,8,completed,,,Cold plunge,2,5
C0392,2026-03-15,45.00,11:00,8,completed,Cavan,IE,Ten-pack,2,0
C0399,2026-03-15,45.00,14:00,8,completed,Granard,IE,Sauna session,1,0
C0020,2026-03-16,45.00,17:00,8,no_show,Longford,IE,Sauna session,1,0
C0021,2026-03-16,45.00,20:00,8,completed,Dublin,IE,Cold plunge,1,0
C0056,2026-03-16,45.00,14:00,8,completed,Sligo,IE,Cold plunge,1,0
C0133,2026-03-16,45.00,20:00,8,completed,Longford,IE,Cold plunge,2,0
C0256,2026-03-16,55.00,11:00,8,completed,Granard,IE,Cold plunge,2,0
C0289,2026-03-16,45.00,11:00,8,completed,Dublin,IE,Private hire,2,0
C0290,2026-03-16,45.00,11:00,8,completed,,,Sauna session,1,0
C0296,2026-03-16,55.00,17:00,8,completed,Longford,IE,Private hire,1,0
C0057,2026-03-17,55.00,17:00,8,completed,Longford,IE,Cold plunge,1,0
C0165,2026-03-17,45.00,18:00,8,completed,Longford,IE,Cold plunge,2,0
C0194,2026-03-17,45.00,11:00,8,completed,Mullingar,IE,Sauna session,1,0
C0208,2026-03-17,45.00,17:00,8,completed,,,Private hire,2,0
C0245,2026-03-17,45.00,17:00,8,completed,Longford,IE,Cold plunge,2,0
C0248,2026-03-17,45.00,18:00,8,completed,Mullingar,IE,Ten-pack,1,0
C0336,2026-03-17,45.00,17:00,8,completed,Sligo,IE,Cold plunge,1,0
C0018,2026-03-18,45.00,18:00,8,completed,Longford,IE,Cold plunge,2,0
C0102,2026-03-18,45.00,11:00,8,completed,Longford,IE,Sauna session,2,0
C0276,2026-03-18,45.00,20:00,8,completed,Granard,IE,Ten-pack,2,5
C0309,2026-03-18,45.00,18:00,8,completed,,,Sauna session,1,0
C0314,2026-03-18,55.00,20:00,8,completed,Longford,IE,Private hire,2,0
C0002,2026-03-19,45.00,20:00,8,cancelled,Cavan,IE,Private hire,1,0
C0011,2026-03-19,45.00,17:00,8,completed,Longford,IE,Ten-pack,2,0
C0016,2026-03-19,45.00,14:00,8,completed,,,Private hire,2,0
C0055,2026-03-19,55.00,17:00,8,no_show,Longford,IE,Ten-pack,2,0
C0092,2026-03-19,45.00,11:00,8,completed,Cavan,IE,Ten-pack,1,0
C0121,2026-03-19,45.00,14:00,8,completed,Cavan,IE,Sauna session,1,0
C0149,2026-03-19,55.00,18:00,8,completed,Longford,IE,Ten-pack,1,0
C0193,2026-03-19,45.00,14:00,8,completed,Cavan,IE,Private hire,1,0
C0206,2026-03-19,45.00,17:00,8,completed,Sligo,IE,Cold plunge,1,0
C0216,2026-03-19,55.00,18:00,8,completed,Nowheresville,IE,Sauna session,2,0
C0231,2026-03-19,45.00,18:00,8,completed,Sligo,IE,Private hire,1,0
C0246,2026-03-19,55.00,17:00,8,completed,Cavan,IE,Private hire,1,0
C0293,2026-03-19,55.00,20:00,8,cancelled,Cavan,IE,Cold plunge,1,5
C0323,2026-03-19,45.00,11:00,8,completed,,,Private hire,2,0
C0331,2026-03-19,45.00,18:00,8,completed,Longford,IE,Private hire,1,0
C0006,2026-03-20,45.00,17:00,8,completed,Dublin,IE,Sauna session,1,5
C0035,2026-03-20,45.00,17:00,8,completed,Longford,IE,Ten-pack,2,0
C0051,2026-03-20,45.00,20:00,8,completed,Granard,IE,Ten-pack,2,0
C0081,2026-03-20,45.00,11:00,8,completed,Granard,IE,Sauna session,1,5
C0124,2026-03-20,45.00,17:00,8,completed,Granard,IE,Ten-pack,1,0
C0129,2026-03-20,55.00,14:00,8,completed,Longford,IE,Ten-pack,1,0
C0259,2026-03-20,45.00,17:00,8,completed,Mullingar,IE,Cold plunge,2,5
C0337,2026-03-20,45.00,14:00,8,completed,Nowheresville,IE,Sauna session,1,0
C0367,2026-03-20,55.00,20:00,8,completed,Belfast,GB,Private hire,2,0
C0374,2026-03-20,45.00,18:00,8,completed,,,Private hire,2,0
C0393,2026-03-20,45.00,11:00,8,completed,Belfast,GB,Private hire,2,0
C0397,2026-03-20,45.00,18:00,8,cancelled,Longford,IE,Cold plunge,2,0
C0398,2026-03-20,45.00,14:00,8,completed,,,Sauna session,1,0
C0111,2026-03-21,45.00,17:00,8,completed,Longford,IE,Sauna session,2,0
C0119,2026-03-21,55.00,14:00,8,completed,Longford,IE,Cold plunge,1,0
C0126,2026-03-21,55.00,18:00,8,completed,Longford,IE,Sauna session,2,5
C0196,2026-03-21,45.00,11:00,8,completed,Longford,IE,Ten-pack,2,0
C0228,2026-03-21,45.00,11:00,8,completed,Granard,IE,Ten-pack,2,0
C0312,2026-03-21,55.00,20:00,8,completed,Mullingar,IE,Cold plunge,1,0
F23-0,2026-03-21,45.00,18:00,8,completed,Longford,IE,Sauna session,1,0
F23-1,2026-03-21,45.00,18:00,8,completed,Longford,IE,Sauna session,1,0
F23-2,2026-03-21,45.00,18:00,8,completed,Longford,IE,Sauna session,1,0
F23-3,2026-03-21,45.00,18:00,8,completed,Longford,IE,Sauna session,1,0
F23-4,2026-03-21,45.00,18:00,8,completed,Longford,IE,Sauna session,1,0
F23-5,2026-03-21,45.00,18:00,8,completed,Longford,IE,Sauna session,1,0
F23-6,2026-03-21,45.00,18:00,8,completed,Longford,IE,Sauna session,1,0
F23-7,2026-03-21,45.00,18:00,8,completed,Longford,IE,Sauna session,1,0
C0004,2026-03-22,45.00,18:00,8,completed,Granard,IE,Ten-pack,1,0
C0108,2026-03-22,45.00,14:00,8,completed,Cavan,IE,Cold plunge,2,0
C0209,2026-03-22,55.00,11:00,8,completed,Belfast,GB,Ten-pack,1,0
C0224,2026-03-22,45.00,14:00,8,cancelled,Longford,IE,Cold plunge,1,0
C0241,2026-03-22,45.00,14:00,8,completed,Granard,IE,Cold plunge,2,0
C0328,2026-03-22,55.00,14:00,8,completed,Longford,IE,Cold plunge,2,0
C0334,2026-03-22,45.00,18:00,8,completed,Longford,IE,Cold plunge,1,0
C0356,2026-03-22,55.00,11:00,8,cancelled,Sligo,IE,Cold plunge,1,0
C0372,2026-03-22,45.00,11:00,8,completed,Longford,IE,Sauna session,1,0
C0064,2026-03-23,55.00,11:00,8,completed,Longford,IE,Cold plunge,2,0
C0070,2026-03-23,55.00,11:00,8,completed,Longford,IE,Sauna session,1,0
C0079,2026-03-23,45.00,20:00,8,completed,Cavan,IE,Private hire,1,0
C0107,2026-03-23,45.00,11:00,8,completed,Belfast,GB,Sauna session,1,0
C0135,2026-03-23,55.00,20:00,8,completed,Longford,IE,Sauna session,1,5
C0137,2026-03-23,45.00,14:00,8,completed,Cavan,IE,Ten-pack,1,0
C0345,2026-03-23,45.00,11:00,8,completed,Longford,IE,Cold plunge,1,0
C0387,2026-03-23,55.00,20:00,8,completed,Longford,IE,Sauna session,1,0
C0001,2026-03-24,55.00,20:00,8,completed,Cavan,IE,Private hire,1,0
C0031,2026-03-24,45.00,17:00,8,completed,Cavan,IE,Cold plunge,1,0
C0033,2026-03-24,45.00,14:00,8,completed,Longford,IE,Sauna session,1,0
C0128,2026-03-24,55.00,17:00,8,completed,Sligo,IE,Private hire,1,0
C0142,2026-03-24,45.00,14:00,8,completed,,,Cold plunge,1,0
C0158,2026-03-24,45.00,18:00,8,completed,Longford,IE,Sauna session,1,5
C0238,2026-03-24,55.00,20:00,8,completed,,,Sauna session,1,0
C0239,2026-03-24,55.00,18:00,8,completed,Granard,IE,Private hire,1,0
C0280,2026-03-24,45.00,17:00,8,completed,Longford,IE,Cold plunge,1,0
C0320,2026-03-24,45.00,11:00,8,completed,Granard,IE,Cold plunge,1,0
C0325,2026-03-24,45.00,20:00,8,completed,Longford,IE,Private hire,1,0
C0353,2026-03-24,45.00,20:00,8,completed,Longford,IE,Sauna session,1,0
C0382,2026-03-24,45.00,17:00,8,completed,Mullingar,IE,Sauna session,2,0
C0112,2026-03-25,55.00,17:00,8,completed,Granard,IE,Private hire,2,0
C0131,2026-03-25,45.00,14:00,8,completed,,,Sauna session,1,5
C0188,2026-03-25,55.00,20:00,8,completed,,,Ten-pack,1,0
C0192,2026-03-25,45.00,11:00,8,completed,,,Ten-pack,2,0
C0249,2026-03-25,45.00,18:00,8,completed,Cavan,IE,Private hire,1,0
C0255,2026-03-25,45.00,20:00,8,completed,Cavan,IE,Ten-pack,2,0
C0261,2026-03-25,55.00,20:00,8,no_show,Dublin,IE,Sauna session,1,0
C0278,2026-03-25,45.00,11:00,8,completed,Sligo,IE,Sauna session,1,0
C0285,2026-03-25,55.00,14:00,8,completed,Cavan,IE,Cold plunge,2,0
C0362,2026-03-25,45.00,11:00,8,completed,Longford,IE,Ten-pack,1,0
C0385,2026-03-25,45.00,14:00,8,completed,Longford,IE,Private hire,1,0
C0095,2026-03-26,45.00,17:00,8,completed,Longford,IE,Private hire,1,0
C0105,2026-03-26,45.00,11:00,8,completed,Granard,IE,Cold plunge,1,0
C0153,2026-03-26,55.00,17:00,8,completed,,,Cold plunge,2,5
C0157,2026-03-26,45.00,18:00,8,completed,Longford,IE,Private hire,1,0
C0254,2026-03-26,45.00,20:00,8,completed,Longford,IE,Cold plunge,2,0
C0266,2026-03-26,45.00,18:00,8,completed,Dublin,IE,Sauna session,1,0
C0275,2026-03-26,45.00,20:00,8,completed,Cavan,IE,Cold plunge,1,0
C0297,2026-03-26,45.00,14:00,8,completed,Nowheresville,IE,Sauna session,2,0
C0335,2026-03-26,55.00,18:00,8,completed,Belfast,GB,Cold plunge,2,0
C0344,2026-03-26,45.00,11:00,8,completed,Dublin,IE,Sauna session,1,0
C0350,2026-03-26,45.00,18:00,8,no_show,Granard,IE,Ten-pack,2,0
C0377,2026-03-26,45.00,20:00,8,completed,Longford,IE,Sauna session,2,0
C0010,2026-03-27,55.00,18:00,8,completed,Longford,IE,Private hire,2,0
C0026,2026-03-27,45.00,14:00,8,completed,Granard,IE,Ten-pack,2,0
C0048,2026-03-27,45.00,11:00,8,no_show,Granard,IE,Cold plunge,1,0
C0074,2026-03-27,55.00,17:00,8,completed,Cavan,IE,Ten-pack,2,0
C0085,2026-03-27,45.00,18:00,8,no_show,Sligo,IE,Ten-pack,1,0
C0168,2026-03-27,45.00,20:00,8,completed,Longford,IE,Private hire,1,0
C0258,2026-03-27,55.00,20:00,8,completed,Sligo,IE,Cold plunge,1,0
C0359,2026-03-27,45.00,14:00,8,completed,Dublin,IE,Private hire,1,5
C0028,2026-03-28,45.00,14:00,8,cancelled,Belfast,GB,Private hire,2,5
C0041,2026-03-28,55.00,20:00,8,no_show,Sligo,IE,Sauna session,2,0
C0044,2026-03-28,55.00,18:00,8,completed,Sligo,IE,Cold plunge,1,0
C0093,2026-03-28,45.00,18:00,8,completed,Cavan,IE,Ten-pack,2,0
C0103,2026-03-28,45.00,17:00,8,completed,Nowheresville,IE,Cold plunge,1,0
C0140,2026-03-28,45.00,14:00,8,no_show,Granard,IE,Sauna session,1,0
C0173,2026-03-28,55.00,17:00,8,completed,Longford,IE,Sauna session,1,0
C0181,2026-03-28,45.00,18:00,8,completed,Longford,IE,Sauna session,2,0
C0183,2026-03-28,45.00,11:00,8,completed,Mullingar,IE,Private hire,2,0
C0242,2026-03-28,45.00,14:00,8,completed,Longford,IE,Sauna session,1,5
C0244,2026-03-28,45.00,18:00,8,completed,Nowheresville,IE,Ten-pack,1,0
C0298,2026-03-28,45.00,14:00,8,completed,Longford,IE,Private hire,2,5
C0310,2026-03-28,55.00,14:00,8,completed,Mullingar,IE,Cold plunge,1,0
C0340,2026-03-28,55.00,18:00,8,completed,Longford,IE,Sauna session,1,0
C0371,2026-03-28,55.00,11:00,8,completed,Cavan,IE,Sauna session,1,0
C0376,2026-03-28,45.00,11:00,8,completed,Longford,IE,Cold plunge,1,0
F24-0,2026-03-28,45.00,18:00,8,completed,Longford,IE,Sauna session,1,0
F24-1,2026-03-28,45.00,18:00,8,completed,Longford,IE,Sauna session,1,0
F24-2,2026-03-28,45.00,18:00,8,completed,Longford,IE,Sauna session,1,0
F24-3,2026-03-28,45.00,18:00,8,completed,Longford,IE,Sauna session,1,0
F24-4,2026-03-28,45.00,18:00,8,completed,Longford,IE,Sauna session,1,0
F24-5,2026-03-28,45.00,18:00,8,completed,Longford,IE,Sauna session,1,0
F24-6,2026-03-28,45.00,18:00,8,completed,Longford,IE,Sauna session,1,0
F24-7,2026-03-28,45.00,18:00,8,completed,Longford,IE,Sauna session,1,0
C0037,2026-03-29,55.00,14:00,8,completed,Cavan,IE,Cold plunge,1,0
C0052,2026-03-29,45.00,17:00,8,completed,Cavan,IE,Ten-pack,2,0
C0174,2026-03-29,45.00,11:00,8,completed,Belfast,GB,Ten-pack,1,0
C0207,2026-03-29,45.00,17:00,8,completed,Cavan,IE,Cold plunge,1,0
C0240,2026-03-29,45.00,14:00,8,completed,Dublin,IE,Sauna session,1,0
C0282,2026-03-29,45.00,20:00,8,completed,Granard,IE,Sauna session,1,0
C0302,2026-03-29,55.00,14:00,8,completed,Cavan,IE,Private hire,2,0
C0354,2026-03-29,45.00,14:00,8,completed,Dublin,IE,Cold plunge,1,0
C0383,2026-03-29,45.00,20:00,8,completed,,,Cold plunge,2,5
C0117,2026-03-30,45.00,17:00,8,completed,Mullingar,IE,Private hire,2,0
C0134,2026-03-30,45.00,17:00,8,completed,Longford,IE,Cold plunge,2,0
C0136,2026-03-30,45.00,11:00,8,completed,Longford,IE,Private hire,2,0
C0182,2026-03-30,45.00,17:00,8,completed,Longford,IE,Private hire,1,0
C0243,2026-03-30,45.00,17:00,8,completed,Cavan,IE,Cold plunge,2,0
C0256,2026-03-30,45.00,11:00,8,completed,Granard,IE,Cold plunge,2,0
C0269,2026-03-30,55.00,20:00,8,completed,Belfast,GB,Sauna session,1,0
C0318,2026-03-30,45.00,20:00,8,no_show,Granard,IE,Cold plunge,2,0
C0346,2026-03-30,55.00,14:00,8,completed,Longford,IE,Private hire,2,0
C0358,2026-03-30,55.00,20:00,8,no_show,Longford,IE,Ten-pack,2,0
C0361,2026-03-30,55.00,18:00,8,completed,Mullingar,IE,Private hire,2,5
C0380,2026-03-30,55.00,11:00,8,completed,Cavan,IE,Sauna session,1,0
C0008,2026-03-31,45.00,14:00,8,cancelled,Dublin,IE,Sauna session,2,0
C0040,2026-03-31,45.00,11:00,8,completed,Granard,IE,Private hire,2,0
C0062,2026-03-31,45.00,17:00,8,completed,Dublin,IE,Private hire,1,0
C0089,2026-03-31,55.00,14:00,8,cancelled,Longford,IE,Cold plunge,1,0
C0138,2026-03-31,55.00,17:00,8,cancelled,Longford,IE,Ten-pack,2,0
C0141,2026-03-31,45.00,17:00,8,completed,Dublin,IE,Private hire,1,0
C0171,2026-03-31,45.00,18:00,8,completed,Longford,IE,Cold plunge,2,0
C0186,2026-03-31,45.00,11:00,8,completed,Dublin,IE,Private hire,1,0
C0194,2026-03-31,55.00,11:00,8,completed,Mullingar,IE,Sauna session,1,0
C0208,2026-03-31,45.00,17:00,8,completed,,,Private hire,2,0
C0215,2026-03-31,45.00,17:00,8,completed,Longford,IE,Ten-pack,2,0
C0225,2026-03-31,45.00,18:00,8,completed,Longford,IE,Private hire,2,0
C0260,2026-03-31,55.00,14:00,8,completed,Cavan,IE,Private hire,1,0
C0265,2026-03-31,45.00,17:00,8,completed,Belfast,GB,Private hire,1,0
C0301,2026-03-31,45.00,14:00,8,completed,Granard,IE,Ten-pack,2,0
C0317,2026-03-31,55.00,11:00,8,cancelled,Sligo,IE,Cold plunge,1,0
C0336,2026-03-31,45.00,17:00,8,completed,Sligo,IE,Cold plunge,1,0
C0348,2026-03-31,45.00,14:00,8,completed,Longford,IE,Private hire,1,0
C0378,2026-03-31,45.00,20:00,8,no_show,Granard,IE,Private hire,2,0
C0023,2026-04-01,45.00,18:00,8,completed,Granard,IE,Cold plunge,2,0
C0024,2026-04-01,45.00,14:00,8,completed,,,Private hire,1,0
C0218,2026-04-01,45.00,17:00,8,completed,Granard,IE,Private hire,2,5
C0303,2026-04-01,55.00,20:00,8,completed,Dublin,IE,Private hire,1,0
C0389,2026-04-01,45.00,20:00,8,completed,,,Ten-pack,2,0
C0002,2026-04-02,55.00,20:00,8,completed,Cavan,IE,Private hire,1,0
C0016,2026-04-02,45.00,14:00,8,completed,,,Private hire,2,0
C0055,2026-04-02,55.00,17:00,8,completed,Longford,IE,Ten-pack,2,0
C0090,2026-04-02,45.00,20:00,8,cancelled,Granard,IE,Cold plunge,1,0
C0092,2026-04-02,45.00,11:00,8,completed,Cavan,IE,Ten-pack,1,0
C0159,2026-04-02,45.00,14:00,8,completed,Longford,IE,Sauna session,1,0
C0164,2026-04-02,45.00,18:00,8,completed,Longford,IE,Sauna session,1,0
C0169,2026-04-02,45.00,14:00,8,completed,Granard,IE,Private hire,1,0
C0187,2026-04-02,45.00,14:00,8,completed,Longford,IE,Sauna session,1,0
C0193,2026-04-02,45.00,14:00,8,completed,Cavan,IE,Private hire,1,0
C0206,2026-04-02,45.00,17:00,8,completed,Sligo,IE,Cold plunge,1,0
C0219,2026-04-02,45.00,20:00,8,completed,Cavan,IE,Ten-pack,1,5
C0279,2026-04-02,55.00,20:00,8,completed,Longford,IE,Sauna session,1,0
C0284,2026-04-02,45.00,11:00,8,completed,Longford,IE,Private hire,2,0
C0316,2026-04-02,55.00,18:00,8,completed,Granard,IE,Ten-pack,1,0
C0013,2026-04-03,45.00,17:00,8,completed,Granard,IE,Sauna session,1,0
C0061,2026-04-03,45.00,20:00,8,completed,Granard,IE,Cold plunge,2,5
C0088,2026-04-03,45.00,20:00,8,completed,Longford,IE,Private hire,1,0
C0091,2026-04-03,45.00,17:00,8,completed,Cavan,IE,Cold plunge,2,0
C0110,2026-04-03,45.00,20:00,8,no_show,Cavan,IE,Private hire,2,0
C0147,2026-04-03,45.00,14:00,8,completed,,,Private hire,1,0
C0177,2026-04-03,45.00,18:00,8,completed,Longford,IE,Sauna session,1,0
C0237,2026-04-03,55.00,20:00,8,completed,Cavan,IE,Private hire,1,0
C0259,2026-04-03,55.00,17:00,8,completed,Mullingar,IE,Cold plunge,2,5
C0305,2026-04-03,45.00,14:00,8,completed,Longford,IE,Sauna session,2,0
C0306,2026-04-03,45.00,18:00,8,completed,Longford,IE,Cold plunge,1,0
C0337,2026-04-03,45.00,14:00,8,completed,Nowheresville,IE,Sauna session,1,0
C0393,2026-04-03,55.00,11:00,8,completed,Belfast,GB,Private hire,2,0
C0009,2026-04-04,55.00,20:00,8,cancelled,Longford,IE,Sauna session,1,0
C0046,2026-04-04,45.00,11:00,8,completed,Cavan,IE,Ten-pack,1,0
C0068,2026-04-04,45.00,11:00,8,completed,,,Sauna session,2,0
C0106,2026-04-04,45.00,18:00,8,no_show,Dublin,IE,Private hire,1,0
C0123,2026-04-04,55.00,18:00,8,cancelled,Cavan,IE,Sauna session,1,0
C0176,2026-04-04,55.00,17:00,8,completed,Belfast,GB,Ten-pack,1,5
C0253,2026-04-04,45.00,17:00,8,completed,Longford,IE,Sauna session,1,5
C0288,2026-04-04,45.00,18:00,8,completed,Cavan,IE,Ten-pack,2,0
C0300,2026-04-04,45.00,14:00,8,completed,Mullingar,IE,Cold plunge,1,0
C0338,2026-04-04,55.00,20:00,8,completed,Cavan,IE,Ten-pack,2,5
C0365,2026-04-04,45.00,14:00,8,completed,Longford,IE,Cold plunge,2,0
C0375,2026-04-04,45.00,18:00,8,completed,Sligo,IE,Ten-pack,1,0
F25-0,2026-04-04,45.00,18:00,8,completed,Longford,IE,Sauna session,1,0
F25-1,2026-04-04,45.00,18:00,8,completed,Longford,IE,Sauna session,1,0
F25-2,2026-04-04,45.00,18:00,8,completed,Longford,IE,Sauna session,1,0
F25-3,2026-04-04,45.00,18:00,8,completed,Longford,IE,Sauna session,1,0
F25-4,2026-04-04,45.00,18:00,8,completed,Longford,IE,Sauna session,1,0
F25-5,2026-04-04,45.00,18:00,8,completed,Longford,IE,Sauna session,1,0
F25-6,2026-04-04,45.00,18:00,8,completed,Longford,IE,Sauna session,1,0
F25-7,2026-04-04,45.00,18:00,8,completed,Longford,IE,Sauna session,1,0
C0050,2026-04-05,45.00,20:00,8,completed,,,Sauna session,2,5
C0202,2026-04-05,45.00,14:00,8,completed,Longford,IE,Private hire,1,0
C0241,2026-04-05,45.00,14:00,8,completed,Granard,IE,Cold plunge,2,0
C0268,2026-04-05,45.00,11:00,8,cancelled,Cavan,IE,Ten-pack,1,0
C0294,2026-04-05,45.00,20:00,8,completed,Longford,IE,Ten-pack,1,0
C0304,2026-04-05,45.00,17:00,8,completed,Dublin,IE,Private hire,1,0
C0327,2026-04-05,45.00,14:00,8,completed,Dublin,IE,Sauna session,1,0
C0334,2026-04-05,55.00,18:00,8,cancelled,Longford,IE,Cold plunge,1,0
C0351,2026-04-05,45.00,18:00,8,completed,Dublin,IE,Ten-pack,2,0
C0360,2026-04-05,45.00,11:00,8,completed,Cavan,IE,Sauna session,2,0
C0370,2026-04-05,45.00,17:00,8,completed,Longford,IE,Sauna session,1,0
C0373,2026-04-05,55.00,11:00,8,cancelled,Cavan,IE,Private hire,2,0
C0399,2026-04-05,45.00,14:00,8,completed,Granard,IE,Sauna session,1,0
C0021,2026-04-06,55.00,20:00,8,completed,Dublin,IE,Cold plunge,1,0
C0049,2026-04-06,55.00,14:00,8,completed,Granard,IE,Sauna session,1,0
C0069,2026-04-06,45.00,20:00,8,completed,,,Private hire,2,0
C0070,2026-04-06,55.00,11:00,8,completed,Longford,IE,Sauna session,1,0
C0150,2026-04-06,55.00,14:00,8,completed,Dublin,IE,Ten-pack,1,0
C0289,2026-04-06,45.00,11:00,8,completed,Dublin,IE,Private hire,2,0
C0290,2026-04-06,45.00,11:00,8,cancelled,,,Sauna session,1,0
C0368,2026-04-06,45.00,17:00,8,completed,Mullingar,IE,Ten-pack,2,0
C0001,2026-04-07,55.00,20:00,8,completed,Cavan,IE,Private hire,1,0
C0015,2026-04-07,45.00,14:00,8,completed,Sligo,IE,Private hire,1,0
C0165,2026-04-07,45.00,18:00,8,completed,Longford,IE,Cold plunge,2,0
C0238,2026-04-07,45.00,20:00,8,completed,,,Sauna session,1,0
C0239,2026-04-07,45.00,18:00,8,completed,Granard,IE,Private hire,1,0
C0245,2026-04-07,45.00,17:00,8,completed,Longford,IE,Cold plunge,2,0
C0248,2026-04-07,55.00,18:00,8,cancelled,Mullingar,IE,Ten-pack,1,0
C0280,2026-04-07,55.00,17:00,8,completed,Longford,IE,Cold plunge,1,0
C0320,2026-04-07,55.00,11:00,8,cancelled,Granard,IE,Cold plunge,1,0
C0353,2026-04-07,45.00,20:00,8,completed,Longford,IE,Sauna session,1,0
C0045,2026-04-08,45.00,18:00,8,completed,Granard,IE,Cold plunge,1,0
C0072,2026-04-08,55.00,17:00,8,completed,Dublin,IE,Private hire,1,0
C0102,2026-04-08,45.00,11:00,8,completed,Longford,IE,Sauna session,2,0
C0109,2026-04-08,45.00,14:00,8,no_show,Dublin,IE,Cold plunge,2,0
C0131,2026-04-08,45.00,14:00,8,completed,,,Sauna session,1,5
C0192,2026-04-08,55.00,11:00,8,completed,,,Ten-pack,2,0
C0278,2026-04-08,45.00,11:00,8,completed,Sligo,IE,Sauna session,1,0
C0309,2026-04-08,45.00,18:00,8,completed,,,Sauna session,1,0
C0314,2026-04-08,45.00,20:00,8,completed,Longford,IE,Private hire,2,0
C0362,2026-04-08,45.00,11:00,8,completed,Longford,IE,Ten-pack,1,0
C0385,2026-04-08,55.00,14:00,8,completed,Longford,IE,Private hire,1,0
C0098,2026-04-09,45.00,17:00,8,completed,Cavan,IE,Ten-pack,2,0
C0114,2026-04-09,45.00,11:00,8,completed,Cavan,IE,Ten-pack,2,0
C0121,2026-04-09,45.00,14:00,8,completed,Cavan,IE,Sauna session,1,0
C0184,2026-04-09,45.00,11:00,8,completed,Longford,IE,Cold plunge,1,0
C0199,2026-04-09,55.00,18:00,8,completed,Dublin,IE,Private hire,2,0
C0200,2026-04-09,45.00,17:00,8,completed,Belfast,GB,Ten-pack,1,0
C0216,2026-04-09,45.00,18:00,8,cancelled,Nowheresville,IE,Sauna session,2,0
C0231,2026-04-09,45.00,18:00,8,completed,Sligo,IE,Private hire,1,0
C0254,2026-04-09,45.00,20:00,8,completed,Longford,IE,Cold plunge,2,0
C0048,2026-04-10,45.00,11:00,8,completed,Granard,IE,Cold plunge,1,0
C0051,2026-04-10,45.00,20:00,8,completed,Granard,IE,Ten-pack,2,0
C0074,2026-04-10,45.00,17:00,8,completed,Cavan,IE,Ten-pack,2,0
C0081,2026-04-10,45.00,11:00,8,completed,Granard,IE,Sauna session,1,5
C0124,2026-04-10,45.00,17:00,8,completed,Granard,IE,Ten-pack,1,0
C0125,2026-04-10,45.00,14:00,8,completed,Longford,IE,Ten-pack,1,0
C0168,2026-04-10,55.00,20:00,8,completed,Longford,IE,Private hire,1,0
C0281,2026-04-10,55.00,14:00,8,completed,Longford,IE,Private hire,1,5
C0324,2026-04-10,45.00,18:00,8,completed,Granard,IE,Ten-pack,1,0
C0367,2026-04-10,45.00,20:00,8,completed,Belfast,GB,Private hire,2,0
C0374,2026-04-10,55.00,18:00,8,completed,,,Private hire,2,0
C0398,2026-04-10,45.00,14:00,8,completed,,,Sauna session,1,0
C0028,2026-04-11,45.00,14:00,8,completed,Belfast,GB,Private hire,2,5
C0041,2026-04-11,45.00,20:00,8,completed,Sligo,IE,Sauna session,2,0
C0044,2026-04-11,55.00,18:00,8,completed,Sligo,IE,Cold plunge,1,0
C0103,2026-04-11,55.00,17:00,8,completed,Nowheresville,IE,Cold plunge,1,0
C0198,2026-04-11,45.00,20:00,8,completed,Nowheresville,IE,Cold plunge,1,0
C0222,2026-04-11,45.00,14:00,8,completed,Longford,IE,Private hire,1,0
C0234,2026-04-11,45.00,20:00,8,completed,Cavan,IE,Sauna session,1,0
C0286,2026-04-11,55.00,11:00,8,completed,Longford,IE,Sauna session,1,0
C0312,2026-04-11,45.00,20:00,8,cancelled,Mullingar,IE,Cold plunge,1,0
C0371,2026-04-11,45.00,11:00,8,completed,Cavan,IE,Sauna session,1,0
F26-0,2026-04-11,45.00,18:00,8,completed,Longford,IE,Sauna session,1,0
F26-1,2026-04-11,45.00,18:00,8,completed,Longford,IE,Sauna session,1,0
F26-2,2026-04-11,45.00,18:00,8,completed,Longford,IE,Sauna session,1,0
F26-3,2026-04-11,45.00,18:00,8,completed,Longford,IE,Sauna session,1,0
F26-4,2026-04-11,45.00,18:00,8,completed,Longford,IE,Sauna session,1,0
F26-5,2026-04-11,45.00,18:00,8,completed,Longford,IE,Sauna session,1,0
F26-6,2026-04-11,45.00,18:00,8,completed,Longford,IE,Sauna session,1,0
F26-7,2026-04-11,45.00,18:00,8,completed,Longford,IE,Sauna session,1,0
C0004,2026-04-12,45.00,18:00,8,completed,Granard,IE,Ten-pack,1,0
C0054,2026-04-12,45.00,18:00,8,completed,Longford,IE,Private hire,2,5
C0096,2026-04-12,45.00,20:00,8,completed,Belfast,GB,Private hire,1,0
C0209,2026-04-12,45.00,11:00,8,cancelled,Belfast,GB,Ten-pack,1,0
C0267,2026-04-12,45.00,20:00,8,no_show,Nowheresville,IE,Ten-pack,2,0
C0282,2026-04-12,45.00,20:00,8,completed,Granard,IE,Sauna session,1,0
C0302,2026-04-12,45.00,14:00,8,no_show,Cavan,IE,Private hire,2,0
C0319,2026-04-12,55.00,20:00,8,completed,Longford,IE,Ten-pack,2,0
C0333,2026-04-12,55.00,18:00,8,completed,,,Sauna session,1,0
C0342,2026-04-12,45.00,17:00,8,completed,Cavan,IE,Sauna session,1,0
C0354,2026-04-12,45.00,14:00,8,completed,Dublin,IE,Cold plunge,1,0
C0356,2026-04-12,45.00,11:00,8,completed,Sligo,IE,Cold plunge,1,0
C0357,2026-04-12,45.00,18:00,8,completed,Granard,IE,Ten-pack,1,0
C0019,2026-04-13,45.00,17:00,8,completed,,,Sauna session,1,0
C0020,2026-04-13,45.00,17:00,8,completed,Longford,IE,Sauna session,1,0
C0107,2026-04-13,55.00,11:00,8,completed,Belfast,GB,Sauna session,1,0
C0117,2026-04-13,55.00,17:00,8,completed,Mullingar,IE,Private hire,2,0
C0135,2026-04-13,45.00,20:00,8,completed,Longford,IE,Sauna session,1,5
C0296,2026-04-13,45.00,17:00,8,no_show,Longford,IE,Private hire,1,0
C0318,2026-04-13,45.00,20:00,8,completed,Granard,IE,Cold plunge,2,0
C0345,2026-04-13,55.00,11:00,8,completed,Longford,IE,Cold plunge,1,0
C0012,2026-04-14,45.00,18:00,8,completed,Mullingar,IE,Ten-pack,2,0
C0031,2026-04-14,45.00,17:00,8,completed,Cavan,IE,Cold plunge,1,0
C0040,2026-04-14,45.00,11:00,8,completed,Granard,IE,Private hire,2,0
C0120,2026-04-14,45.00,14:00,8,completed,Belfast,GB,Private hire,2,0
C0138,2026-04-14,45.00,17:00,8,completed,Longford,IE,Ten-pack,2,0
C0158,2026-04-14,55.00,18:00,8,completed,Longford,IE,Sauna session,1,5
C0208,2026-04-14,45.00,17:00,8,completed,,,Private hire,2,0
C0317,2026-04-14,45.00,11:00,8,completed,Sligo,IE,Cold plunge,1,0
C0325,2026-04-14,55.00,20:00,8,completed,Longford,IE,Private hire,1,0
C0336,2026-04-14,45.00,17:00,8,completed,Sligo,IE,Cold plunge,1,0
C0388,2026-04-14,55.00,20:00,8,completed,Granard,IE,Cold plunge,2,0
C0047,2026-04-15,45.00,18:00,8,completed,Longford,IE,Sauna session,1,0
C0112,2026-04-15,45.00,17:00,8,completed,Granard,IE,Private hire,2,0
C0160,2026-04-15,45.00,18:00,8,completed,Belfast,GB,Cold plunge,1,0
C0249,2026-04-15,45.00,18:00,8,completed,Cavan,IE,Private hire,1,0
C0255,2026-04-15,45.00,20:00,8,completed,Cavan,IE,Ten-pack,2,0
C0285,2026-04-15,45.00,14:00,8,completed,Cavan,IE,Cold plunge,2,0
C0341,2026-04-15,45.00,17:00,8,completed,Longford,IE,Ten-pack,1,0
C0002,2026-04-16,45.00,20:00,8,completed,Cavan,IE,Private hire,1,0
C0005,2026-04-16,55.00,14:00,8,completed,,,Cold plunge,1,0
C0027,2026-04-16,45.00,17:00,8,completed,Granard,IE,Sauna session,2,0
C0090,2026-04-16,45.00,20:00,8,completed,Granard,IE,Cold plunge,1,0
C0095,2026-04-16,55.00,17:00,8,completed,Longford,IE,Private hire,1,0
C0148,2026-04-16,45.00,20:00,8,completed,Longford,IE,Sauna session,2,0
C0153,2026-04-16,45.00,17:00,8,completed,,,Cold plunge,2,5
C0157,2026-04-16,45.00,18:00,8,completed,Longford,IE,Private hire,1,0
C0159,2026-04-16,55.00,14:00,8,completed,Longford,IE,Sauna session,1,0
C0164,2026-04-16,55.00,18:00,8,cancelled,Longford,IE,Sauna session,1,0
C0170,2026-04-16,45.00,11:00,8,completed,Mullingar,IE,Ten-pack,1,0
C0193,2026-04-16,45.00,14:00,8,completed,Cavan,IE,Private hire,1,0
C0246,2026-04-16,45.00,17:00,8,completed,Cavan,IE,Private hire,1,0
C0297,2026-04-16,45.00,14:00,8,no_show,Nowheresville,IE,Sauna session,2,0
C0344,2026-04-16,55.00,11:00,8,completed,Dublin,IE,Sauna session,1,0
C0350,2026-04-16,45.00,18:00,8,no_show,Granard,IE,Ten-pack,2,0
C0085,2026-04-17,45.00,18:00,8,completed,Sligo,IE,Ten-pack,1,0
C0110,2026-04-17,45.00,20:00,8,completed,Cavan,IE,Private hire,2,0
C0172,2026-04-17,45.00,11:00,8,cancelled,Granard,IE,Private hire,1,0
C0191,2026-04-17,45.00,11:00,8,completed,Dublin,IE,Private hire,2,0
C0258,2026-04-17,45.00,20:00,8,completed,Sligo,IE,Cold plunge,1,0
C0259,2026-04-17,45.00,17:00,8,completed,Mullingar,IE,Cold plunge,2,5
C0274,2026-04-17,45.00,18:00,8,completed,Granard,IE,Cold plunge,1,0
C0299,2026-04-17,55.00,18:00,8,completed,Cavan,IE,Ten-pack,2,0
C0306,2026-04-17,55.00,18:00,8,completed,Longford,IE,Cold plunge,1,0
C0308,2026-04-17,45.00,14:00,8,completed,Cavan,IE,Sauna session,1,0
C0359,2026-04-17,45.00,14:00,8,completed,Dublin,IE,Private hire,1,5
C0022,2026-04-18,45.00,17:00,8,completed,,,Sauna session,2,0
C0025,2026-04-18,45.00,20:00,8,completed,Longford,IE,Cold plunge,1,0
C0111,2026-04-18,45.00,17:00,8,completed,Longford,IE,Sauna session,2,0
C0173,2026-04-18,55.00,17:00,8,completed,Longford,IE,Sauna session,1,0
C0201,2026-04-18,45.00,14:00,8,completed,Longford,IE,Sauna session,2,0
C0242,2026-04-18,45.00,14:00,8,completed,Longford,IE,Sauna session,1,5
C0244,2026-04-18,45.00,18:00,8,completed,Nowheresville,IE,Ten-pack,1,0
C0298,2026-04-18,45.00,14:00,8,completed,Longford,IE,Private hire,2,5
C0300,2026-04-18,45.00,14:00,8,completed,Mullingar,IE,Cold plunge,1,0
F27-0,2026-04-18,45.00,18:00,8,completed,Longford,IE,Sauna session,1,0
F27-1,2026-04-18,45.00,18:00,8,completed,Longford,IE,Sauna session,1,0
F27-2,2026-04-18,45.00,18:00,8,completed,Longford,IE,Sauna session,1,0
F27-3,2026-04-18,45.00,18:00,8,completed,Longford,IE,Sauna session,1,0
F27-4,2026-04-18,45.00,18:00,8,completed,Longford,IE,Sauna session,1,0
F27-5,2026-04-18,45.00,18:00,8,completed,Longford,IE,Sauna session,1,0
F27-6,2026-04-18,45.00,18:00,8,completed,Longford,IE,Sauna session,1,0
F27-7,2026-04-18,45.00,18:00,8,completed,Longford,IE,Sauna session,1,0
C0050,2026-04-19,45.00,20:00,8,completed,,,Sauna session,2,5
C0108,2026-04-19,55.00,14:00,8,no_show,Cavan,IE,Cold plunge,2,0
C0143,2026-04-19,45.00,14:00,8,completed,Sligo,IE,Ten-pack,1,0
C0207,2026-04-19,45.00,17:00,8,completed,Cavan,IE,Cold plunge,1,0
C0224,2026-04-19,55.00,14:00,8,completed,Longford,IE,Cold plunge,1,0
C0268,2026-04-19,45.00,11:00,8,completed,Cavan,IE,Ten-pack,1,0
C0334,2026-04-19,45.00,18:00,8,completed,Longford,IE,Cold plunge,1,0
C0351,2026-04-19,55.00,18:00,8,completed,Dublin,IE,Ten-pack,2,0
C0360,2026-04-19,55.00,11:00,8,completed,Cavan,IE,Sauna session,2,0
C0383,2026-04-19,45.00,20:00,8,completed,,,Cold plunge,2,5
C0392,2026-04-19,55.00,11:00,8,completed,Cavan,IE,Ten-pack,2,0
C0021,2026-04-20,45.00,20:00,8,completed,Dublin,IE,Cold plunge,1,0
C0134,2026-04-20,55.00,17:00,8,completed,Longford,IE,Cold plunge,2,0
C0182,2026-04-20,45.00,17:00,8,completed,Longford,IE,Private hire,1,0
C0256,2026-04-20,55.00,11:00,8,completed,Granard,IE,Cold plunge,2,0
C0289,2026-04-20,45.00,11:00,8,cancelled,Dublin,IE,Private hire,2,0
C0387,2026-04-20,45.00,20:00,8,completed,Longford,IE,Sauna session,1,0
C0001,2026-04-21,55.00,20:00,8,completed,Cavan,IE,Private hire,1,0
C0089,2026-04-21,45.00,14:00,8,completed,Longford,IE,Cold plunge,1,0
C0141,2026-04-21,55.00,17:00,8,completed,Dublin,IE,Private hire,1,0
C0155,2026-04-21,45.00,17:00,8,completed,Nowheresville,IE,Cold plunge,1,0
C0167,2026-04-21,55.00,20:00,8,completed,Granard,IE,Sauna session,2,0
C0171,2026-04-21,45.00,18:00,8,completed,Longford,IE,Cold plunge,2,0
C0186,2026-04-21,45.00,11:00,8,completed,Dublin,IE,Private hire,1,0
C0194,2026-04-21,45.00,11:00,8,completed,Mullingar,IE,Sauna session,1,0
C0225,2026-04-21,45.00,18:00,8,completed,Longford,IE,Private hire,2,0
C0238,2026-04-21,45.00,20:00,8,completed,,,Sauna session,1,0
C0239,2026-04-21,45.00,18:00,8,completed,Granard,IE,Private hire,1,0
C0245,2026-04-21,45.00,17:00,8,cancelled,Longford,IE,Cold plunge,2,0
C0348,2026-04-21,45.00,14:00,8,completed,Longford,IE,Private hire,1,0
C0378,2026-04-21,45.00,20:00,8,completed,Granard,IE,Private hire,2,0
C0018,2026-04-22,55.00,18:00,8,completed,Longford,IE,Cold plunge,2,0
C0024,2026-04-22,55.00,14:00,8,completed,,,Private hire,1,0
C0131,2026-04-22,45.00,14:00,8,completed,,,Sauna session,1,5
C0188,2026-04-22,45.00,20:00,8,completed,,,Ten-pack,1,0
C0192,2026-04-22,45.00,11:00,8,completed,,,Ten-pack,2,0
C0213,2026-04-22,55.00,17:00,8,completed,Longford,IE,Sauna session,1,0
C0287,2026-04-22,55.00,11:00,8,completed,Mullingar,IE,Cold plunge,2,0
C0309,2026-04-22,45.00,18:00,8,completed,,,Sauna session,1,0
C0314,2026-04-22,45.00,20:00,8,completed,Longford,IE,Private hire,2,0
C0385,2026-04-22,45.00,14:00,8,completed,Longford,IE,Private hire,1,0
C0389,2026-04-22,55.00,20:00,8,completed,,,Ten-pack,2,0
C0016,2026-04-23,45.00,14:00,8,completed,,,Private hire,2,0
C0055,2026-04-23,45.00,17:00,8,completed,Longford,IE,Ten-pack,2,0
C0087,2026-04-23,45.00,20:00,8,completed,Sligo,IE,Private hire,1,0
C0092,2026-04-23,55.00,11:00,8,completed,Cavan,IE,Ten-pack,1,0
C0121,2026-04-23,45.00,14:00,8,completed,Cavan,IE,Sauna session,1,0
C0206,2026-04-23,45.00,17:00,8,completed,Sligo,IE,Cold plunge,1,0
C0216,2026-04-23,45.00,18:00,8,completed,Nowheresville,IE,Sauna session,2,0
C0231,2026-04-23,55.00,18:00,8,completed,Sligo,IE,Private hire,1,0
C0236,2026-04-23,45.00,14:00,8,completed,Granard,IE,Sauna session,1,0
C0254,2026-04-23,45.00,20:00,8,completed,Longford,IE,Cold plunge,2,0
C0010,2026-04-24,45.00,18:00,8,completed,Longford,IE,Private hire,2,0
C0013,2026-04-24,45.00,17:00,8,completed,Granard,IE,Sauna session,1,0
C0071,2026-04-24,45.00,20:00,8,completed,Granard,IE,Sauna session,1,0
C0074,2026-04-24,55.00,17:00,8,completed,Cavan,IE,Ten-pack,2,0
C0144,2026-04-24,55.00,17:00,8,completed,Longford,IE,Ten-pack,2,0
C0147,2026-04-24,45.00,14:00,8,cancelled,,,Private hire,1,0
C0168,2026-04-24,45.00,20:00,8,completed,Longford,IE,Private hire,1,0
C0217,2026-04-24,45.00,14:00,8,completed,Sligo,IE,Sauna session,1,0
C0251,2026-04-24,45.00,17:00,8,no_show,Nowheresville,IE,Sauna session,1,0
C0337,2026-04-24,55.00,14:00,8,cancelled,Nowheresville,IE,Sauna session,1,0
C0363,2026-04-24,55.00,20:00,8,completed,Longford,IE,Private hire,2,0
C0367,2026-04-24,45.00,20:00,8,completed,Belfast,GB,Private hire,2,0
C0393,2026-04-24,45.00,11:00,8,completed,Belfast,GB,Private hire,2,0
C0398,2026-04-24,45.00,14:00,8,completed,,,Sauna session,1,0
C0028,2026-04-25,55.00,14:00,8,completed,Belfast,GB,Private hire,2,5
C0041,2026-04-25,45.00,20:00,8,completed,Sligo,IE,Sauna session,2,0
C0046,2026-04-25,45.00,11:00,8,completed,Cavan,IE,Ten-pack,1,0
C0103,2026-04-25,55.00,17:00,8,completed,Nowheresville,IE,Cold plunge,1,0
C0123,2026-04-25,55.00,18:00,8,no_show,Cavan,IE,Sauna session,1,0
C0126,2026-04-25,45.00,18:00,8,completed,Longford,IE,Sauna session,2,5
C0257,2026-04-25,45.00,17:00,8,completed,Granard,IE,Ten-pack,1,0
C0312,2026-04-25,45.00,20:00,8,completed,Mullingar,IE,Cold plunge,1,0
C0349,2026-04-25,45.00,20:00,8,completed,Dublin,IE,Ten-pack,1,0
C0365,2026-04-25,45.00,14:00,8,completed,Longford,IE,Cold plunge,2,0
C0375,2026-04-25,55.00,18:00,8,completed,Sligo,IE,Ten-pack,1,0
C0386,2026-04-25,55.00,20:00,8,completed,Cavan,IE,Private hire,1,0
F28-0,2026-04-25,45.00,18:00,8,completed,Longford,IE,Sauna session,1,0
F28-1,2026-04-25,45.00,18:00,8,completed,Longford,IE,Sauna session,1,0
F28-2,2026-04-25,45.00,18:00,8,completed,Longford,IE,Sauna session,1,0
F28-3,2026-04-25,45.00,18:00,8,completed,Longford,IE,Sauna session,1,0
F28-4,2026-04-25,45.00,18:00,8,completed,Longford,IE,Sauna session,1,0
F28-5,2026-04-25,45.00,18:00,8,completed,Longford,IE,Sauna session,1,0
F28-6,2026-04-25,45.00,18:00,8,completed,Longford,IE,Sauna session,1,0
F28-7,2026-04-25,45.00,18:00,8,completed,Longford,IE,Sauna session,1,0
C0058,2026-04-26,55.00,18:00,8,completed,,,Cold plunge,1,5
C0077,2026-04-26,45.00,14:00,8,cancelled,Dublin,IE,Sauna session,1,5
C0179,2026-04-26,45.00,18:00,8,completed,Cavan,IE,Sauna session,2,0
C0241,2026-04-26,45.00,14:00,8,completed,Granard,IE,Cold plunge,2,0
C0302,2026-04-26,45.00,14:00,8,no_show,Cavan,IE,Private hire,2,0
C0356,2026-04-26,45.00,11:00,8,completed,Sligo,IE,Cold plunge,1,0
C0399,2026-04-26,55.00,14:00,8,completed,Granard,IE,Sauna session,1,0
C0049,2026-04-27,55.00,14:00,8,no_show,Granard,IE,Sauna session,1,0
C0056,2026-04-27,55.00,14:00,8,completed,Sligo,IE,Cold plunge,1,0
C0064,2026-04-27,45.00,11:00,8,completed,Longford,IE,Cold plunge,2,0
C0070,2026-04-27,45.00,11:00,8,completed,Longford,IE,Sauna session,1,0
C0135,2026-04-27,45.00,20:00,8,completed,Longford,IE,Sauna session,1,5
C0269,2026-04-27,55.00,20:00,8,completed,Belfast,GB,Sauna session,1,0
C0290,2026-04-27,45.00,11:00,8,completed,,,Sauna session,1,0
C0318,2026-04-27,45.00,20:00,8,completed,Granard,IE,Cold plunge,2,0
C0345,2026-04-27,45.00,11:00,8,completed,Longford,IE,Cold plunge,1,0
C0380,2026-04-27,45.00,11:00,8,no_show,Cavan,IE,Sauna session,1,0
C0062,2026-04-28,45.00,17:00,8,cancelled,Dublin,IE,Private hire,1,0
C0158,2026-04-28,45.00,18:00,8,completed,Longford,IE,Sauna session,1,5
C0165,2026-04-28,55.00,18:00,8,completed,Longford,IE,Cold plunge,2,0
C0211,2026-04-28,45.00,18:00,8,completed,Dublin,IE,Sauna session,2,0
C0248,2026-04-28,45.00,18:00,8,completed,Mullingar,IE,Ten-pack,1,0
C0260,2026-04-28,55.00,14:00,8,completed,Cavan,IE,Private hire,1,0
C0265,2026-04-28,45.00,17:00,8,cancelled,Belfast,GB,Private hire,1,0
C0272,2026-04-28,45.00,17:00,8,completed,Nowheresville,IE,Sauna session,1,0
C0280,2026-04-28,45.00,17:00,8,completed,Longford,IE,Cold plunge,1,0
C0320,2026-04-28,45.00,11:00,8,completed,Granard,IE,Cold plunge,1,0
C0325,2026-04-28,55.00,20:00,8,completed,Longford,IE,Private hire,1,0
C0336,2026-04-28,45.00,17:00,8,no_show,Sligo,IE,Cold plunge,1,0
C0353,2026-04-28,55.00,20:00,8,completed,Longford,IE,Sauna session,1,0
C0382,2026-04-28,55.00,17:00,8,completed,Mullingar,IE,Sauna session,2,0
C0045,2026-04-29,45.00,18:00,8,completed,Granard,IE,Cold plunge,1,0
C0102,2026-04-29,45.00,11:00,8,completed,Longford,IE,Sauna session,2,0
C0218,2026-04-29,55.00,17:00,8,completed,Granard,IE,Private hire,2,5
C0249,2026-04-29,45.00,18:00,8,completed,Cavan,IE,Private hire,1,0
C0278,2026-04-29,55.00,11:00,8,completed,Sligo,IE,Sauna session,1,0
C0362,2026-04-29,45.00,11:00,8,completed,Longford,IE,Ten-pack,1,0
C0366,2026-04-29,55.00,11:00,8,completed,Longford,IE,Sauna session,1,0
C0002,2026-04-30,45.00,20:00,8,cancelled,Cavan,IE,Private hire,1,0
C0090,2026-04-30,55.00,20:00,8,completed,Granard,IE,Cold plunge,1,0
C0095,2026-04-30,45.00,17:00,8,completed,Longford,IE,Private hire,1,0
C0157,2026-04-30,45.00,18:00,8,no_show,Longford,IE,Private hire,1,0
C0159,2026-04-30,45.00,14:00,8,completed,Longford,IE,Sauna session,1,0
C0193,2026-04-30,45.00,14:00,8,completed,Cavan,IE,Private hire,1,0
C0321,2026-04-30,55.00,14:00,8,no_show,Dublin,IE,Sauna session,1,5
C0331,2026-04-30,45.00,18:00,8,completed,Longford,IE,Private hire,1,0
C0006,2026-05-01,55.00,17:00,8,completed,Dublin,IE,Sauna session,1,5
C0048,2026-05-01,55.00,11:00,8,completed,Granard,IE,Cold plunge,1,0
C0051,2026-05-01,55.00,20:00,8,completed,Granard,IE,Ten-pack,2,0
C0075,2026-05-01,45.00,20:00,8,completed,Cavan,IE,Sauna session,1,0
C0081,2026-05-01,45.00,11:00,8,completed,Granard,IE,Sauna session,1,5
C0099,2026-05-01,45.00,11:00,8,completed,Sligo,IE,Sauna session,2,0
C0110,2026-05-01,45.00,20:00,8,completed,Cavan,IE,Private hire,2,0
C0124,2026-05-01,55.00,17:00,8,completed,Granard,IE,Ten-pack,1,0
C0151,2026-05-01,45.00,17:00,8,completed,,,Ten-pack,1,0
C0204,2026-05-01,45.00,18:00,8,completed,Cavan,IE,Private hire,2,5
C0258,2026-05-01,45.00,20:00,8,completed,Sligo,IE,Cold plunge,1,0
C0306,2026-05-01,45.00,18:00,8,completed,Longford,IE,Cold plunge,1,0
C0374,2026-05-01,45.00,18:00,8,completed,,,Private hire,2,0
C0044,2026-05-02,45.00,18:00,8,completed,Sligo,IE,Cold plunge,1,0
C0093,2026-05-02,45.00,18:00,8,completed,Cavan,IE,Ten-pack,2,0
C0119,2026-05-02,45.00,14:00,8,completed,Longford,IE,Cold plunge,1,0
C0140,2026-05-02,45.00,14:00,8,completed,Granard,IE,Sauna session,1,0
C0176,2026-05-02,45.00,17:00,8,completed,Belfast,GB,Ten-pack,1,5
C0196,2026-05-02,45.00,11:00,8,completed,Longford,IE,Ten-pack,2,0
C0244,2026-05-02,45.00,18:00,8,completed,Nowheresville,IE,Ten-pack,1,0
C0291,2026-05-02,55.00,11:00,8,completed,Longford,IE,Private hire,2,0
C0298,2026-05-02,45.00,14:00,8,completed,Longford,IE,Private hire,2,5
C0310,2026-05-02,55.00,14:00,8,completed,Mullingar,IE,Cold plunge,1,0
C0329,2026-05-02,45.00,14:00,8,completed,Cavan,IE,Sauna session,1,0
C0340,2026-05-02,55.00,18:00,8,completed,Longford,IE,Sauna session,1,0
C0371,2026-05-02,45.00,11:00,8,completed,Cavan,IE,Sauna session,1,0
C0376,2026-05-02,45.00,11:00,8,completed,Longford,IE,Cold plunge,1,0
F29-0,2026-05-02,45.00,18:00,8,completed,Longford,IE,Sauna session,1,0
F29-1,2026-05-02,45.00,18:00,8,completed,Longford,IE,Sauna session,1,0
F29-2,2026-05-02,45.00,18:00,8,completed,Longford,IE,Sauna session,1,0
F29-3,2026-05-02,45.00,18:00,8,completed,Longford,IE,Sauna session,1,0
F29-4,2026-05-02,45.00,18:00,8,completed,Longford,IE,Sauna session,1,0
F29-5,2026-05-02,45.00,18:00,8,completed,Longford,IE,Sauna session,1,0
F29-6,2026-05-02,45.00,18:00,8,completed,Longford,IE,Sauna session,1,0
F29-7,2026-05-02,45.00,18:00,8,completed,Longford,IE,Sauna session,1,0
C0004,2026-05-03,45.00,18:00,8,completed,Granard,IE,Ten-pack,1,0
C0034,2026-05-03,55.00,20:00,8,completed,Longford,IE,Ten-pack,1,0
C0052,2026-05-03,45.00,17:00,8,completed,Cavan,IE,Ten-pack,2,0
C0195,2026-05-03,45.00,20:00,8,completed,Longford,IE,Private hire,1,0
C0207,2026-05-03,55.00,17:00,8,completed,Cavan,IE,Cold plunge,1,0
C0209,2026-05-03,45.00,11:00,8,completed,Belfast,GB,Ten-pack,1,0
C0233,2026-05-03,45.00,17:00,8,completed,Granard,IE,Ten-pack,2,0
C0240,2026-05-03,45.00,14:00,8,completed,Dublin,IE,Sauna session,1,0
C0264,2026-05-03,45.00,11:00,8,completed,Cavan,IE,Sauna session,1,0
C0267,2026-05-03,45.00,20:00,8,completed,Nowheresville,IE,Ten-pack,2,0
C0268,2026-05-03,45.00,11:00,8,completed,Cavan,IE,Ten-pack,1,0
C0282,2026-05-03,55.00,20:00,8,completed,Granard,IE,Sauna session,1,0
C0327,2026-05-03,45.00,14:00,8,completed,Dublin,IE,Sauna session,1,0
C0328,2026-05-03,45.00,14:00,8,completed,Longford,IE,Cold plunge,2,0
C0351,2026-05-03,45.00,18:00,8,completed,Dublin,IE,Ten-pack,2,0
C0354,2026-05-03,45.00,14:00,8,completed,Dublin,IE,Cold plunge,1,0
C0383,2026-05-03,55.00,20:00,8,completed,,,Cold plunge,2,5
C0020,2026-05-04,45.00,17:00,8,completed,Longford,IE,Sauna session,1,0
C0107,2026-05-04,45.00,11:00,8,completed,Belfast,GB,Sauna session,1,0
C0117,2026-05-04,45.00,17:00,8,completed,Mullingar,IE,Private hire,2,0
C0134,2026-05-04,45.00,17:00,8,completed,Longford,IE,Cold plunge,2,0
C0229,2026-05-04,55.00,11:00,8,completed,Granard,IE,Cold plunge,2,0
C0256,2026-05-04,55.00,11:00,8,completed,Granard,IE,Cold plunge,2,0
C0358,2026-05-04,45.00,20:00,8,completed,Longford,IE,Ten-pack,2,0
C0015,2026-05-05,45.00,14:00,8,completed,Sligo,IE,Private hire,1,0
C0031,2026-05-05,45.00,17:00,8,completed,Cavan,IE,Cold plunge,1,0
C0040,2026-05-05,55.00,11:00,8,completed,Granard,IE,Private hire,2,0
C0043,2026-05-05,45.00,14:00,8,completed,Mullingar,IE,Cold plunge,1,0
C0138,2026-05-05,55.00,17:00,8,completed,Longford,IE,Ten-pack,2,0
C0142,2026-05-05,55.00,14:00,8,completed,,,Cold plunge,1,0
C0208,2026-05-05,45.00,17:00,8,completed,,,Private hire,2,0
C0215,2026-05-05,55.00,17:00,8,completed,Longford,IE,Ten-pack,2,0
C0317,2026-05-05,45.00,11:00,8,completed,Sligo,IE,Cold plunge,1,0
C0038,2026-05-06,55.00,17:00,8,completed,Longford,IE,Cold plunge,1,0
C0112,2026-05-06,45.00,17:00,8,completed,Granard,IE,Private hire,2,0
C0127,2026-05-06,55.00,20:00,8,completed,Longford,IE,Private hire,1,5
C0197,2026-05-06,45.00,14:00,8,completed,Mullingar,IE,Sauna session,2,0
C0221,2026-05-06,45.00,17:00,8,cancelled,Mullingar,IE,Cold plunge,2,0
C0250,2026-05-06,55.00,11:00,8,completed,Longford,IE,Private hire,1,0
C0255,2026-05-06,45.00,20:00,8,completed,Cavan,IE,Ten-pack,2,0
C0285,2026-05-06,45.00,14:00,8,completed,Cavan,IE,Cold plunge,2,0
C0314,2026-05-06,45.00,20:00,8,completed,Longford,IE,Private hire,2,0
C0385,2026-05-06,55.00,14:00,8,completed,Longford,IE,Private hire,1,0
C0389,2026-05-06,45.00,20:00,8,completed,,,Ten-pack,2,0
C0055,2026-05-07,45.00,17:00,8,completed,Longford,IE,Ten-pack,2,0
C0149,2026-05-07,45.00,18:00,8,completed,Longford,IE,Ten-pack,1,0
C0153,2026-05-07,45.00,17:00,8,completed,,,Cold plunge,2,5
C0164,2026-05-07,45.00,18:00,8,completed,Longford,IE,Sauna session,1,0
C0169,2026-05-07,45.00,14:00,8,completed,Granard,IE,Private hire,1,0
C0203,2026-05-07,55.00,18:00,8,completed,Cavan,IE,Ten-pack,2,0
C0216,2026-05-07,55.00,18:00,8,completed,Nowheresville,IE,Sauna session,2,0
C0254,2026-05-07,45.00,20:00,8,completed,Longford,IE,Cold plunge,2,0
C0323,2026-05-07,45.00,11:00,8,completed,,,Private hire,2,0
C0344,2026-05-07,45.00,11:00,8,completed,Dublin,IE,Sauna session,1,0
C0350,2026-05-07,45.00,18:00,8,completed,Granard,IE,Ten-pack,2,0
C0377,2026-05-07,45.00,20:00,8,completed,Longford,IE,Sauna session,2,0
C0026,2026-05-08,45.00,14:00,8,completed,Granard,IE,Ten-pack,2,0
C0074,2026-05-08,45.00,17:00,8,completed,Cavan,IE,Ten-pack,2,0
C0147,2026-05-08,45.00,14:00,8,completed,,,Private hire,1,0
C0259,2026-05-08,45.00,17:00,8,no_show,Mullingar,IE,Cold plunge,2,5
C0359,2026-05-08,45.00,14:00,8,completed,Dublin,IE,Private hire,1,5
C0393,2026-05-08,45.00,11:00,8,cancelled,Belfast,GB,Private hire,2,0
C0398,2026-05-08,45.00,14:00,8,completed,,,Sauna session,1,0
C0009,2026-05-09,55.00,20:00,8,completed,Longford,IE,Sauna session,1,0
C0041,2026-05-09,45.00,20:00,8,completed,Sligo,IE,Sauna session,2,0
C0046,2026-05-09,45.00,11:00,8,completed,Cavan,IE,Ten-pack,1,0
C0068,2026-05-09,45.00,11:00,8,completed,,,Sauna session,2,0
C0083,2026-05-09,45.00,18:00,8,completed,Longford,IE,Ten-pack,1,0
C0103,2026-05-09,55.00,17:00,8,completed,Nowheresville,IE,Cold plunge,1,0
C0173,2026-05-09,55.00,17:00,8,completed,Longford,IE,Sauna session,1,0
C0242,2026-05-09,45.00,14:00,8,completed,Longford,IE,Sauna session,1,5
C0263,2026-05-09,55.00,14:00,8,completed,Sligo,IE,Cold plunge,2,0
C0286,2026-05-09,45.00,11:00,8,completed,Longford,IE,Sauna session,1,0
C0288,2026-05-09,45.00,18:00,8,completed,Cavan,IE,Ten-pack,2,0
C0300,2026-05-09,55.00,14:00,8,completed,Mullingar,IE,Cold plunge,1,0
C0312,2026-05-09,45.00,20:00,8,completed,Mullingar,IE,Cold plunge,1,0
C0352,2026-05-09,45.00,18:00,8,completed,Mullingar,IE,Ten-pack,1,5
C0375,2026-05-09,55.00,18:00,8,completed,Sligo,IE,Ten-pack,1,0
F30-0,2026-05-09,45.00,18:00,8,completed,Longford,IE,Sauna session,1,0
F30-1,2026-05-09,45.00,18:00,8,completed,Longford,IE,Sauna session,1,0
C0014,2026-05-10,55.00,11:00,8,completed,Mullingar,IE,Cold plunge,1,5
C0037,2026-05-10,55.00,14:00,8,completed,Cavan,IE,Cold plunge,1,0
C0050,2026-05-10,45.00,20:00,8,completed,,,Sauna session,2,5
C0143,2026-05-10,55.00,14:00,8,completed,Sligo,IE,Ten-pack,1,0
C0294,2026-05-10,45.00,20:00,8,completed,Longford,IE,Ten-pack,1,0
C0302,2026-05-10,55.00,14:00,8,no_show,Cavan,IE,Private hire,2,0
C0304,2026-05-10,45.00,17:00,8,no_show,Dublin,IE,Private hire,1,0
C0334,2026-05-10,45.00,18:00,8,completed,Longford,IE,Cold plunge,1,0
C0360,2026-05-10,45.00,11:00,8,completed,Cavan,IE,Sauna session,2,0
C0372,2026-05-10,45.00,11:00,8,completed,Longford,IE,Sauna session,1,0
C0399,2026-05-10,55.00,14:00,8,completed,Granard,IE,Sauna session,1,0
C0021,2026-05-11,45.00,20:00,8,no_show,Dublin,IE,Cold plunge,1,0
C0049,2026-05-11,55.00,14:00,8,completed,Granard,IE,Sauna session,1,0
C0070,2026-05-11,45.00,11:00,8,completed,Longford,IE,Sauna session,1,0
C0133,2026-05-11,45.00,20:00,8,completed,Longford,IE,Cold plunge,2,0
C0135,2026-05-11,45.00,20:00,8,completed,Longford,IE,Sauna session,1,5
C0137,2026-05-11,45.00,14:00,8,completed,Cavan,IE,Ten-pack,1,0
C0182,2026-05-11,45.00,17:00,8,completed,Longford,IE,Private hire,1,0
C0289,2026-05-11,45.00,11:00,8,completed,Dublin,IE,Private hire,2,0
C0290,2026-05-11,55.00,11:00,8,completed,,,Sauna session,1,0
C0318,2026-05-11,55.00,20:00,8,completed,Granard,IE,Cold plunge,2,0
C0361,2026-05-11,55.00,18:00,8,completed,Mullingar,IE,Private hire,2,5
C0387,2026-05-11,45.00,20:00,8,completed,Longford,IE,Sauna session,1,0
C0001,2026-05-12,45.00,20:00,8,cancelled,Cavan,IE,Private hire,1,0
C0008,2026-05-12,45.00,14:00,8,completed,Dublin,IE,Sauna session,2,0
C0033,2026-05-12,45.00,14:00,8,completed,Longford,IE,Sauna session,1,0
C0057,2026-05-12,55.00,17:00,8,completed,Longford,IE,Cold plunge,1,0
C0089,2026-05-12,45.00,14:00,8,completed,Longford,IE,Cold plunge,1,0
C0120,2026-05-12,45.00,14:00,8,completed,Belfast,GB,Private hire,2,0
C0128,2026-05-12,55.00,17:00,8,completed,Sligo,IE,Private hire,1,0
C0178,2026-05-12,45.00,11:00,8,cancelled,Dublin,IE,Ten-pack,2,0
C0185,2026-05-12,45.00,18:00,8,completed,Mullingar,IE,Sauna session,1,0
C0186,2026-05-12,45.00,11:00,8,completed,Dublin,IE,Private hire,1,0
C0194,2026-05-12,55.00,11:00,8,completed,Mullingar,IE,Sauna session,1,0
C0225,2026-05-12,55.00,18:00,8,completed,Longford,IE,Private hire,2,0
C0238,2026-05-12,45.00,20:00,8,completed,,,Sauna session,1,0
C0239,2026-05-12,45.00,18:00,8,completed,Granard,IE,Private hire,1,0
C0245,2026-05-12,45.00,17:00,8,completed,Longford,IE,Cold plunge,2,0
C0248,2026-05-12,45.00,18:00,8,completed,Mullingar,IE,Ten-pack,1,0
C0301,2026-05-12,45.00,14:00,8,completed,Granard,IE,Ten-pack,2,0
C0320,2026-05-12,55.00,11:00,8,completed,Granard,IE,Cold plunge,1,0
C0348,2026-05-12,45.00,14:00,8,completed,Longford,IE,Private hire,1,0
C0378,2026-05-12,45.00,20:00,8,completed,Granard,IE,Private hire,2,0
C0024,2026-05-13,45.00,14:00,8,completed,,,Private hire,1,0
C0066,2026-05-13,55.00,18:00,8,completed,Longford,IE,Private hire,1,5
C0102,2026-05-13,55.00,11:00,8,completed,Longford,IE,Sauna session,2,0
C0118,2026-05-13,55.00,11:00,8,completed,Granard,IE,Cold plunge,2,5
C0131,2026-05-13,45.00,14:00,8,completed,,,Sauna session,1,5
C0192,2026-05-13,45.00,11:00,8,completed,,,Ten-pack,2,0
C0309,2026-05-13,45.00,18:00,8,completed,,,Sauna session,1,0
C0002,2026-05-14,45.00,20:00,8,completed,Cavan,IE,Private hire,1,0
C0016,2026-05-14,45.00,14:00,8,completed,,,Private hire,2,0
C0092,2026-05-14,55.00,11:00,8,completed,Cavan,IE,Ten-pack,1,0
C0121,2026-05-14,45.00,14:00,8,completed,Cavan,IE,Sauna session,1,0
C0159,2026-05-14,45.00,14:00,8,completed,Longford,IE,Sauna session,1,0
C0193,2026-05-14,45.00,14:00,8,completed,Cavan,IE,Private hire,1,0
C0200,2026-05-14,45.00,17:00,8,completed,Belfast,GB,Ten-pack,1,0
C0206,2026-05-14,45.00,17:00,8,completed,Sligo,IE,Cold plunge,1,0
C0219,2026-05-14,45.00,20:00,8,completed,Cavan,IE,Ten-pack,1,5
C0231,2026-05-14,45.00,18:00,8,completed,Sligo,IE,Private hire,1,0
C0266,2026-05-14,45.00,18:00,8,completed,Dublin,IE,Sauna session,1,0
C0279,2026-05-14,45.00,20:00,8,completed,Longford,IE,Sauna session,1,0
C0284,2026-05-14,45.00,11:00,8,completed,Longford,IE,Private hire,2,0
C0297,2026-05-14,45.00,14:00,8,completed,Nowheresville,IE,Sauna session,2,0
C0335,2026-05-14,45.00,18:00,8,completed,Belfast,GB,Cold plunge,2,0
C0013,2026-05-15,45.00,17:00,8,completed,Granard,IE,Sauna session,1,0
C0085,2026-05-15,45.00,18:00,8,completed,Sligo,IE,Ten-pack,1,0
C0088,2026-05-15,45.00,20:00,8,completed,Longford,IE,Private hire,1,0
C0124,2026-05-15,45.00,17:00,8,completed,Granard,IE,Ten-pack,1,0
C0125,2026-05-15,45.00,14:00,8,completed,Longford,IE,Ten-pack,1,0
C0168,2026-05-15,55.00,20:00,8,no_show,Longford,IE,Private hire,1,0
C0172,2026-05-15,45.00,11:00,8,completed,Granard,IE,Private hire,1,0
C0237,2026-05-15,45.00,20:00,8,completed,Cavan,IE,Private hire,1,0
C0251,2026-05-15,55.00,17:00,8,completed,Nowheresville,IE,Sauna session,1,0
C0258,2026-05-15,45.00,20:00,8,completed,Sligo,IE,Cold plunge,1,0
C0274,2026-05-15,45.00,18:00,8,completed,Granard,IE,Cold plunge,1,0
C0281,2026-05-15,45.00,14:00,8,completed,Longford,IE,Private hire,1,5
C0305,2026-05-15,55.00,14:00,8,completed,Longford,IE,Sauna session,2,0
C0306,2026-05-15,45.00,18:00,8,completed,Longford,IE,Cold plunge,1,0
C0337,2026-05-15,45.00,14:00,8,completed,Nowheresville,IE,Sauna session,1,0
C0367,2026-05-15,45.00,20:00,8,completed,Belfast,GB,Private hire,2,0
C0028,2026-05-16,55.00,14:00,8,no_show,Belfast,GB,Private hire,2,5
C0042,2026-05-16,45.00,20:00,8,completed,Longford,IE,Ten-pack,1,0
C0044,2026-05-16,45.00,18:00,8,completed,Sligo,IE,Cold plunge,1,0
C0113,2026-05-16,45.00,14:00,8,completed,Belfast,GB,Sauna session,2,0
C0123,2026-05-16,45.00,18:00,8,completed,Cavan,IE,Sauna session,1,0
C0183,2026-05-16,45.00,11:00,8,completed,Mullingar,IE,Private hire,2,0
C0198,2026-05-16,45.00,20:00,8,completed,Nowheresville,IE,Cold plunge,1,0
C0222,2026-05-16,55.00,14:00,8,completed,Longford,IE,Private hire,1,0
C0298,2026-05-16,55.00,14:00,8,completed,Longford,IE,Private hire,2,5
C0365,2026-05-16,45.00,14:00,8,completed,Longford,IE,Cold plunge,2,0
C0371,2026-05-16,55.00,11:00,8,completed,Cavan,IE,Sauna session,1,0
F31-0,2026-05-16,45.00,18:00,8,completed,Longford,IE,Sauna session,1,0
F31-1,2026-05-16,45.00,18:00,8,completed,Longford,IE,Sauna session,1,0
F31-2,2026-05-16,45.00,18:00,8,completed,Longford,IE,Sauna session,1,0
F31-3,2026-05-16,45.00,18:00,8,completed,Longford,IE,Sauna session,1,0
F31-4,2026-05-16,45.00,18:00,8,completed,Longford,IE,Sauna session,1,0
F31-5,2026-05-16,45.00,18:00,8,completed,Longford,IE,Sauna session,1,0
F31-6,2026-05-16,45.00,18:00,8,completed,Longford,IE,Sauna session,1,0
F31-7,2026-05-16,45.00,18:00,8,completed,Longford,IE,Sauna session,1,0
C0096,2026-05-17,45.00,20:00,8,no_show,Belfast,GB,Private hire,1,0
C0108,2026-05-17,45.00,14:00,8,completed,Cavan,IE,Cold plunge,2,0
C0162,2026-05-17,45.00,14:00,8,completed,Longford,IE,Sauna session,1,5
C0195,2026-05-17,55.00,20:00,8,completed,Longford,IE,Private hire,1,0
C0202,2026-05-17,55.00,14:00,8,completed,Longford,IE,Private hire,1,0
C0209,2026-05-17,45.00,11:00,8,completed,Belfast,GB,Ten-pack,1,0
C0241,2026-05-17,45.00,14:00,8,completed,Granard,IE,Cold plunge,2,0
C0268,2026-05-17,45.00,11:00,8,completed,Cavan,IE,Ten-pack,1,0
C0282,2026-05-17,45.00,20:00,8,no_show,Granard,IE,Sauna session,1,0
C0319,2026-05-17,45.00,20:00,8,completed,Longford,IE,Ten-pack,2,0
C0351,2026-05-17,45.00,18:00,8,completed,Dublin,IE,Ten-pack,2,0
C0354,2026-05-17,45.00,14:00,8,completed,Dublin,IE,Cold plunge,1,0
C0356,2026-05-17,45.00,11:00,8,completed,Sligo,IE,Cold plunge,1,0
C0392,2026-05-17,45.00,11:00,8,completed,Cavan,IE,Ten-pack,2,0
C0003,2026-05-18,45.00,20:00,8,completed,Dublin,IE,Private hire,2,0
C0079,2026-05-18,45.00,20:00,8,no_show,Cavan,IE,Private hire,1,0
C0117,2026-05-18,55.00,17:00,8,completed,Mullingar,IE,Private hire,2,0
C0134,2026-05-18,45.00,17:00,8,completed,Longford,IE,Cold plunge,2,0
C0136,2026-05-18,45.00,11:00,8,completed,Longford,IE,Private hire,2,0
C0139,2026-05-18,45.00,14:00,8,cancelled,Dublin,IE,Sauna session,1,0
C0146,2026-05-18,45.00,11:00,8,cancelled,Longford,IE,Cold plunge,1,0
C0343,2026-05-18,55.00,20:00,8,completed,,,Ten-pack,1,5
C0345,2026-05-18,45.00,11:00,8,completed,Longford,IE,Cold plunge,1,0
C0346,2026-05-18,55.00,14:00,8,completed,Longford,IE,Private hire,2,0
C0029,2026-05-19,45.00,14:00,8,completed,Longford,IE,Private hire,1,0
C0031,2026-05-19,45.00,17:00,8,completed,Cavan,IE,Cold plunge,1,0
C0040,2026-05-19,45.00,11:00,8,completed,Granard,IE,Private hire,2,0
C0053,2026-05-19,45.00,14:00,8,completed,Granard,IE,Private hire,2,0
C0138,2026-05-19,55.00,17:00,8,completed,Longford,IE,Ten-pack,2,0
C0141,2026-05-19,45.00,17:00,8,completed,Dublin,IE,Private hire,1,0
C0158,2026-05-19,45.00,18:00,8,completed,Longford,IE,Sauna session,1,5
C0208,2026-05-19,45.00,17:00,8,completed,,,Private hire,2,0
C0277,2026-05-19,55.00,17:00,8,completed,Dublin,IE,Ten-pack,1,0
C0280,2026-05-19,45.00,17:00,8,cancelled,Longford,IE,Cold plunge,1,0
C0317,2026-05-19,45.00,11:00,8,completed,Sligo,IE,Cold plunge,1,0
C0325,2026-05-19,45.00,20:00,8,cancelled,Longford,IE,Private hire,1,0
C0336,2026-05-19,45.00,17:00,8,completed,Sligo,IE,Cold plunge,1,0
C0353,2026-05-19,55.00,20:00,8,completed,Longford,IE,Sauna session,1,0
C0388,2026-05-19,45.00,20:00,8,completed,Granard,IE,Cold plunge,2,0
C0018,2026-05-20,45.00,18:00,8,completed,Longford,IE,Cold plunge,2,0
C0112,2026-05-20,45.00,17:00,8,completed,Granard,IE,Private hire,2,0
C0160,2026-05-20,45.00,18:00,8,completed,Belfast,GB,Cold plunge,1,0
C0188,2026-05-20,45.00,20:00,8,completed,,,Ten-pack,1,0
C0249,2026-05-20,55.00,18:00,8,completed,Cavan,IE,Private hire,1,0
C0278,2026-05-20,45.00,11:00,8,completed,Sligo,IE,Sauna session,1,0
C0285,2026-05-20,45.00,14:00,8,completed,Cavan,IE,Cold plunge,2,0
C0341,2026-05-20,55.00,17:00,8,completed,Longford,IE,Ten-pack,1,0
C0362,2026-05-20,45.00,11:00,8,completed,Longford,IE,Ten-pack,1,0
C0385,2026-05-20,55.00,14:00,8,completed,Longford,IE,Private hire,1,0
C0389,2026-05-20,45.00,20:00,8,completed,,,Ten-pack,2,0
C0005,2026-05-21,45.00,14:00,8,no_show,,,Cold plunge,1,0
C0027,2026-05-21,45.00,17:00,8,completed,Granard,IE,Sauna session,2,0
C0090,2026-05-21,55.00,20:00,8,completed,Granard,IE,Cold plunge,1,0
C0095,2026-05-21,55.00,17:00,8,completed,Longford,IE,Private hire,1,0
C0114,2026-05-21,55.00,11:00,8,no_show,Cavan,IE,Ten-pack,2,0
C0148,2026-05-21,45.00,20:00,8,completed,Longford,IE,Sauna session,2,0
C0153,2026-05-21,45.00,17:00,8,completed,,,Cold plunge,2,5
C0157,2026-05-21,45.00,18:00,8,completed,Longford,IE,Private hire,1,0
C0164,2026-05-21,45.00,18:00,8,cancelled,Longford,IE,Sauna session,1,0
C0246,2026-05-21,45.00,17:00,8,completed,Cavan,IE,Private hire,1,0
C0048,2026-05-22,55.00,11:00,8,completed,Granard,IE,Cold plunge,1,0
C0051,2026-05-22,55.00,20:00,8,completed,Granard,IE,Ten-pack,2,0
C0065,2026-05-22,45.00,11:00,8,completed,Longford,IE,Cold plunge,1,0
C0075,2026-05-22,55.00,20:00,8,completed,Cavan,IE,Sauna session,1,0
C0078,2026-05-22,55.00,18:00,8,completed,,,Sauna session,1,0
C0081,2026-05-22,45.00,11:00,8,completed,Granard,IE,Sauna session,1,5
C0110,2026-05-22,45.00,20:00,8,completed,Cavan,IE,Private hire,2,0
C0129,2026-05-22,55.00,14:00,8,completed,Longford,IE,Ten-pack,1,0
C0147,2026-05-22,45.00,14:00,8,completed,,,Private hire,1,0
C0259,2026-05-22,45.00,17:00,8,completed,Mullingar,IE,Cold plunge,2,5
C0324,2026-05-22,45.00,18:00,8,cancelled,Granard,IE,Ten-pack,1,0
C0359,2026-05-22,45.00,14:00,8,completed,Dublin,IE,Private hire,1,5
C0363,2026-05-22,45.00,20:00,8,completed,Longford,IE,Private hire,2,0
C0374,2026-05-22,45.00,18:00,8,completed,,,Private hire,2,0
C0393,2026-05-22,45.00,11:00,8,completed,Belfast,GB,Private hire,2,0
C0398,2026-05-22,45.00,14:00,8,completed,,,Sauna session,1,0
C0022,2026-05-23,45.00,17:00,8,completed,,,Sauna session,2,0
C0046,2026-05-23,45.00,11:00,8,completed,Cavan,IE,Ten-pack,1,0
C0111,2026-05-23,55.00,17:00,8,completed,Longford,IE,Sauna session,2,0
C0242,2026-05-23,45.00,14:00,8,completed,Longford,IE,Sauna session,1,5
C0244,2026-05-23,45.00,18:00,8,cancelled,Nowheresville,IE,Ten-pack,1,0
C0253,2026-05-23,45.00,17:00,8,completed,Longford,IE,Sauna session,1,5
C0300,2026-05-23,45.00,14:00,8,completed,Mullingar,IE,Cold plunge,1,0
C0329,2026-05-23,45.00,14:00,8,completed,Cavan,IE,Sauna session,1,0
C0386,2026-05-23,45.00,20:00,8,completed,Cavan,IE,Private hire,1,0
F32-0,2026-05-23,45.00,18:00,8,completed,Longford,IE,Sauna session,1,0
F32-1,2026-05-23,45.00,18:00,8,completed,Longford,IE,Sauna session,1,0
F32-2,2026-05-23,45.00,18:00,8,completed,Longford,IE,Sauna session,1,0
F32-3,2026-05-23,45.00,18:00,8,completed,Longford,IE,Sauna session,1,0
F32-4,2026-05-23,45.00,18:00,8,completed,Longford,IE,Sauna session,1,0
F32-5,2026-05-23,45.00,18:00,8,completed,Longford,IE,Sauna session,1,0
F32-6,2026-05-23,45.00,18:00,8,completed,Longford,IE,Sauna session,1,0
F32-7,2026-05-23,45.00,18:00,8,completed,Longford,IE,Sauna session,1,0
C0004,2026-05-24,45.00,18:00,8,completed,Granard,IE,Ten-pack,1,0
C0034,2026-05-24,55.00,20:00,8,completed,Longford,IE,Ten-pack,1,0
C0036,2026-05-24,45.00,20:00,8,no_show,Granard,IE,Ten-pack,2,0
C0050,2026-05-24,45.00,20:00,8,completed,,,Sauna session,2,5
C0156,2026-05-24,45.00,18:00,8,cancelled,Longford,IE,Sauna session,1,0
C0207,2026-05-24,45.00,17:00,8,completed,Cavan,IE,Cold plunge,1,0
C0224,2026-05-24,45.00,14:00,8,completed,Longford,IE,Cold plunge,1,0
C0240,2026-05-24,45.00,14:00,8,completed,Dublin,IE,Sauna session,1,0
C0292,2026-05-24,45.00,20:00,8,completed,Mullingar,IE,Sauna session,2,0
C0333,2026-05-24,45.00,18:00,8,completed,,,Sauna session,1,0
C0334,2026-05-24,55.00,18:00,8,completed,Longford,IE,Cold plunge,1,0
C0370,2026-05-24,45.00,17:00,8,completed,Longford,IE,Sauna session,1,0
C0383,2026-05-24,45.00,20:00,8,completed,,,Cold plunge,2,5
C0399,2026-05-24,45.00,14:00,8,completed,Granard,IE,Sauna session,1,0
C0019,2026-05-25,45.00,17:00,8,completed,,,Sauna session,1,0
C0021,2026-05-25,45.00,20:00,8,completed,Dublin,IE,Cold plunge,1,0
C0049,2026-05-25,45.00,14:00,8,completed,Granard,IE,Sauna session,1,0
C0056,2026-05-25,55.00,14:00,8,completed,Sligo,IE,Cold plunge,1,0
C0070,2026-05-25,45.00,11:00,8,completed,Longford,IE,Sauna session,1,0
C0107,2026-05-25,55.00,11:00,8,completed,Belfast,GB,Sauna session,1,0
C0135,2026-05-25,45.00,20:00,8,completed,Longford,IE,Sauna session,1,5
C0256,2026-05-25,45.00,11:00,8,completed,Granard,IE,Cold plunge,2,0
C0289,2026-05-25,55.00,11:00,8,completed,Dublin,IE,Private hire,2,0
C0290,2026-05-25,55.00,11:00,8,completed,,,Sauna session,1,0
C0296,2026-05-25,45.00,17:00,8,completed,Longford,IE,Private hire,1,0
C0060,2026-05-26,55.00,14:00,8,completed,Longford,IE,Private hire,1,0
C0132,2026-05-26,45.00,14:00,8,completed,Granard,IE,Sauna session,1,0
C0194,2026-05-26,55.00,11:00,8,completed,Mullingar,IE,Sauna session,1,0
C0245,2026-05-26,45.00,17:00,8,completed,Longford,IE,Cold plunge,2,0
C0248,2026-05-26,45.00,18:00,8,no_show,Mullingar,IE,Ten-pack,1,0
C0260,2026-05-26,45.00,14:00,8,completed,Cavan,IE,Private hire,1,0
C0320,2026-05-26,55.00,11:00,8,completed,Granard,IE,Cold plunge,1,0
C0378,2026-05-26,45.00,20:00,8,completed,Granard,IE,Private hire,2,0
C0024,2026-05-27,55.00,14:00,8,completed,,,Private hire,1,0
C0045,2026-05-27,55.00,18:00,8,completed,Granard,IE,Cold plunge,1,0
C0102,2026-05-27,45.00,11:00,8,completed,Longford,IE,Sauna session,2,0
C0131,2026-05-27,55.00,14:00,8,completed,,,Sauna session,1,5
C0154,2026-05-27,45.00,14:00,8,completed,Longford,IE,Sauna session,2,0
C0218,2026-05-27,45.00,17:00,8,completed,Granard,IE,Private hire,2,5
C0255,2026-05-27,55.00,20:00,8,completed,Cavan,IE,Ten-pack,2,0
C0314,2026-05-27,45.00,20:00,8,completed,Longford,IE,Private hire,2,0
C0002,2026-05-28,45.00,20:00,8,completed,Cavan,IE,Private hire,1,0
C0016,2026-05-28,45.00,14:00,8,completed,,,Private hire,2,0
C0030,2026-05-28,45.00,14:00,8,completed,Longford,IE,Private hire,1,0
C0055,2026-05-28,45.00,17:00,8,completed,Longford,IE,Ten-pack,2,0
C0092,2026-05-28,45.00,11:00,8,completed,Cavan,IE,Ten-pack,1,0
C0169,2026-05-28,55.00,14:00,8,completed,Granard,IE,Private hire,1,0
C0206,2026-05-28,45.00,17:00,8,cancelled,Sligo,IE,Cold plunge,1,0
C0216,2026-05-28,45.00,18:00,8,completed,Nowheresville,IE,Sauna session,2,0
C0220,2026-05-28,55.00,14:00,8,completed,Longford,IE,Cold plunge,2,5
C0231,2026-05-28,45.00,18:00,8,completed,Sligo,IE,Private hire,1,0
C0236,2026-05-28,45.00,14:00,8,completed,Granard,IE,Sauna session,1,0
C0252,2026-05-28,45.00,14:00,8,completed,Mullingar,IE,Cold plunge,2,0
C0254,2026-05-28,55.00,20:00,8,completed,Longford,IE,Cold plunge,2,0
C0331,2026-05-28,45.00,18:00,8,completed,Longford,IE,Private hire,1,0
C0344,2026-05-28,45.00,11:00,8,completed,Dublin,IE,Sauna session,1,0
C0350,2026-05-28,45.00,18:00,8,completed,Granard,IE,Ten-pack,2,0
C0013,2026-05-29,45.00,17:00,8,completed,Granard,IE,Sauna session,1,0
C0071,2026-05-29,45.00,20:00,8,completed,Granard,IE,Sauna session,1,0
C0074,2026-05-29,55.00,17:00,8,completed,Cavan,IE,Ten-pack,2,0
C0122,2026-05-29,45.00,11:00,8,completed,Cavan,IE,Cold plunge,1,0
C0258,2026-05-29,55.00,20:00,8,completed,Sligo,IE,Cold plunge,1,0
C0306,2026-05-29,55.00,18:00,8,completed,Longford,IE,Cold plunge,1,0
C0028,2026-05-30,45.00,14:00,8,completed,Belfast,GB,Private hire,2,5
C0039,2026-05-30,45.00,20:00,8,no_show,Belfast,GB,Cold plunge,1,0
C0041,2026-05-30,45.00,20:00,8,completed,Sligo,IE,Sauna session,2,0
C0103,2026-05-30,45.00,17:00,8,completed,Nowheresville,IE,Cold plunge,1,0
C0119,2026-05-30,45.00,14:00,8,completed,Longford,IE,Cold plunge,1,0
C0126,2026-05-30,45.00,18:00,8,no_show,Longford,IE,Sauna session,2,5
C0173,2026-05-30,45.00,17:00,8,completed,Longford,IE,Sauna session,1,0
C0176,2026-05-30,45.00,17:00,8,cancelled,Belfast,GB,Ten-pack,1,5
C0196,2026-05-30,55.00,11:00,8,completed,Longford,IE,Ten-pack,2,0
C0312,2026-05-30,45.00,20:00,8,completed,Mullingar,IE,Cold plunge,1,0
C0340,2026-05-30,45.00,18:00,8,completed,Longford,IE,Sauna session,1,0
C0349,2026-05-30,45.00,20:00,8,completed,Dublin,IE,Ten-pack,1,0
C0365,2026-05-30,55.00,14:00,8,completed,Longford,IE,Cold plunge,2,0
C0371,2026-05-30,45.00,11:00,8,completed,Cavan,IE,Sauna session,1,0
C0375,2026-05-30,45.00,18:00,8,completed,Sligo,IE,Ten-pack,1,0
F33-0,2026-05-30,45.00,18:00,8,completed,Longford,IE,Sauna session,1,0
F33-1,2026-05-30,45.00,18:00,8,completed,Longford,IE,Sauna session,1,0
F33-2,2026-05-30,45.00,18:00,8,completed,Longford,IE,Sauna session,1,0
F33-3,2026-05-30,45.00,18:00,8,completed,Longford,IE,Sauna session,1,0
F33-4,2026-05-30,45.00,18:00,8,completed,Longford,IE,Sauna session,1,0
F33-5,2026-05-30,45.00,18:00,8,completed,Longford,IE,Sauna session,1,0
F33-6,2026-05-30,45.00,18:00,8,completed,Longford,IE,Sauna session,1,0
F33-7,2026-05-30,45.00,18:00,8,completed,Longford,IE,Sauna session,1,0
C0037,2026-05-31,45.00,14:00,8,cancelled,Cavan,IE,Cold plunge,1,0
C0195,2026-05-31,55.00,20:00,8,completed,Longford,IE,Private hire,1,0
C0209,2026-05-31,45.00,11:00,8,completed,Belfast,GB,Ten-pack,1,0
C0235,2026-05-31,55.00,14:00,8,completed,Cavan,IE,Sauna session,2,0
C0268,2026-05-31,45.00,11:00,8,completed,Cavan,IE,Ten-pack,1,0
C0302,2026-05-31,45.00,14:00,8,completed,Cavan,IE,Private hire,2,0
C0354,2026-05-31,55.00,14:00,8,completed,Dublin,IE,Cold plunge,1,0
C0356,2026-05-31,45.00,11:00,8,completed,Sligo,IE,Cold plunge,1,0
C0360,2026-05-31,45.00,11:00,8,completed,Cavan,IE,Sauna session,2,0
C0134,2026-06-01,45.00,17:00,8,completed,Longford,IE,Cold plunge,2,0
C0243,2026-06-01,45.00,17:00,8,completed,Cavan,IE,Cold plunge,2,0
C0307,2026-06-01,45.00,17:00,8,completed,Longford,IE,Sauna session,1,0
C0318,2026-06-01,45.00,20:00,8,completed,Granard,IE,Cold plunge,2,0
C0358,2026-06-01,45.00,20:00,8,completed,Longford,IE,Ten-pack,2,0
C0369,2026-06-01,45.00,20:00,8,completed,Longford,IE,Ten-pack,2,0
C0387,2026-06-01,45.00,20:00,8,completed,Longford,IE,Sauna session,1,0
C0001,2026-06-02,45.00,20:00,8,completed,Cavan,IE,Private hire,1,0
C0012,2026-06-02,45.00,18:00,8,completed,Mullingar,IE,Ten-pack,2,0
C0031,2026-06-02,45.00,17:00,8,completed,Cavan,IE,Cold plunge,1,0
C0062,2026-06-02,45.00,17:00,8,completed,Dublin,IE,Private hire,1,0
C0063,2026-06-02,45.00,17:00,8,completed,Cavan,IE,Sauna session,1,0
C0089,2026-06-02,45.00,14:00,8,completed,Longford,IE,Cold plunge,1,0
C0158,2026-06-02,45.00,18:00,8,completed,Longford,IE,Sauna session,1,5
C0165,2026-06-02,55.00,18:00,8,completed,Longford,IE,Cold plunge,2,0
C0171,2026-06-02,45.00,18:00,8,completed,Longford,IE,Cold plunge,2,0
C0186,2026-06-02,45.00,11:00,8,completed,Dublin,IE,Private hire,1,0
C0225,2026-06-02,45.00,18:00,8,completed,Longford,IE,Private hire,2,0
C0226,2026-06-02,55.00,18:00,8,completed,Granard,IE,Private hire,1,0
C0238,2026-06-02,45.00,20:00,8,completed,,,Sauna session,1,0
C0239,2026-06-02,45.00,18:00,8,no_show,Granard,IE,Private hire,1,0
C0265,2026-06-02,45.00,17:00,8,completed,Belfast,GB,Private hire,1,0
C0317,2026-06-02,45.00,11:00,8,completed,Sligo,IE,Cold plunge,1,0
C0325,2026-06-02,45.00,20:00,8,completed,Longford,IE,Private hire,1,0
C0348,2026-06-02,45.00,14:00,8,completed,Longford,IE,Private hire,1,0
C0192,2026-06-03,45.00,11:00,8,completed,,,Ten-pack,2,0
C0213,2026-06-03,45.00,17:00,8,completed,Longford,IE,Sauna session,1,0
C0276,2026-06-03,55.00,20:00,8,completed,Granard,IE,Ten-pack,2,5
C0278,2026-06-03,45.00,11:00,8,completed,Sligo,IE,Sauna session,1,0
C0285,2026-06-03,55.00,14:00,8,completed,Cavan,IE,Cold plunge,2,0
C0309,2026-06-03,45.00,18:00,8,no_show,,,Sauna session,1,0
C0362,2026-06-03,55.00,11:00,8,completed,Longford,IE,Ten-pack,1,0
C0095,2026-06-04,55.00,17:00,8,cancelled,Longford,IE,Private hire,1,0
C0121,2026-06-04,45.00,14:00,8,completed,Cavan,IE,Sauna session,1,0
C0159,2026-06-04,45.00,14:00,8,completed,Longford,IE,Sauna session,1,0
C0193,2026-06-04,45.00,14:00,8,completed,Cavan,IE,Private hire,1,0
C0200,2026-06-04,45.00,17:00,8,completed,Belfast,GB,Ten-pack,1,0
C0266,2026-06-04,55.00,18:00,8,completed,Dublin,IE,Sauna session,1,0
C0293,2026-06-04,45.00,20:00,8,completed,Cavan,IE,Cold plunge,1,5
C0316,2026-06-04,45.00,18:00,8,completed,Granard,IE,Ten-pack,1,0
C0006,2026-06-05,55.00,17:00,8,completed,Dublin,IE,Sauna session,1,5
C0051,2026-06-05,45.00,20:00,8,completed,Granard,IE,Ten-pack,2,0
C0081,2026-06-05,45.00,11:00,8,completed,Granard,IE,Sauna session,1,5
C0124,2026-06-05,45.00,17:00,8,completed,Granard,IE,Ten-pack,1,0
C0168,2026-06-05,45.00,20:00,8,completed,Longford,IE,Private hire,1,0
C0191,2026-06-05,55.00,11:00,8,completed,Dublin,IE,Private hire,2,0
C0217,2026-06-05,45.00,14:00,8,completed,Sligo,IE,Sauna session,1,0
C0237,2026-06-05,55.00,20:00,8,cancelled,Cavan,IE,Private hire,1,0
C0251,2026-06-05,45.00,17:00,8,completed,Nowheresville,IE,Sauna session,1,0
C0308,2026-06-05,45.00,14:00,8,cancelled,Cavan,IE,Sauna session,1,0
C0337,2026-06-05,55.00,14:00,8,completed,Nowheresville,IE,Sauna session,1,0
C0367,2026-06-05,45.00,20:00,8,completed,Belfast,GB,Private hire,2,0
C0393,2026-06-05,45.00,11:00,8,completed,Belfast,GB,Private hire,2,0
C0398,2026-06-05,45.00,14:00,8,completed,,,Sauna session,1,0
C0009,2026-06-06,55.00,20:00,8,completed,Longford,IE,Sauna session,1,0
C0044,2026-06-06,55.00,18:00,8,completed,Sligo,IE,Cold plunge,1,0
C0123,2026-06-06,45.00,18:00,8,completed,Cavan,IE,Sauna session,1,0
C0152,2026-06-06,55.00,14:00,8,completed,Longford,IE,Private hire,1,0
C0181,2026-06-06,45.00,18:00,8,completed,Longford,IE,Sauna session,2,0
C0242,2026-06-06,45.00,14:00,8,completed,Longford,IE,Sauna session,1,5
C0244,2026-06-06,45.00,18:00,8,completed,Nowheresville,IE,Ten-pack,1,0
C0298,2026-06-06,45.00,14:00,8,completed,Longford,IE,Private hire,2,5
F34-0,2026-06-06,45.00,18:00,8,completed,Longford,IE,Sauna session,1,0
F34-1,2026-06-06,45.00,18:00,8,completed,Longford,IE,Sauna session,1,0
F34-2,2026-06-06,45.00,18:00,8,completed,Longford,IE,Sauna session,1,0
F34-3,2026-06-06,45.00,18:00,8,completed,Longford,IE,Sauna session,1,0
F34-4,2026-06-06,45.00,18:00,8,completed,Longford,IE,Sauna session,1,0
F34-5,2026-06-06,45.00,18:00,8,completed,Longford,IE,Sauna session,1,0
F34-6,2026-06-06,45.00,18:00,8,completed,Longford,IE,Sauna session,1,0
F34-7,2026-06-06,45.00,18:00,8,completed,Longford,IE,Sauna session,1,0
C0004,2026-06-07,55.00,18:00,8,completed,Granard,IE,Ten-pack,1,0
C0007,2026-06-07,45.00,14:00,8,no_show,Dublin,IE,Sauna session,1,0
C0052,2026-06-07,55.00,17:00,8,completed,Cavan,IE,Ten-pack,2,0
C0086,2026-06-07,55.00,17:00,8,completed,,,Private hire,1,5
C0179,2026-06-07,45.00,18:00,8,completed,Cavan,IE,Sauna session,2,0
C0241,2026-06-07,55.00,14:00,8,completed,Granard,IE,Cold plunge,2,0
C0282,2026-06-07,45.00,20:00,8,completed,Granard,IE,Sauna session,1,0
C0334,2026-06-07,45.00,18:00,8,completed,Longford,IE,Cold plunge,1,0
C0351,2026-06-07,45.00,18:00,8,completed,Dublin,IE,Ten-pack,2,0
C0400,2026-06-07,45.00,20:00,8,cancelled,,,Ten-pack,1,0
C0032,2026-06-08,45.00,18:00,8,completed,Nowheresville,IE,Private hire,1,0
C0064,2026-06-08,55.00,11:00,8,cancelled,Longford,IE,Cold plunge,2,0
C0070,2026-06-08,45.00,11:00,8,completed,Longford,IE,Sauna session,1,0
C0107,2026-06-08,45.00,11:00,8,completed,Belfast,GB,Sauna session,1,0
C0117,2026-06-08,45.00,17:00,8,completed,Mullingar,IE,Private hire,2,0
C0135,2026-06-08,45.00,20:00,8,completed,Longford,IE,Sauna session,1,5
C0150,2026-06-08,55.00,14:00,8,completed,Dublin,IE,Ten-pack,1,0
C0269,2026-06-08,45.00,20:00,8,no_show,Belfast,GB,Sauna session,1,0
C0345,2026-06-08,45.00,11:00,8,cancelled,Longford,IE,Cold plunge,1,0
C0381,2026-06-08,45.00,20:00,8,completed,,,Cold plunge,1,0
C0008,2026-06-09,45.00,14:00,8,cancelled,Dublin,IE,Sauna session,2,0
C0040,2026-06-09,45.00,11:00,8,completed,Granard,IE,Private hire,2,0
C0138,2026-06-09,45.00,17:00,8,completed,Longford,IE,Ten-pack,2,0
C0142,2026-06-09,45.00,14:00,8,completed,,,Cold plunge,1,0
C0208,2026-06-09,45.00,17:00,8,completed,,,Private hire,2,0
C0215,2026-06-09,45.00,17:00,8,cancelled,Longford,IE,Ten-pack,2,0
C0277,2026-06-09,45.00,17:00,8,completed,Dublin,IE,Ten-pack,1,0
C0280,2026-06-09,45.00,17:00,8,completed,Longford,IE,Cold plunge,1,0
C0295,2026-06-09,45.00,14:00,8,completed,Longford,IE,Sauna session,1,0
C0336,2026-06-09,55.00,17:00,8,completed,Sligo,IE,Cold plunge,1,0
C0353,2026-06-09,45.00,20:00,8,completed,Longford,IE,Sauna session,1,0
C0382,2026-06-09,45.00,17:00,8,completed,Mullingar,IE,Sauna session,2,0
C0024,2026-06-10,45.00,14:00,8,completed,,,Private hire,1,0
C0112,2026-06-10,45.00,17:00,8,completed,Granard,IE,Private hire,2,0
C0115,2026-06-10,45.00,18:00,8,completed,Granard,IE,Sauna session,1,0
C0154,2026-06-10,45.00,14:00,8,completed,Longford,IE,Sauna session,2,0
C0188,2026-06-10,45.00,20:00,8,no_show,,,Ten-pack,1,0
C0249,2026-06-10,45.00,18:00,8,completed,Cavan,IE,Private hire,1,0
C0261,2026-06-10,45.00,20:00,8,cancelled,Dublin,IE,Sauna session,1,0
C0385,2026-06-10,45.00,14:00,8,completed,Longford,IE,Private hire,1,0
C0389,2026-06-10,45.00,20:00,8,completed,,,Ten-pack,2,0
C0016,2026-06-11,45.00,14:00,8,completed,,,Private hire,2,0
C0055,2026-06-11,45.00,17:00,8,completed,Longford,IE,Ten-pack,2,0
C0090,2026-06-11,45.00,20:00,8,completed,Granard,IE,Cold plunge,1,0
C0092,2026-06-11,45.00,11:00,8,completed,Cavan,IE,Ten-pack,1,0
C0149,2026-06-11,45.00,18:00,8,completed,Longford,IE,Ten-pack,1,0
C0153,2026-06-11,45.00,17:00,8,no_show,,,Cold plunge,2,5
C0157,2026-06-11,45.00,18:00,8,completed,Longford,IE,Private hire,1,0
C0164,2026-06-11,45.00,18:00,8,completed,Longford,IE,Sauna session,1,0
C0254,2026-06-11,45.00,20:00,8,completed,Longford,IE,Cold plunge,2,0
C0344,2026-06-11,45.00,11:00,8,completed,Dublin,IE,Sauna session,1,0
C0010,2026-06-12,55.00,18:00,8,completed,Longford,IE,Private hire,2,0
C0048,2026-06-12,45.00,11:00,8,completed,Granard,IE,Cold plunge,1,0
C0074,2026-06-12,55.00,17:00,8,completed,Cavan,IE,Ten-pack,2,0
C0075,2026-06-12,45.00,20:00,8,completed,Cavan,IE,Sauna session,1,0
C0084,2026-06-12,55.00,14:00,8,completed,Mullingar,IE,Sauna session,1,0
C0088,2026-06-12,45.00,20:00,8,completed,Longford,IE,Private hire,1,0
C0110,2026-06-12,45.00,20:00,8,completed,Cavan,IE,Private hire,2,0
C0122,2026-06-12,45.00,11:00,8,completed,Cavan,IE,Cold plunge,1,0
C0145,2026-06-12,45.00,20:00,8,completed,Granard,IE,Ten-pack,1,0
C0147,2026-06-12,45.00,14:00,8,completed,,,Private hire,1,0
C0172,2026-06-12,45.00,11:00,8,completed,Granard,IE,Private hire,1,0
C0258,2026-06-12,45.00,20:00,8,completed,Sligo,IE,Cold plunge,1,0
C0259,2026-06-12,45.00,17:00,8,completed,Mullingar,IE,Cold plunge,2,5
C0306,2026-06-12,55.00,18:00,8,completed,Longford,IE,Cold plunge,1,0
C0315,2026-06-12,45.00,20:00,8,no_show,Longford,IE,Cold plunge,2,0
C0359,2026-06-12,45.00,14:00,8,completed,Dublin,IE,Private hire,1,5
C0374,2026-06-12,45.00,18:00,8,completed,,,Private hire,2,0
C0384,2026-06-12,45.00,11:00,8,completed,Longford,IE,Private hire,1,0
C0028,2026-06-13,45.00,14:00,8,completed,Belfast,GB,Private hire,2,5
C0046,2026-06-13,45.00,11:00,8,completed,Cavan,IE,Ten-pack,1,0
C0068,2026-06-13,45.00,11:00,8,completed,,,Sauna session,2,0
C0103,2026-06-13,55.00,17:00,8,completed,Nowheresville,IE,Cold plunge,1,0
C0163,2026-06-13,45.00,20:00,8,completed,Dublin,IE,Sauna session,1,0
C0173,2026-06-13,55.00,17:00,8,completed,Longford,IE,Sauna session,1,0
C0228,2026-06-13,45.00,11:00,8,completed,Granard,IE,Ten-pack,2,0
C0286,2026-06-13,45.00,11:00,8,completed,Longford,IE,Sauna session,1,0
C0300,2026-06-13,55.00,14:00,8,completed,Mullingar,IE,Cold plunge,1,0
C0310,2026-06-13,45.00,14:00,8,completed,Mullingar,IE,Cold plunge,1,0
C0365,2026-06-13,45.00,14:00,8,completed,Longford,IE,Cold plunge,2,0
C0376,2026-06-13,55.00,11:00,8,completed,Longford,IE,Cold plunge,1,0
C0396,2026-06-13,55.00,18:00,8,no_show,Longford,IE,Cold plunge,1,0
F35-0,2026-06-13,45.00,18:00,8,completed,Longford,IE,Sauna session,1,0
F35-1,2026-06-13,45.00,18:00,8,completed,Longford,IE,Sauna session,1,0
F35-2,2026-06-13,45.00,18:00,8,completed,Longford,IE,Sauna session,1,0
F35-3,2026-06-13,45.00,18:00,8,completed,Longford,IE,Sauna session,1,0
F35-4,2026-06-13,45.00,18:00,8,completed,Longford,IE,Sauna session,1,0
F35-5,2026-06-13,45.00,18:00,8,completed,Longford,IE,Sauna session,1,0
F35-6,2026-06-13,45.00,18:00,8,completed,Longford,IE,Sauna session,1,0
F35-7,2026-06-13,45.00,18:00,8,completed,Longford,IE,Sauna session,1,0
C0034,2026-06-14,45.00,20:00,8,completed,Longford,IE,Ten-pack,1,0
C0050,2026-06-14,45.00,20:00,8,cancelled,,,Sauna session,2,5
C0059,2026-06-14,45.00,11:00,8,completed,Longford,IE,Sauna session,1,0
C0096,2026-06-14,45.00,20:00,8,completed,Belfast,GB,Private hire,1,0
C0156,2026-06-14,45.00,18:00,8,completed,Longford,IE,Sauna session,1,0
C0207,2026-06-14,45.00,17:00,8,completed,Cavan,IE,Cold plunge,1,0
C0209,2026-06-14,45.00,11:00,8,completed,Belfast,GB,Ten-pack,1,0
C0268,2026-06-14,45.00,11:00,8,completed,Cavan,IE,Ten-pack,1,0
C0294,2026-06-14,45.00,20:00,8,no_show,Longford,IE,Ten-pack,1,0
C0327,2026-06-14,45.00,14:00,8,completed,Dublin,IE,Sauna session,1,0
C0328,2026-06-14,55.00,14:00,8,completed,Longford,IE,Cold plunge,2,0
C0354,2026-06-14,45.00,14:00,8,completed,Dublin,IE,Cold plunge,1,0
C0356,2026-06-14,45.00,11:00,8,completed,Sligo,IE,Cold plunge,1,0
C0383,2026-06-14,45.00,20:00,8,completed,,,Cold plunge,2,5
C0399,2026-06-14,55.00,14:00,8,completed,Granard,IE,Sauna session,1,0
C0020,2026-06-15,55.00,17:00,8,completed,Longford,IE,Sauna session,1,0
C0021,2026-06-15,45.00,20:00,8,completed,Dublin,IE,Cold plunge,1,0
C0049,2026-06-15,45.00,14:00,8,completed,Granard,IE,Sauna session,1,0
C0069,2026-06-15,45.00,20:00,8,completed,,,Private hire,2,0
C0076,2026-06-15,55.00,14:00,8,completed,Nowheresville,IE,Ten-pack,2,0
C0116,2026-06-15,45.00,20:00,8,completed,,,Sauna session,1,0
C0136,2026-06-15,45.00,11:00,8,completed,Longford,IE,Private hire,2,0
C0256,2026-06-15,55.00,11:00,8,completed,Granard,IE,Cold plunge,2,0
C0289,2026-06-15,45.00,11:00,8,completed,Dublin,IE,Private hire,2,0
C0290,2026-06-15,45.00,11:00,8,completed,,,Sauna session,1,0
C0318,2026-06-15,45.00,20:00,8,completed,Granard,IE,Cold plunge,2,0
C0361,2026-06-15,45.00,18:00,8,completed,Mullingar,IE,Private hire,2,5
C0380,2026-06-15,45.00,11:00,8,completed,Cavan,IE,Sauna session,1,0
C0015,2026-06-16,45.00,14:00,8,completed,Sligo,IE,Private hire,1,0
C0031,2026-06-16,45.00,17:00,8,completed,Cavan,IE,Cold plunge,1,0
C0120,2026-06-16,55.00,14:00,8,completed,Belfast,GB,Private hire,2,0
C0158,2026-06-16,45.00,18:00,8,cancelled,Longford,IE,Sauna session,1,5
C0186,2026-06-16,45.00,11:00,8,completed,Dublin,IE,Private hire,1,0
C0194,2026-06-16,45.00,11:00,8,completed,Mullingar,IE,Sauna session,1,0
C0245,2026-06-16,45.00,17:00,8,completed,Longford,IE,Cold plunge,2,0
C0248,2026-06-16,45.00,18:00,8,completed,Mullingar,IE,Ten-pack,1,0
C0260,2026-06-16,45.00,14:00,8,completed,Cavan,IE,Private hire,1,0
C0301,2026-06-16,45.00,14:00,8,no_show,Granard,IE,Ten-pack,2,0
C0320,2026-06-16,45.00,11:00,8,completed,Granard,IE,Cold plunge,1,0
C0325,2026-06-16,45.00,20:00,8,completed,Longford,IE,Private hire,1,0
C0378,2026-06-16,55.00,20:00,8,completed,Granard,IE,Private hire,2,0
C0102,2026-06-17,45.00,11:00,8,completed,Longford,IE,Sauna session,2,0
C0109,2026-06-17,45.00,14:00,8,completed,Dublin,IE,Cold plunge,2,0
C0131,2026-06-17,45.00,14:00,8,completed,,,Sauna session,1,5
C0180,2026-06-17,45.00,17:00,8,completed,Longford,IE,Ten-pack,1,0
C0192,2026-06-17,45.00,11:00,8,completed,,,Ten-pack,2,0
C0218,2026-06-17,55.00,17:00,8,completed,Granard,IE,Private hire,2,5
C0255,2026-06-17,45.00,20:00,8,completed,Cavan,IE,Ten-pack,2,0
C0278,2026-06-17,45.00,11:00,8,completed,Sligo,IE,Sauna session,1,0
C0314,2026-06-17,45.00,20:00,8,completed,Longford,IE,Private hire,2,0
C0362,2026-06-17,45.00,11:00,8,completed,Longford,IE,Ten-pack,1,0
C0002,2026-06-18,45.00,20:00,8,completed,Cavan,IE,Private hire,1,0
C0095,2026-06-18,55.00,17:00,8,completed,Longford,IE,Private hire,1,0
C0121,2026-06-18,45.00,14:00,8,cancelled,Cavan,IE,Sauna session,1,0
C0170,2026-06-18,45.00,11:00,8,completed,Mullingar,IE,Ten-pack,1,0
C0206,2026-06-18,55.00,17:00,8,completed,Sligo,IE,Cold plunge,1,0
C0216,2026-06-18,55.00,18:00,8,completed,Nowheresville,IE,Sauna session,2,0
C0219,2026-06-18,45.00,20:00,8,completed,Cavan,IE,Ten-pack,1,5
C0231,2026-06-18,45.00,18:00,8,completed,Sligo,IE,Private hire,1,0
C0246,2026-06-18,45.00,17:00,8,completed,Cavan,IE,Private hire,1,0
C0284,2026-06-18,45.00,11:00,8,completed,Longford,IE,Private hire,2,0
C0313,2026-06-18,45.00,17:00,8,no_show,Cavan,IE,Private hire,2,0
C0335,2026-06-18,55.00,18:00,8,completed,Belfast,GB,Cold plunge,2,0
C0350,2026-06-18,45.00,18:00,8,completed,Granard,IE,Ten-pack,2,0
C0377,2026-06-18,45.00,20:00,8,completed,Longford,IE,Sauna session,2,0
C0013,2026-06-19,55.00,17:00,8,completed,Granard,IE,Sauna session,1,0
C0026,2026-06-19,55.00,14:00,8,completed,Granard,IE,Ten-pack,2,0
C0085,2026-06-19,55.00,18:00,8,completed,Sligo,IE,Ten-pack,1,0
C0124,2026-06-19,45.00,17:00,8,completed,Granard,IE,Ten-pack,1,0
C0168,2026-06-19,45.00,20:00,8,completed,Longford,IE,Private hire,1,0
C0251,2026-06-19,55.00,17:00,8,completed,Nowheresville,IE,Sauna session,1,0
C0367,2026-06-19,45.00,20:00,8,completed,Belfast,GB,Private hire,2,0
C0393,2026-06-19,45.00,11:00,8,completed,Belfast,GB,Private hire,2,0
C0397,2026-06-19,55.00,18:00,8,completed,Longford,IE,Cold plunge,2,0
C0398,2026-06-19,45.00,14:00,8,completed,,,Sauna session,1,0
C0041,2026-06-20,55.00,20:00,8,completed,Sligo,IE,Sauna session,2,0
C0044,2026-06-20,55.00,18:00,8,completed,Sligo,IE,Cold plunge,1,0
C0093,2026-06-20,45.00,18:00,8,completed,Cavan,IE,Ten-pack,2,0
C0140,2026-06-20,45.00,14:00,8,completed,Granard,IE,Sauna session,1,0
C0152,2026-06-20,45.00,14:00,8,completed,Longford,IE,Private hire,1,0
C0198,2026-06-20,45.00,20:00,8,completed,Nowheresville,IE,Cold plunge,1,0
C0222,2026-06-20,45.00,14:00,8,completed,Longford,IE,Private hire,1,0
C0242,2026-06-20,45.00,14:00,8,completed,Longford,IE,Sauna session,1,5
C0244,2026-06-20,45.00,18:00,8,completed,Nowheresville,IE,Ten-pack,1,0
C0253,2026-06-20,45.00,17:00,8,no_show,Longford,IE,Sauna session,1,5
C0288,2026-06-20,45.00,18:00,8,completed,Cavan,IE,Ten-pack,2,0
C0298,2026-06-20,45.00,14:00,8,completed,Longford,IE,Private hire,2,5
C0311,2026-06-20,45.00,14:00,8,completed,Dublin,IE,Private hire,1,0
C0312,2026-06-20,45.00,20:00,8,completed,Mullingar,IE,Cold plunge,1,0
C0371,2026-06-20,55.00,11:00,8,completed,Cavan,IE,Sauna session,1,0
C0375,2026-06-20,55.00,18:00,8,completed,Sligo,IE,Ten-pack,1,0
F36-0,2026-06-20,45.00,18:00,8,completed,Longford,IE,Sauna session,1,0
F36-1,2026-06-20,45.00,18:00,8,completed,Longford,IE,Sauna session,1,0
F36-2,2026-06-20,45.00,18:00,8,completed,Longford,IE,Sauna session,1,0
F36-3,2026-06-20,45.00,18:00,8,completed,Longford,IE,Sauna session,1,0
F36-4,2026-06-20,45.00,18:00,8,completed,Longford,IE,Sauna session,1,0
F36-5,2026-06-20,45.00,18:00,8,completed,Longford,IE,Sauna session,1,0
F36-6,2026-06-20,45.00,18:00,8,completed,Longford,IE,Sauna session,1,0
F36-7,2026-06-20,45.00,18:00,8,completed,Longford,IE,Sauna session,1,0
C0037,2026-06-21,55.00,14:00,8,completed,Cavan,IE,Cold plunge,1,0
C0143,2026-06-21,45.00,14:00,8,completed,Sligo,IE,Ten-pack,1,0
C0195,2026-06-21,45.00,20:00,8,completed,Longford,IE,Private hire,1,0
C0232,2026-06-21,55.00,14:00,8,completed,Cavan,IE,Sauna session,1,0
C0267,2026-06-21,55.00,20:00,8,no_show,Nowheresville,IE,Ten-pack,2,0
C0271,2026-06-21,45.00,18:00,8,completed,Longford,IE,Ten-pack,1,0
C0282,2026-06-21,45.00,20:00,8,completed,Granard,IE,Sauna session,1,0
C0302,2026-06-21,45.00,14:00,8,cancelled,Cavan,IE,Private hire,2,0
C0304,2026-06-21,45.00,17:00,8,completed,Dublin,IE,Private hire,1,0
C0351,2026-06-21,45.00,18:00,8,completed,Dublin,IE,Ten-pack,2,0
C0360,2026-06-21,45.00,11:00,8,completed,Cavan,IE,Sauna session,2,0
C0372,2026-06-21,45.00,11:00,8,completed,Longford,IE,Sauna session,1,0
C0019,2026-06-22,55.00,17:00,8,completed,,,Sauna session,1,0
C0070,2026-06-22,55.00,11:00,8,completed,Longford,IE,Sauna session,1,0
C0134,2026-06-22,45.00,17:00,8,completed,Longford,IE,Cold plunge,2,0
C0135,2026-06-22,45.00,20:00,8,completed,Longford,IE,Sauna session,1,5
C0182,2026-06-22,45.00,17:00,8,completed,Longford,IE,Private hire,1,0
C0223,2026-06-22,45.00,18:00,8,completed,Longford,IE,Cold plunge,1,0
C0296,2026-06-22,45.00,17:00,8,completed,Longford,IE,Private hire,1,0
C0345,2026-06-22,45.00,11:00,8,completed,Longford,IE,Cold plunge,1,0
C0346,2026-06-22,55.00,14:00,8,completed,Longford,IE,Private hire,2,0
C0001,2026-06-23,45.00,20:00,8,no_show,Cavan,IE,Private hire,1,0
C0012,2026-06-23,55.00,18:00,8,completed,Mullingar,IE,Ten-pack,2,0
C0089,2026-06-23,45.00,14:00,8,completed,Longford,IE,Cold plunge,1,0
C0138,2026-06-23,45.00,17:00,8,completed,Longford,IE,Ten-pack,2,0
C0167,2026-06-23,45.00,20:00,8,completed,Granard,IE,Sauna session,2,0
C0171,2026-06-23,45.00,18:00,8,completed,Longford,IE,Cold plunge,2,0
C0208,2026-06-23,55.00,17:00,8,completed,,,Private hire,2,0
C0225,2026-06-23,55.00,18:00,8,completed,Longford,IE,Private hire,2,0
C0238,2026-06-23,45.00,20:00,8,completed,,,Sauna session,1,0
C0239,2026-06-23,45.00,18:00,8,completed,Granard,IE,Private hire,1,0
C0280,2026-06-23,55.00,17:00,8,completed,Longford,IE,Cold plunge,1,0
C0317,2026-06-23,45.00,11:00,8,completed,Sligo,IE,Cold plunge,1,0
C0336,2026-06-23,45.00,17:00,8,completed,Sligo,IE,Cold plunge,1,0
C0348,2026-06-23,55.00,14:00,8,completed,Longford,IE,Private hire,1,0
C0353,2026-06-23,45.00,20:00,8,completed,Longford,IE,Sauna session,1,0
C0388,2026-06-23,55.00,20:00,8,completed,Granard,IE,Cold plunge,2,0
C0391,2026-06-23,45.00,11:00,8,completed,Longford,IE,Sauna session,2,0
C0018,2026-06-24,45.00,18:00,8,completed,Longford,IE,Cold plunge,2,0
C0072,2026-06-24,45.00,17:00,8,completed,Dublin,IE,Private hire,1,0
C0249,2026-06-24,45.00,18:00,8,completed,Cavan,IE,Private hire,1,0
C0285,2026-06-24,45.00,14:00,8,cancelled,Cavan,IE,Cold plunge,2,0
C0309,2026-06-24,45.00,18:00,8,completed,,,Sauna session,1,0
C0394,2026-06-24,45.00,20:00,8,completed,Dublin,IE,Sauna session,2,0
C0016,2026-06-25,45.00,14:00,8,completed,,,Private hire,2,0
C0055,2026-06-25,55.00,17:00,8,completed,Longford,IE,Ten-pack,2,0
C0090,2026-06-25,45.00,20:00,8,completed,Granard,IE,Cold plunge,1,0
C0114,2026-06-25,45.00,11:00,8,completed,Cavan,IE,Ten-pack,2,0
C0148,2026-06-25,45.00,20:00,8,completed,Longford,IE,Sauna session,2,0
C0153,2026-06-25,45.00,17:00,8,completed,,,Cold plunge,2,5
C0159,2026-06-25,45.00,14:00,8,completed,Longford,IE,Sauna session,1,0
C0164,2026-06-25,45.00,18:00,8,completed,Longford,IE,Sauna session,1,0
C0169,2026-06-25,45.00,14:00,8,completed,Granard,IE,Private hire,1,0
C0193,2026-06-25,45.00,14:00,8,completed,Cavan,IE,Private hire,1,0
C0344,2026-06-25,45.00,11:00,8,completed,Dublin,IE,Sauna session,1,0
C0379,2026-06-25,45.00,17:00,8,completed,Cavan,IE,Ten-pack,1,0
C0048,2026-06-26,45.00,11:00,8,completed,Granard,IE,Cold plunge,1,0
C0051,2026-06-26,45.00,20:00,8,completed,Granard,IE,Ten-pack,2,0
C0061,2026-06-26,55.00,20:00,8,completed,Granard,IE,Cold plunge,2,5
C0074,2026-06-26,45.00,17:00,8,completed,Cavan,IE,Ten-pack,2,0
C0075,2026-06-26,45.00,20:00,8,cancelled,Cavan,IE,Sauna session,1,0
C0081,2026-06-26,45.00,11:00,8,completed,Granard,IE,Sauna session,1,5
C0110,2026-06-26,55.00,20:00,8,no_show,Cavan,IE,Private hire,2,0
C0122,2026-06-26,45.00,11:00,8,completed,Cavan,IE,Cold plunge,1,0
C0125,2026-06-26,45.00,14:00,8,completed,Longford,IE,Ten-pack,1,0
C0147,2026-06-26,55.00,14:00,8,completed,,,Private hire,1,0
C0258,2026-06-26,45.00,20:00,8,completed,Sligo,IE,Cold plunge,1,0
C0274,2026-06-26,55.00,18:00,8,no_show,Granard,IE,Cold plunge,1,0
C0305,2026-06-26,45.00,14:00,8,completed,Longford,IE,Sauna session,2,0
C0306,2026-06-26,55.00,18:00,8,completed,Longford,IE,Cold plunge,1,0
C0324,2026-06-26,55.00,18:00,8,completed,Granard,IE,Ten-pack,1,0
C0337,2026-06-26,55.00,14:00,8,completed,Nowheresville,IE,Sauna session,1,0
C0359,2026-06-26,45.00,14:00,8,completed,Dublin,IE,Private hire,1,5
C0363,2026-06-26,45.00,20:00,8,completed,Longford,IE,Private hire,2,0
C0046,2026-06-27,45.00,11:00,8,completed,Cavan,IE,Ten-pack,1,0
C0103,2026-06-27,45.00,17:00,8,completed,Nowheresville,IE,Cold plunge,1,0
C0111,2026-06-27,45.00,17:00,8,completed,Longford,IE,Sauna session,2,0
C0123,2026-06-27,55.00,18:00,8,completed,Cavan,IE,Sauna session,1,0
C0166,2026-06-27,45.00,14:00,8,completed,Longford,IE,Ten-pack,1,0
C0176,2026-06-27,45.00,17:00,8,completed,Belfast,GB,Ten-pack,1,5
C0183,2026-06-27,45.00,11:00,8,completed,Mullingar,IE,Private hire,2,0
C0263,2026-06-27,45.00,14:00,8,cancelled,Sligo,IE,Cold plunge,2,0
C0329,2026-06-27,45.00,14:00,8,completed,Cavan,IE,Sauna session,1,0
C0338,2026-06-27,55.00,20:00,8,completed,Cavan,IE,Ten-pack,2,5
C0347,2026-06-27,55.00,20:00,8,completed,Longford,IE,Cold plunge,1,0
C0365,2026-06-27,45.00,14:00,8,completed,Longford,IE,Cold plunge,2,0
C0386,2026-06-27,45.00,20:00,8,completed,Cavan,IE,Private hire,1,0
F37-0,2026-06-27,45.00,18:00,8,completed,Longford,IE,Sauna session,1,0
F37-1,2026-06-27,45.00,18:00,8,completed,Longford,IE,Sauna session,1,0
F37-2,2026-06-27,45.00,18:00,8,completed,Longford,IE,Sauna session,1,0
F37-3,2026-06-27,45.00,18:00,8,completed,Longford,IE,Sauna session,1,0
F37-4,2026-06-27,45.00,18:00,8,completed,Longford,IE,Sauna session,1,0
F37-5,2026-06-27,45.00,18:00,8,completed,Longford,IE,Sauna session,1,0
F37-6,2026-06-27,45.00,18:00,8,completed,Longford,IE,Sauna session,1,0
F37-7,2026-06-27,45.00,18:00,8,completed,Longford,IE,Sauna session,1,0
C0004,2026-06-28,45.00,18:00,8,completed,Granard,IE,Ten-pack,1,0
C0050,2026-06-28,45.00,20:00,8,no_show,,,Sauna session,2,5
C0077,2026-06-28,55.00,14:00,8,completed,Dublin,IE,Sauna session,1,5
C0108,2026-06-28,55.00,14:00,8,completed,Cavan,IE,Cold plunge,2,0
C0202,2026-06-28,55.00,14:00,8,completed,Longford,IE,Private hire,1,0
C0207,2026-06-28,55.00,17:00,8,completed,Cavan,IE,Cold plunge,1,0
C0233,2026-06-28,45.00,17:00,8,completed,Granard,IE,Ten-pack,2,0
C0241,2026-06-28,45.00,14:00,8,cancelled,Granard,IE,Cold plunge,2,0
C0268,2026-06-28,45.00,11:00,8,completed,Cavan,IE,Ten-pack,1,0
C0333,2026-06-28,55.00,18:00,8,completed,,,Sauna session,1,0
C0334,2026-06-28,45.00,18:00,8,completed,Longford,IE,Cold plunge,1,0
C0356,2026-06-28,45.00,11:00,8,completed,Sligo,IE,Cold plunge,1,0
C0383,2026-06-28,45.00,20:00,8,completed,,,Cold plunge,2,5
C0392,2026-06-28,45.00,11:00,8,completed,Cavan,IE,Ten-pack,2,0
C0076,2026-06-29,45.00,14:00,8,cancelled,Nowheresville,IE,Ten-pack,2,0
C0107,2026-06-29,45.00,11:00,8,completed,Belfast,GB,Sauna session,1,0
C0117,2026-06-29,45.00,17:00,8,cancelled,Mullingar,IE,Private hire,2,0
C0189,2026-06-29,45.00,14:00,8,completed,Longford,IE,Sauna session,2,0
C0256,2026-06-29,45.00,11:00,8,completed,Granard,IE,Cold plunge,2,0
C0289,2026-06-29,55.00,11:00,8,completed,Dublin,IE,Private hire,2,0
C0318,2026-06-29,55.00,20:00,8,completed,Granard,IE,Cold plunge,2,0
C0332,2026-06-29,45.00,18:00,8,completed,Mullingar,IE,Ten-pack,2,0
C0343,2026-06-29,45.00,20:00,8,completed,,,Ten-pack,1,5
C0029,2026-06-30,45.00,14:00,8,completed,Longford,IE,Private hire,1,0
C0031,2026-06-30,55.00,17:00,8,no_show,Cavan,IE,Cold plunge,1,0
C0033,2026-06-30,45.00,14:00,8,completed,Longford,IE,Sauna session,1,0
C0040,2026-06-30,45.00,11:00,8,completed,Granard,IE,Private hire,2,0
C0128,2026-06-30,45.00,17:00,8,completed,Sligo,IE,Private hire,1,0
C0141,2026-06-30,45.00,17:00,8,completed,Dublin,IE,Private hire,1,0
C0165,2026-06-30,45.00,18:00,8,completed,Longford,IE,Cold plunge,2,0
C0186,2026-06-30,55.00,11:00,8,completed,Dublin,IE,Private hire,1,0
C0215,2026-06-30,45.00,17:00,8,completed,Longford,IE,Ten-pack,2,0
C0265,2026-06-30,45.00,17:00,8,completed,Belfast,GB,Private hire,1,0
C0277,2026-06-30,45.00,17:00,8,completed,Dublin,IE,Ten-pack,1,0
C0378,2026-06-30,45.00,20:00,8,completed,Granard,IE,Private hire,2,0
C0024,2026-07-01,45.00,14:00,8,completed,,,Private hire,1,0
C0047,2026-07-01,45.00,18:00,8,completed,Longford,IE,Sauna session,1,0
C0102,2026-07-01,45.00,11:00,8,completed,Longford,IE,Sauna session,2,0
C0112,2026-07-01,45.00,17:00,8,completed,Granard,IE,Private hire,2,0
C0131,2026-07-01,45.00,14:00,8,completed,,,Sauna session,1,5
C0154,2026-07-01,45.00,14:00,8,completed,Longford,IE,Sauna session,2,0
C0160,2026-07-01,45.00,18:00,8,completed,Belfast,GB,Cold plunge,1,0
C0250,2026-07-01,55.00,11:00,8,completed,Longford,IE,Private hire,1,0
C0255,2026-07-01,45.00,20:00,8,completed,Cavan,IE,Ten-pack,2,0
C0314,2026-07-01,45.00,20:00,8,completed,Longford,IE,Private hire,2,0
C0341,2026-07-01,45.00,17:00,8,completed,Longford,IE,Ten-pack,1,0
C0385,2026-07-01,45.00,14:00,8,completed,Longford,IE,Private hire,1,0
C0389,2026-07-01,55.00,20:00,8,completed,,,Ten-pack,2,0
C0395,2026-07-01,55.00,11:00,8,completed,Mullingar,IE,Ten-pack,2,5
C0002,2026-07-02,55.00,20:00,8,completed,Cavan,IE,Private hire,1,0
C0005,2026-07-02,55.00,14:00,8,completed,,,Cold plunge,1,0
C0027,2026-07-02,55.00,17:00,8,no_show,Granard,IE,Sauna session,2,0
C0092,2026-07-02,45.00,11:00,8,completed,Cavan,IE,Ten-pack,1,0
C0121,2026-07-02,45.00,14:00,8,completed,Cavan,IE,Sauna session,1,0
C0157,2026-07-02,45.00,18:00,8,completed,Longford,IE,Private hire,1,0
C0175,2026-07-02,45.00,20:00,8,completed,Cavan,IE,Ten-pack,2,0
C0200,2026-07-02,45.00,17:00,8,completed,Belfast,GB,Ten-pack,1,0
C0206,2026-07-02,45.00,17:00,8,completed,Sligo,IE,Cold plunge,1,0
C0231,2026-07-02,45.00,18:00,8,completed,Sligo,IE,Private hire,1,0
C0254,2026-07-02,45.00,20:00,8,completed,Longford,IE,Cold plunge,2,0
C0279,2026-07-02,45.00,20:00,8,completed,Longford,IE,Sauna session,1,0
C0297,2026-07-02,45.00,14:00,8,completed,Nowheresville,IE,Sauna session,2,0
C0331,2026-07-02,55.00,18:00,8,completed,Longford,IE,Private hire,1,0
C0168,2026-07-03,55.00,20:00,8,cancelled,Longford,IE,Private hire,1,0
C0259,2026-07-03,45.00,17:00,8,completed,Mullingar,IE,Cold plunge,2,5
C0281,2026-07-03,55.00,14:00,8,cancelled,Longford,IE,Private hire,1,5
C0374,2026-07-03,45.00,18:00,8,completed,,,Private hire,2,0
C0393,2026-07-03,45.00,11:00,8,completed,Belfast,GB,Private hire,2,0
C0028,2026-07-04,45.00,14:00,8,completed,Belfast,GB,Private hire,2,5
C0041,2026-07-04,55.00,20:00,8,completed,Sligo,IE,Sauna session,2,0
C0044,2026-07-04,55.00,18:00,8,completed,Sligo,IE,Cold plunge,1,0
C0106,2026-07-04,45.00,18:00,8,completed,Dublin,IE,Private hire,1,0
C0119,2026-07-04,45.00,14:00,8,completed,Longford,IE,Cold plunge,1,0
C0152,2026-07-04,55.00,14:00,8,completed,Longford,IE,Private hire,1,0
C0173,2026-07-04,45.00,17:00,8,completed,Longford,IE,Sauna session,1,0
C0196,2026-07-04,45.00,11:00,8,completed,Longford,IE,Ten-pack,2,0
C0201,2026-07-04,45.00,14:00,8,completed,Longford,IE,Sauna session,2,0
C0242,2026-07-04,55.00,14:00,8,completed,Longford,IE,Sauna session,1,5
C0257,2026-07-04,55.00,17:00,8,completed,Granard,IE,Ten-pack,1,0
C0300,2026-07-04,55.00,14:00,8,completed,Mullingar,IE,Cold plunge,1,0
C0312,2026-07-04,45.00,20:00,8,completed,Mullingar,IE,Cold plunge,1,0
C0340,2026-07-04,55.00,18:00,8,completed,Longford,IE,Sauna session,1,0
C0375,2026-07-04,45.00,18:00,8,completed,Sligo,IE,Ten-pack,1,0
F38-0,2026-07-04,45.00,18:00,8,completed,Longford,IE,Sauna session,1,0
F38-1,2026-07-04,45.00,18:00,8,completed,Longford,IE,Sauna session,1,0
F38-2,2026-07-04,45.00,18:00,8,completed,Longford,IE,Sauna session,1,0
F38-3,2026-07-04,45.00,18:00,8,completed,Longford,IE,Sauna session,1,0
F38-4,2026-07-04,45.00,18:00,8,completed,Longford,IE,Sauna session,1,0
F38-5,2026-07-04,45.00,18:00,8,completed,Longford,IE,Sauna session,1,0
F38-6,2026-07-04,45.00,18:00,8,completed,Longford,IE,Sauna session,1,0
F38-7,2026-07-04,45.00,18:00,8,completed,Longford,IE,Sauna session,1,0
C0034,2026-07-05,45.00,20:00,8,completed,Longford,IE,Ten-pack,1,0
C0162,2026-07-05,45.00,14:00,8,completed,Longford,IE,Sauna session,1,5
C0209,2026-07-05,45.00,11:00,8,completed,Belfast,GB,Ten-pack,1,0
C0282,2026-07-05,45.00,20:00,8,completed,Granard,IE,Sauna session,1,0
C0294,2026-07-05,45.00,20:00,8,no_show,Longford,IE,Ten-pack,1,0
C0319,2026-07-05,45.00,20:00,8,completed,Longford,IE,Ten-pack,2,0
C0328,2026-07-05,45.00,14:00,8,completed,Longford,IE,Cold plunge,2,0
C0354,2026-07-05,55.00,14:00,8,cancelled,Dublin,IE,Cold plunge,1,0
C0399,2026-07-05,45.00,14:00,8,completed,Granard,IE,Sauna session,1,0
C0021,2026-07-06,45.00,20:00,8,completed,Dublin,IE,Cold plunge,1,0
C0049,2026-07-06,45.00,14:00,8,completed,Granard,IE,Sauna session,1,0
C0056,2026-07-06,45.00,14:00,8,completed,Sligo,IE,Cold plunge,1,0
C0079,2026-07-06,45.00,20:00,8,completed,Cavan,IE,Private hire,1,0
C0135,2026-07-06,45.00,20:00,8,completed,Longford,IE,Sauna session,1,5
C0146,2026-07-06,45.00,11:00,8,completed,Longford,IE,Cold plunge,1,0
C0290,2026-07-06,45.00,11:00,8,completed,,,Sauna session,1,0
C0358,2026-07-06,45.00,20:00,8,completed,Longford,IE,Ten-pack,2,0
C0387,2026-07-06,45.00,20:00,8,completed,Longford,IE,Sauna session,1,0
C0001,2026-07-07,45.00,20:00,8,cancelled,Cavan,IE,Private hire,1,0
C0089,2026-07-07,45.00,14:00,8,completed,Longford,IE,Cold plunge,1,0
C0155,2026-07-07,45.00,17:00,8,completed,Nowheresville,IE,Cold plunge,1,0
C0158,2026-07-07,45.00,18:00,8,cancelled,Longford,IE,Sauna session,1,5
C0194,2026-07-07,45.00,11:00,8,completed,Mullingar,IE,Sauna session,1,0
C0208,2026-07-07,45.00,17:00,8,completed,,,Private hire,2,0
C0225,2026-07-07,55.00,18:00,8,completed,Longford,IE,Private hire,2,0
C0239,2026-07-07,45.00,18:00,8,completed,Granard,IE,Private hire,1,0
C0245,2026-07-07,45.00,17:00,8,completed,Longford,IE,Cold plunge,2,0
C0248,2026-07-07,45.00,18:00,8,completed,Mullingar,IE,Ten-pack,1,0
C0280,2026-07-07,55.00,17:00,8,completed,Longford,IE,Cold plunge,1,0
C0320,2026-07-07,45.00,11:00,8,completed,Granard,IE,Cold plunge,1,0
C0325,2026-07-07,55.00,20:00,8,completed,Longford,IE,Private hire,1,0
C0353,2026-07-07,45.00,20:00,8,completed,Longford,IE,Sauna session,1,0
C0045,2026-07-08,45.00,18:00,8,completed,Granard,IE,Cold plunge,1,0
C0192,2026-07-08,55.00,11:00,8,completed,,,Ten-pack,2,0
C0278,2026-07-08,55.00,11:00,8,completed,Sligo,IE,Sauna session,1,0
C0303,2026-07-08,45.00,20:00,8,completed,Dublin,IE,Private hire,1,0
C0309,2026-07-08,45.00,18:00,8,completed,,,Sauna session,1,0
C0362,2026-07-08,45.00,11:00,8,completed,Longford,IE,Ten-pack,1,0
C0016,2026-07-09,45.00,14:00,8,completed,,,Private hire,2,0
C0055,2026-07-09,45.00,17:00,8,completed,Longford,IE,Ten-pack,2,0
C0090,2026-07-09,45.00,20:00,8,completed,Granard,IE,Cold plunge,1,0
C0095,2026-07-09,45.00,17:00,8,completed,Longford,IE,Private hire,1,0
C0098,2026-07-09,55.00,17:00,8,completed,Cavan,IE,Ten-pack,2,0
C0105,2026-07-09,45.00,11:00,8,completed,Granard,IE,Cold plunge,1,0
C0153,2026-07-09,45.00,17:00,8,completed,,,Cold plunge,2,5
C0164,2026-07-09,45.00,18:00,8,no_show,Longford,IE,Sauna session,1,0
C0216,2026-07-09,45.00,18:00,8,completed,Nowheresville,IE,Sauna session,2,0
C0236,2026-07-09,45.00,14:00,8,no_show,Granard,IE,Sauna session,1,0
C0344,2026-07-09,45.00,11:00,8,no_show,Dublin,IE,Sauna session,1,0
C0350,2026-07-09,45.00,18:00,8,completed,Granard,IE,Ten-pack,2,0
C0006,2026-07-10,55.00,17:00,8,completed,Dublin,IE,Sauna session,1,5
C0013,2026-07-10,45.00,17:00,8,completed,Granard,IE,Sauna session,1,0
C0048,2026-07-10,45.00,11:00,8,completed,Granard,IE,Cold plunge,1,0
C0075,2026-07-10,45.00,20:00,8,completed,Cavan,IE,Sauna session,1,0
C0124,2026-07-10,55.00,17:00,8,completed,Granard,IE,Ten-pack,1,0
C0129,2026-07-10,45.00,14:00,8,cancelled,Longford,IE,Ten-pack,1,0
C0144,2026-07-10,45.00,17:00,8,completed,Longford,IE,Ten-pack,2,0
C0172,2026-07-10,45.00,11:00,8,completed,Granard,IE,Private hire,1,0
C0217,2026-07-10,55.00,14:00,8,completed,Sligo,IE,Sauna session,1,0
C0251,2026-07-10,45.00,17:00,8,completed,Nowheresville,IE,Sauna session,1,0
C0258,2026-07-10,45.00,20:00,8,completed,Sligo,IE,Cold plunge,1,0
C0359,2026-07-10,45.00,14:00,8,completed,Dublin,IE,Private hire,1,5
C0367,2026-07-10,55.00,20:00,8,completed,Belfast,GB,Private hire,2,0
C0398,2026-07-10,45.00,14:00,8,completed,,,Sauna session,1,0
C0022,2026-07-11,45.00,17:00,8,completed,,,Sauna session,2,0
C0046,2026-07-11,45.00,11:00,8,completed,Cavan,IE,Ten-pack,1,0
C0123,2026-07-11,45.00,18:00,8,completed,Cavan,IE,Sauna session,1,0
C0126,2026-07-11,45.00,18:00,8,completed,Longford,IE,Sauna session,2,5
C0210,2026-07-11,45.00,18:00,8,completed,Belfast,GB,Cold plunge,2,0
C0244,2026-07-11,45.00,18:00,8,completed,Nowheresville,IE,Ten-pack,1,0
C0253,2026-07-11,45.00,17:00,8,completed,Longford,IE,Sauna session,1,5
C0291,2026-07-11,45.00,11:00,8,no_show,Longford,IE,Private hire,2,0
C0298,2026-07-11,45.00,14:00,8,completed,Longford,IE,Private hire,2,5
C0349,2026-07-11,45.00,20:00,8,completed,Dublin,IE,Ten-pack,1,0
C0365,2026-07-11,45.00,14:00,8,completed,Longford,IE,Cold plunge,2,0
C0371,2026-07-11,55.00,11:00,8,completed,Cavan,IE,Sauna session,1,0
F39-0,2026-07-11,45.00,18:00,8,completed,Longford,IE,Sauna session,1,0
F39-1,2026-07-11,45.00,18:00,8,completed,Longford,IE,Sauna session,1,0
F39-2,2026-07-11,45.00,18:00,8,completed,Longford,IE,Sauna session,1,0
F39-3,2026-07-11,45.00,18:00,8,completed,Longford,IE,Sauna session,1,0
F39-4,2026-07-11,45.00,18:00,8,completed,Longford,IE,Sauna session,1,0
F39-5,2026-07-11,45.00,18:00,8,completed,Longford,IE,Sauna session,1,0
F39-6,2026-07-11,45.00,18:00,8,completed,Longford,IE,Sauna session,1,0
F39-7,2026-07-11,45.00,18:00,8,completed,Longford,IE,Sauna session,1,0
C0004,2026-07-12,45.00,18:00,8,completed,Granard,IE,Ten-pack,1,0
C0050,2026-07-12,45.00,20:00,8,no_show,,,Sauna session,2,5
C0156,2026-07-12,45.00,18:00,8,completed,Longford,IE,Sauna session,1,0
C0174,2026-07-12,55.00,11:00,8,completed,Belfast,GB,Ten-pack,1,0
C0195,2026-07-12,45.00,20:00,8,completed,Longford,IE,Private hire,1,0
C0224,2026-07-12,45.00,14:00,8,completed,Longford,IE,Cold plunge,1,0
C0240,2026-07-12,55.00,14:00,8,completed,Dublin,IE,Sauna session,1,0
C0267,2026-07-12,45.00,20:00,8,completed,Nowheresville,IE,Ten-pack,2,0
C0268,2026-07-12,45.00,11:00,8,no_show,Cavan,IE,Ten-pack,1,0
C0302,2026-07-12,45.00,14:00,8,completed,Cavan,IE,Private hire,2,0
C0351,2026-07-12,45.00,18:00,8,completed,Dublin,IE,Ten-pack,2,0
C0356,2026-07-12,45.00,11:00,8,completed,Sligo,IE,Cold plunge,1,0
C0360,2026-07-12,55.00,11:00,8,completed,Cavan,IE,Sauna session,2,0
C0370,2026-07-12,55.00,17:00,8,completed,Longford,IE,Sauna session,1,0
C0064,2026-07-13,45.00,11:00,8,completed,Longford,IE,Cold plunge,2,0
C0070,2026-07-13,45.00,11:00,8,completed,Longford,IE,Sauna session,1,0
C0117,2026-07-13,55.00,17:00,8,completed,Mullingar,IE,Private hire,2,0
C0134,2026-07-13,45.00,17:00,8,cancelled,Longford,IE,Cold plunge,2,0
C0269,2026-07-13,55.00,20:00,8,completed,Belfast,GB,Sauna session,1,0
C0296,2026-07-13,45.00,17:00,8,completed,Longford,IE,Private hire,1,0
C0345,2026-07-13,45.00,11:00,8,completed,Longford,IE,Cold plunge,1,0
C0361,2026-07-13,55.00,18:00,8,completed,Mullingar,IE,Private hire,2,5
C0031,2026-07-14,55.00,17:00,8,completed,Cavan,IE,Cold plunge,1,0
C0040,2026-07-14,45.00,11:00,8,completed,Granard,IE,Private hire,2,0
C0062,2026-07-14,55.00,17:00,8,cancelled,Dublin,IE,Private hire,1,0
C0104,2026-07-14,55.00,18:00,8,no_show,,,Ten-pack,1,0
C0138,2026-07-14,45.00,17:00,8,cancelled,Longford,IE,Ten-pack,2,0
C0142,2026-07-14,45.00,14:00,8,completed,,,Cold plunge,1,0
C0186,2026-07-14,45.00,11:00,8,completed,Dublin,IE,Private hire,1,0
C0238,2026-07-14,45.00,20:00,8,completed,,,Sauna session,1,0
C0301,2026-07-14,45.00,14:00,8,completed,Granard,IE,Ten-pack,2,0
C0317,2026-07-14,45.00,11:00,8,completed,Sligo,IE,Cold plunge,1,0
C0336,2026-07-14,45.00,17:00,8,completed,Sligo,IE,Cold plunge,1,0
C0348,2026-07-14,55.00,14:00,8,completed,Longford,IE,Private hire,1,0
C0378,2026-07-14,45.00,20:00,8,completed,Granard,IE,Private hire,2,0
C0388,2026-07-14,45.00,20:00,8,cancelled,Granard,IE,Cold plunge,2,0
C0038,2026-07-15,45.00,17:00,8,completed,Longford,IE,Cold plunge,1,0
C0102,2026-07-15,45.00,11:00,8,completed,Longford,IE,Sauna session,2,0
C0154,2026-07-15,55.00,14:00,8,cancelled,Longford,IE,Sauna session,2,0
C0213,2026-07-15,45.00,17:00,8,completed,Longford,IE,Sauna session,1,0
C0218,2026-07-15,55.00,17:00,8,cancelled,Granard,IE,Private hire,2,5
C0249,2026-07-15,45.00,18:00,8,completed,Cavan,IE,Private hire,1,0
C0285,2026-07-15,55.00,14:00,8,completed,Cavan,IE,Cold plunge,2,0
C0314,2026-07-15,45.00,20:00,8,completed,Longford,IE,Private hire,2,0
C0389,2026-07-15,55.00,20:00,8,completed,,,Ten-pack,2,0
C0114,2026-07-16,45.00,11:00,8,completed,Cavan,IE,Ten-pack,2,0
C0159,2026-07-16,45.00,14:00,8,completed,Longford,IE,Sauna session,1,0
C0193,2026-07-16,45.00,14:00,8,completed,Cavan,IE,Private hire,1,0
C0206,2026-07-16,45.00,17:00,8,completed,Sligo,IE,Cold plunge,1,0
C0220,2026-07-16,55.00,14:00,8,cancelled,Longford,IE,Cold plunge,2,5
C0266,2026-07-16,45.00,18:00,8,completed,Dublin,IE,Sauna session,1,0
C0335,2026-07-16,45.00,18:00,8,completed,Belfast,GB,Cold plunge,2,0
C0010,2026-07-17,45.00,18:00,8,completed,Longford,IE,Private hire,2,0
C0026,2026-07-17,45.00,14:00,8,completed,Granard,IE,Ten-pack,2,0
C0051,2026-07-17,55.00,20:00,8,no_show,Granard,IE,Ten-pack,2,0
C0071,2026-07-17,45.00,20:00,8,completed,Granard,IE,Sauna session,1,0
C0074,2026-07-17,45.00,17:00,8,completed,Cavan,IE,Ten-pack,2,0
C0081,2026-07-17,45.00,11:00,8,completed,Granard,IE,Sauna session,1,5
C0085,2026-07-17,45.00,18:00,8,completed,Sligo,IE,Ten-pack,1,0
C0110,2026-07-17,45.00,20:00,8,no_show,Cavan,IE,Private hire,2,0
C0122,2026-07-17,45.00,11:00,8,no_show,Cavan,IE,Cold plunge,1,0
C0147,2026-07-17,55.00,14:00,8,completed,,,Private hire,1,0
C0151,2026-07-17,45.00,17:00,8,completed,,,Ten-pack,1,0
C0168,2026-07-17,45.00,20:00,8,no_show,Longford,IE,Private hire,1,0
C0191,2026-07-17,45.00,11:00,8,completed,Dublin,IE,Private hire,2,0
C0214,2026-07-17,45.00,18:00,8,completed,Sligo,IE,Ten-pack,2,0
C0237,2026-07-17,45.00,20:00,8,completed,Cavan,IE,Private hire,1,0
C0259,2026-07-17,45.00,17:00,8,completed,Mullingar,IE,Cold plunge,2,5
C0306,2026-07-17,45.00,18:00,8,completed,Longford,IE,Cold plunge,1,0
C0308,2026-07-17,45.00,14:00,8,cancelled,Cavan,IE,Sauna session,1,0
C0337,2026-07-17,55.00,14:00,8,completed,Nowheresville,IE,Sauna session,1,0
C0041,2026-07-18,45.00,20:00,8,cancelled,Sligo,IE,Sauna session,2,0
C0044,2026-07-18,45.00,18:00,8,completed,Sligo,IE,Cold plunge,1,0
C0068,2026-07-18,45.00,11:00,8,completed,,,Sauna session,2,0
C0080,2026-07-18,45.00,17:00,8,no_show,Dublin,IE,Cold plunge,1,0
C0082,2026-07-18,45.00,14:00,8,completed,Longford,IE,Private hire,1,0
C0103,2026-07-18,45.00,17:00,8,completed,Nowheresville,IE,Cold plunge,1,0
C0113,2026-07-18,55.00,14:00,8,completed,Belfast,GB,Sauna session,2,0
C0152,2026-07-18,55.00,14:00,8,completed,Longford,IE,Private hire,1,0
C0183,2026-07-18,45.00,11:00,8,completed,Mullingar,IE,Private hire,2,0
C0242,2026-07-18,55.00,14:00,8,completed,Longford,IE,Sauna session,1,5
C0286,2026-07-18,45.00,11:00,8,completed,Longford,IE,Sauna session,1,0
C0288,2026-07-18,45.00,18:00,8,completed,Cavan,IE,Ten-pack,2,0
C0312,2026-07-18,45.00,20:00,8,completed,Mullingar,IE,Cold plunge,1,0
C0352,2026-07-18,45.00,18:00,8,no_show,Mullingar,IE,Ten-pack,1,5
C0375,2026-07-18,55.00,18:00,8,completed,Sligo,IE,Ten-pack,1,0
C0376,2026-07-18,55.00,11:00,8,completed,Longford,IE,Cold plunge,1,0
C0386,2026-07-18,55.00,20:00,8,completed,Cavan,IE,Private hire,1,0
C0052,2026-07-19,55.00,17:00,8,completed,Cavan,IE,Ten-pack,2,0
C0096,2026-07-19,45.00,20:00,8,completed,Belfast,GB,Private hire,1,0
C0143,2026-07-19,45.00,14:00,8,completed,Sligo,IE,Ten-pack,1,0
C0179,2026-07-19,55.00,18:00,8,no_show,Cavan,IE,Sauna session,2,0
C0207,2026-07-19,45.00,17:00,8,completed,Cavan,IE,Cold plunge,1,0
C0209,2026-07-19,45.00,11:00,8,completed,Belfast,GB,Ten-pack,1,0
C0241,2026-07-19,55.00,14:00,8,no_show,Granard,IE,Cold plunge,2,0
C0264,2026-07-19,45.00,11:00,8,completed,Cavan,IE,Sauna session,1,0
C0282,2026-07-19,45.00,20:00,8,completed,Granard,IE,Sauna session,1,0
C0327,2026-07-19,45.00,14:00,8,completed,Dublin,IE,Sauna session,1,0
C0334,2026-07-19,55.00,18:00,8,completed,Longford,IE,Cold plunge,1,0
C0354,2026-07-19,45.00,14:00,8,completed,Dublin,IE,Cold plunge,1,0
C0357,2026-07-19,45.00,18:00,8,completed,Granard,IE,Ten-pack,1,0
C0383,2026-07-19,45.00,20:00,8,completed,,,Cold plunge,2,5
C0020,2026-07-20,45.00,17:00,8,completed,Longford,IE,Sauna session,1,0
C0076,2026-07-20,45.00,14:00,8,completed,Nowheresville,IE,Ten-pack,2,0
C0107,2026-07-20,45.00,11:00,8,completed,Belfast,GB,Sauna session,1,0
C0135,2026-07-20,45.00,20:00,8,completed,Longford,IE,Sauna session,1,5
C0256,2026-07-20,45.00,11:00,8,completed,Granard,IE,Cold plunge,2,0
C0289,2026-07-20,55.00,11:00,8,completed,Dublin,IE,Private hire,2,0
C0318,2026-07-20,45.00,20:00,8,completed,Granard,IE,Cold plunge,2,0
C0380,2026-07-20,55.00,11:00,8,completed,Cavan,IE,Sauna session,1,0
C0008,2026-07-21,45.00,14:00,8,completed,Dublin,IE,Sauna session,2,0
C0012,2026-07-21,55.00,18:00,8,completed,Mullingar,IE,Ten-pack,2,0
C0033,2026-07-21,45.00,14:00,8,completed,Longford,IE,Sauna session,1,0
C0120,2026-07-21,45.00,14:00,8,no_show,Belfast,GB,Private hire,2,0
C0158,2026-07-21,45.00,18:00,8,completed,Longford,IE,Sauna session,1,5
C0194,2026-07-21,55.00,11:00,8,no_show,Mullingar,IE,Sauna session,1,0
C0208,2026-07-21,45.00,17:00,8,completed,,,Private hire,2,0
C0225,2026-07-21,55.00,18:00,8,completed,Longford,IE,Private hire,2,0
C0239,2026-07-21,55.00,18:00,8,completed,Granard,IE,Private hire,1,0
C0245,2026-07-21,45.00,17:00,8,completed,Longford,IE,Cold plunge,2,0
C0260,2026-07-21,55.00,14:00,8,cancelled,Cavan,IE,Private hire,1,0
C0277,2026-07-21,45.00,17:00,8,completed,Dublin,IE,Ten-pack,1,0
C0353,2026-07-21,55.00,20:00,8,completed,Longford,IE,Sauna session,1,0
C0382,2026-07-21,55.00,17:00,8,no_show,Mullingar,IE,Sauna session,2,0
C0024,2026-07-22,45.00,14:00,8,no_show,,,Private hire,1,0
C0112,2026-07-22,45.00,17:00,8,completed,Granard,IE,Private hire,2,0
C0131,2026-07-22,45.00,14:00,8,completed,,,Sauna session,1,5
C0188,2026-07-22,45.00,20:00,8,completed,,,Ten-pack,1,0
C0255,2026-07-22,55.00,20:00,8,completed,Cavan,IE,Ten-pack,2,0
C0278,2026-07-22,45.00,11:00,8,completed,Sligo,IE,Sauna session,1,0
C0309,2026-07-22,55.00,18:00,8,completed,,,Sauna session,1,0
C0362,2026-07-22,55.00,11:00,8,completed,Longford,IE,Ten-pack,1,0
C0385,2026-07-22,55.00,14:00,8,completed,Longford,IE,Private hire,1,0
C0002,2026-07-23,45.00,20:00,8,completed,Cavan,IE,Private hire,1,0
C0055,2026-07-23,55.00,17:00,8,completed,Longford,IE,Ten-pack,2,0
C0090,2026-07-23,45.00,20:00,8,completed,Granard,IE,Cold plunge,1,0
C0092,2026-07-23,45.00,11:00,8,completed,Cavan,IE,Ten-pack,1,0
C0095,2026-07-23,45.00,17:00,8,completed,Longford,IE,Private hire,1,0
C0121,2026-07-23,45.00,14:00,8,completed,Cavan,IE,Sauna session,1,0
C0149,2026-07-23,45.00,18:00,8,completed,Longford,IE,Ten-pack,1,0
C0157,2026-07-23,45.00,18:00,8,completed,Longford,IE,Private hire,1,0
C0199,2026-07-23,45.00,18:00,8,completed,Dublin,IE,Private hire,2,0
C0231,2026-07-23,55.00,18:00,8,completed,Sligo,IE,Private hire,1,0
C0254,2026-07-23,55.00,20:00,8,completed,Longford,IE,Cold plunge,2,0
C0297,2026-07-23,45.00,14:00,8,cancelled,Nowheresville,IE,Sauna session,2,0
C0350,2026-07-23,45.00,18:00,8,completed,Granard,IE,Ten-pack,2,0
C0377,2026-07-23,45.00,20:00,8,completed,Longford,IE,Sauna session,2,0
C0048,2026-07-24,55.00,11:00,8,no_show,Granard,IE,Cold plunge,1,0
C0088,2026-07-24,45.00,20:00,8,completed,Longford,IE,Private hire,1,0
C0124,2026-07-24,45.00,17:00,8,no_show,Granard,IE,Ten-pack,1,0
C0359,2026-07-24,45.00,14:00,8,completed,Dublin,IE,Private hire,1,5
C0374,2026-07-24,55.00,18:00,8,completed,,,Private hire,2,0
C0393,2026-07-24,45.00,11:00,8,completed,Belfast,GB,Private hire,2,0
C0009,2026-07-25,45.00,20:00,8,completed,Longford,IE,Sauna session,1,0
C0028,2026-07-25,45.00,14:00,8,completed,Belfast,GB,Private hire,2,5
C0046,2026-07-25,55.00,11:00,8,completed,Cavan,IE,Ten-pack,1,0
C0093,2026-07-25,45.00,18:00,8,completed,Cavan,IE,Ten-pack,2,0
C0119,2026-07-25,55.00,14:00,8,completed,Longford,IE,Cold plunge,1,0
C0140,2026-07-25,55.00,14:00,8,completed,Granard,IE,Sauna session,1,0
C0173,2026-07-25,55.00,17:00,8,completed,Longford,IE,Sauna session,1,0
C0176,2026-07-25,55.00,17:00,8,completed,Belfast,GB,Ten-pack,1,5
C0198,2026-07-25,55.00,20:00,8,completed,Nowheresville,IE,Cold plunge,1,0
C0298,2026-07-25,55.00,14:00,8,completed,Longford,IE,Private hire,2,5
C0300,2026-07-25,45.00,14:00,8,completed,Mullingar,IE,Cold plunge,1,0
C0310,2026-07-25,55.00,14:00,8,completed,Mullingar,IE,Cold plunge,1,0
C0329,2026-07-25,45.00,14:00,8,completed,Cavan,IE,Sauna session,1,0
C0371,2026-07-25,45.00,11:00,8,cancelled,Cavan,IE,Sauna session,1,0
C0034,2026-07-26,45.00,20:00,8,completed,Longford,IE,Ten-pack,1,0
C0037,2026-07-26,55.00,14:00,8,completed,Cavan,IE,Cold plunge,1,0
C0195,2026-07-26,45.00,20:00,8,completed,Longford,IE,Private hire,1,0
C0205,2026-07-26,45.00,20:00,8,completed,Longford,IE,Sauna session,1,5
C0232,2026-07-26,45.00,14:00,8,completed,Cavan,IE,Sauna session,1,0
C0360,2026-07-26,45.00,11:00,8,completed,Cavan,IE,Sauna session,2,0
C0372,2026-07-26,45.00,11:00,8,no_show,Longford,IE,Sauna session,1,0
C0392,2026-07-26,45.00,11:00,8,cancelled,Cavan,IE,Ten-pack,2,0
C0399,2026-07-26,55.00,14:00,8,cancelled,Granard,IE,Sauna session,1,0
C0021,2026-07-27,55.00,20:00,8,completed,Dublin,IE,Cold plunge,1,0
C0049,2026-07-27,45.00,14:00,8,completed,Granard,IE,Sauna session,1,0
C0056,2026-07-27,45.00,14:00,8,completed,Sligo,IE,Cold plunge,1,0
C0094,2026-07-27,45.00,20:00,8,completed,Sligo,IE,Ten-pack,1,0
C0134,2026-07-27,55.00,17:00,8,completed,Longford,IE,Cold plunge,2,0
C0136,2026-07-27,55.00,11:00,8,completed,Longford,IE,Private hire,2,0
C0290,2026-07-27,45.00,11:00,8,completed,,,Sauna session,1,0
C0345,2026-07-27,45.00,11:00,8,completed,Longford,IE,Cold plunge,1,0
C0346,2026-07-27,55.00,14:00,8,completed,Longford,IE,Private hire,2,0
C0001,2026-07-28,45.00,20:00,8,completed,Cavan,IE,Private hire,1,0
C0040,2026-07-28,55.00,11:00,8,completed,Granard,IE,Private hire,2,0
C0089,2026-07-28,55.00,14:00,8,completed,Longford,IE,Cold plunge,1,0
C0101,2026-07-28,45.00,18:00,8,completed,Longford,IE,Private hire,1,0
C0186,2026-07-28,55.00,11:00,8,completed,Dublin,IE,Private hire,1,0
C0215,2026-07-28,45.00,17:00,8,completed,Longford,IE,Ten-pack,2,0
C0238,2026-07-28,45.00,20:00,8,cancelled,,,Sauna session,1,0
C0248,2026-07-28,45.00,18:00,8,completed,Mullingar,IE,Ten-pack,1,0
C0280,2026-07-28,55.00,17:00,8,completed,Longford,IE,Cold plunge,1,0
C0320,2026-07-28,45.00,11:00,8,completed,Granard,IE,Cold plunge,1,0
C0325,2026-07-28,55.00,20:00,8,no_show,Longford,IE,Private hire,1,0
C0336,2026-07-28,45.00,17:00,8,no_show,Sligo,IE,Cold plunge,1,0
C0018,2026-07-29,55.00,18:00,8,completed,Longford,IE,Cold plunge,2,0
C0102,2026-07-29,45.00,11:00,8,completed,Longford,IE,Sauna session,2,0
C0190,2026-07-29,45.00,18:00,8,completed,Dublin,IE,Sauna session,1,0
C0192,2026-07-29,45.00,11:00,8,completed,,,Ten-pack,2,0
C0249,2026-07-29,45.00,18:00,8,completed,Cavan,IE,Private hire,1,0
C0261,2026-07-29,55.00,20:00,8,completed,Dublin,IE,Sauna session,1,0
C0287,2026-07-29,45.00,11:00,8,completed,Mullingar,IE,Cold plunge,2,0
C0341,2026-07-29,45.00,17:00,8,completed,Longford,IE,Ten-pack,1,0
C0366,2026-07-29,45.00,11:00,8,completed,Longford,IE,Sauna session,1,0
C0005,2026-07-30,45.00,14:00,8,cancelled,,,Cold plunge,1,0
C0016,2026-07-30,45.00,14:00,8,completed,,,Private hire,2,0
C0153,2026-07-30,45.00,17:00,8,completed,,,Cold plunge,2,5
C0164,2026-07-30,45.00,18:00,8,no_show,Longford,IE,Sauna session,1,0
C0184,2026-07-30,45.00,11:00,8,completed,Longford,IE,Cold plunge,1,0
C0193,2026-07-30,45.00,14:00,8,completed,Cavan,IE,Private hire,1,0
C0200,2026-07-30,45.00,17:00,8,completed,Belfast,GB,Ten-pack,1,0
C0203,2026-07-30,45.00,18:00,8,completed,Cavan,IE,Ten-pack,2,0
C0216,2026-07-30,45.00,18:00,8,completed,Nowheresville,IE,Sauna session,2,0
C0219,2026-07-30,55.00,20:00,8,completed,Cavan,IE,Ten-pack,1,5
C0246,2026-07-30,45.00,17:00,8,completed,Cavan,IE,Private hire,1,0
C0279,2026-07-30,55.00,20:00,8,completed,Longford,IE,Sauna session,1,0
C0284,2026-07-30,45.00,11:00,8,completed,Longford,IE,Private hire,2,0
C0321,2026-07-30,45.00,14:00,8,completed,Dublin,IE,Sauna session,1,5
C0323,2026-07-30,45.00,11:00,8,completed,,,Private hire,2,0
C0331,2026-07-30,45.00,18:00,8,completed,Longford,IE,Private hire,1,0
C0344,2026-07-30,45.00,11:00,8,completed,Dublin,IE,Sauna session,1,0
C0013,2026-07-31,45.00,17:00,8,completed,Granard,IE,Sauna session,1,0
C0051,2026-07-31,45.00,20:00,8,completed,Granard,IE,Ten-pack,2,0
C0075,2026-07-31,55.00,20:00,8,completed,Cavan,IE,Sauna session,1,0
C0081,2026-07-31,45.00,11:00,8,completed,Granard,IE,Sauna session,1,5
C0122,2026-07-31,45.00,11:00,8,completed,Cavan,IE,Cold plunge,1,0
C0147,2026-07-31,55.00,14:00,8,completed,,,Private hire,1,0
C0168,2026-07-31,45.00,20:00,8,completed,Longford,IE,Private hire,1,0
C0251,2026-07-31,45.00,17:00,8,completed,Nowheresville,IE,Sauna session,1,0
C0258,2026-07-31,45.00,20:00,8,completed,Sligo,IE,Cold plunge,1,0
C0274,2026-07-31,55.00,18:00,8,completed,Granard,IE,Cold plunge,1,0
C0299,2026-07-31,45.00,18:00,8,completed,Cavan,IE,Ten-pack,2,0
C0306,2026-07-31,55.00,18:00,8,completed,Longford,IE,Cold plunge,1,0
C0324,2026-07-31,45.00,18:00,8,completed,Granard,IE,Ten-pack,1,0
C0337,2026-07-31,45.00,14:00,8,completed,Nowheresville,IE,Sauna session,1,0
C0363,2026-07-31,45.00,20:00,8,completed,Longford,IE,Private hire,2,0
C0367,2026-07-31,45.00,20:00,8,completed,Belfast,GB,Private hire,2,0
C0398,2026-07-31,45.00,14:00,8,cancelled,,,Sauna session,1,0
C0039,2026-08-01,45.00,20:00,8,completed,Belfast,GB,Cold plunge,1,0
C0103,2026-08-01,45.00,17:00,8,cancelled,Nowheresville,IE,Cold plunge,1,0
C0123,2026-08-01,45.00,18:00,8,completed,Cavan,IE,Sauna session,1,0
C0234,2026-08-01,55.00,20:00,8,completed,Cavan,IE,Sauna session,1,0
C0244,2026-08-01,45.00,18:00,8,completed,Nowheresville,IE,Ten-pack,1,0
C0340,2026-08-01,45.00,18:00,8,completed,Longford,IE,Sauna session,1,0
C0365,2026-08-01,45.00,14:00,8,no_show,Longford,IE,Cold plunge,2,0
C0375,2026-08-01,45.00,18:00,8,completed,Sligo,IE,Ten-pack,1,0
C0004,2026-08-02,45.00,18:00,8,completed,Granard,IE,Ten-pack,1,0
C0050,2026-08-02,45.00,20:00,8,completed,,,Sauna session,2,5
C0108,2026-08-02,55.00,14:00,8,cancelled,Cavan,IE,Cold plunge,2,0
C0207,2026-08-02,45.00,17:00,8,cancelled,Cavan,IE,Cold plunge,1,0
C0209,2026-08-02,55.00,11:00,8,completed,Belfast,GB,Ten-pack,1,0
C0224,2026-08-02,55.00,14:00,8,completed,Longford,IE,Cold plunge,1,0
C0247,2026-08-02,45.00,14:00,8,completed,Cavan,IE,Ten-pack,1,0
C0268,2026-08-02,45.00,11:00,8,completed,Cavan,IE,Ten-pack,1,0
C0271,2026-08-02,45.00,18:00,8,completed,Longford,IE,Ten-pack,1,0
C0282,2026-08-02,55.00,20:00,8,completed,Granard,IE,Sauna session,1,0
C0302,2026-08-02,45.00,14:00,8,completed,Cavan,IE,Private hire,2,0
C0351,2026-08-02,45.00,18:00,8,completed,Dublin,IE,Ten-pack,2,0
C0356,2026-08-02,45.00,11:00,8,completed,Sligo,IE,Cold plunge,1,0
C0019,2026-08-03,55.00,17:00,8,no_show,,,Sauna session,1,0
C0070,2026-08-03,45.00,11:00,8,completed,Longford,IE,Sauna session,1,0
C0117,2026-08-03,45.00,17:00,8,completed,Mullingar,IE,Private hire,2,0
C0135,2026-08-03,45.00,20:00,8,completed,Longford,IE,Sauna session,1,5
C0229,2026-08-03,45.00,11:00,8,completed,Granard,IE,Cold plunge,2,0
C0318,2026-08-03,55.00,20:00,8,completed,Granard,IE,Cold plunge,2,0
C0343,2026-08-03,45.00,20:00,8,completed,,,Ten-pack,1,5
C0015,2026-08-04,45.00,14:00,8,completed,Sligo,IE,Private hire,1,0
C0031,2026-08-04,45.00,17:00,8,completed,Cavan,IE,Cold plunge,1,0
C0138,2026-08-04,55.00,17:00,8,completed,Longford,IE,Ten-pack,2,0
C0141,2026-08-04,45.00,17:00,8,completed,Dublin,IE,Private hire,1,0
C0142,2026-08-04,55.00,14:00,8,completed,,,Cold plunge,1,0
C0158,2026-08-04,55.00,18:00,8,completed,Longford,IE,Sauna session,1,5
C0165,2026-08-04,45.00,18:00,8,completed,Longford,IE,Cold plunge,2,0
C0171,2026-08-04,45.00,18:00,8,completed,Longford,IE,Cold plunge,2,0
C0194,2026-08-04,55.00,11:00,8,completed,Mullingar,IE,Sauna session,1,0
C0208,2026-08-04,55.00,17:00,8,completed,,,Private hire,2,0
C0225,2026-08-04,45.00,18:00,8,completed,Longford,IE,Private hire,2,0
C0239,2026-08-04,45.00,18:00,8,completed,Granard,IE,Private hire,1,0
C0277,2026-08-04,55.00,17:00,8,completed,Dublin,IE,Ten-pack,1,0
C0317,2026-08-04,55.00,11:00,8,completed,Sligo,IE,Cold plunge,1,0
C0348,2026-08-04,45.00,14:00,8,no_show,Longford,IE,Private hire,1,0
C0353,2026-08-04,45.00,20:00,8,completed,Longford,IE,Sauna session,1,0
C0378,2026-08-04,55.00,20:00,8,completed,Granard,IE,Private hire,2,0
C0024,2026-08-05,55.00,14:00,8,completed,,,Private hire,1,0
C0112,2026-08-05,45.00,17:00,8,completed,Granard,IE,Private hire,2,0
C0131,2026-08-05,55.00,14:00,8,completed,,,Sauna session,1,5
C0154,2026-08-05,55.00,14:00,8,completed,Longford,IE,Sauna session,2,0
C0255,2026-08-05,45.00,20:00,8,completed,Cavan,IE,Ten-pack,2,0
C0278,2026-08-05,45.00,11:00,8,completed,Sligo,IE,Sauna session,1,0
C0285,2026-08-05,45.00,14:00,8,completed,Cavan,IE,Cold plunge,2,0
C0314,2026-08-05,45.00,20:00,8,completed,Longford,IE,Private hire,2,0
C0362,2026-08-05,45.00,11:00,8,no_show,Longford,IE,Ten-pack,1,0
C0385,2026-08-05,45.00,14:00,8,no_show,Longford,IE,Private hire,1,0
C0389,2026-08-05,45.00,20:00,8,completed,,,Ten-pack,2,0
C0002,2026-08-06,55.00,20:00,8,completed,Cavan,IE,Private hire,1,0
C0017,2026-08-06,45.00,20:00,8,completed,Longford,IE,Cold plunge,1,0
C0027,2026-08-06,45.00,17:00,8,completed,Granard,IE,Sauna session,2,0
C0055,2026-08-06,55.00,17:00,8,completed,Longford,IE,Ten-pack,2,0
C0087,2026-08-06,45.00,20:00,8,completed,Sligo,IE,Private hire,1,0
C0092,2026-08-06,55.00,11:00,8,completed,Cavan,IE,Ten-pack,1,0
C0121,2026-08-06,55.00,14:00,8,no_show,Cavan,IE,Sauna session,1,0
C0148,2026-08-06,45.00,20:00,8,completed,Longford,IE,Sauna session,2,0
C0159,2026-08-06,45.00,14:00,8,completed,Longford,IE,Sauna session,1,0
C0169,2026-08-06,45.00,14:00,8,completed,Granard,IE,Private hire,1,0
C0206,2026-08-06,45.00,17:00,8,completed,Sligo,IE,Cold plunge,1,0
C0254,2026-08-06,55.00,20:00,8,completed,Longford,IE,Cold plunge,2,0
C0313,2026-08-06,45.00,17:00,8,no_show,Cavan,IE,Private hire,2,0
C0006,2026-08-07,45.00,17:00,8,completed,Dublin,IE,Sauna session,1,5
C0074,2026-08-07,45.00,17:00,8,no_show,Cavan,IE,Ten-pack,2,0
C0091,2026-08-07,45.00,17:00,8,completed,Cavan,IE,Cold plunge,2,0
C0110,2026-08-07,45.00,20:00,8,completed,Cavan,IE,Private hire,2,0
C0124,2026-08-07,45.00,17:00,8,completed,Granard,IE,Ten-pack,1,0
C0172,2026-08-07,45.00,11:00,8,cancelled,Granard,IE,Private hire,1,0
C0217,2026-08-07,55.00,14:00,8,completed,Sligo,IE,Sauna session,1,0
C0305,2026-08-07,45.00,14:00,8,completed,Longford,IE,Sauna session,2,0
C0308,2026-08-07,45.00,14:00,8,completed,Cavan,IE,Sauna session,1,0
C0359,2026-08-07,45.00,14:00,8,no_show,Dublin,IE,Private hire,1,5
C0374,2026-08-07,45.00,18:00,8,completed,,,Private hire,2,0
C0041,2026-08-08,45.00,20:00,8,completed,Sligo,IE,Sauna session,2,0
C0042,2026-08-08,45.00,20:00,8,completed,Longford,IE,Ten-pack,1,0
C0044,2026-08-08,55.00,18:00,8,completed,Sligo,IE,Cold plunge,1,0
C0152,2026-08-08,45.00,14:00,8,completed,Longford,IE,Private hire,1,0
C0173,2026-08-08,45.00,17:00,8,completed,Longford,IE,Sauna session,1,0
C0183,2026-08-08,55.00,11:00,8,completed,Mullingar,IE,Private hire,2,0
C0222,2026-08-08,45.00,14:00,8,completed,Longford,IE,Private hire,1,0
C0228,2026-08-08,45.00,11:00,8,completed,Granard,IE,Ten-pack,2,0
C0298,2026-08-08,45.00,14:00,8,completed,Longford,IE,Private hire,2,5
C0300,2026-08-08,55.00,14:00,8,completed,Mullingar,IE,Cold plunge,1,0
C0312,2026-08-08,45.00,20:00,8,completed,Mullingar,IE,Cold plunge,1,0
C0067,2026-08-09,55.00,11:00,8,completed,Cavan,IE,Sauna session,1,0
C0179,2026-08-09,45.00,18:00,8,completed,Cavan,IE,Sauna session,2,0
C0195,2026-08-09,55.00,20:00,8,completed,Longford,IE,Private hire,1,0
C0202,2026-08-09,45.00,14:00,8,completed,Longford,IE,Private hire,1,0
C0227,2026-08-09,55.00,20:00,8,completed,Nowheresville,IE,Private hire,2,0
C0241,2026-08-09,45.00,14:00,8,completed,Granard,IE,Cold plunge,2,0
C0292,2026-08-09,45.00,20:00,8,no_show,Mullingar,IE,Sauna session,2,0
C0304,2026-08-09,45.00,17:00,8,completed,Dublin,IE,Private hire,1,0
C0333,2026-08-09,45.00,18:00,8,completed,,,Sauna session,1,0
C0334,2026-08-09,45.00,18:00,8,completed,Longford,IE,Cold plunge,1,0
C0354,2026-08-09,55.00,14:00,8,completed,Dublin,IE,Cold plunge,1,0
C0360,2026-08-09,45.00,11:00,8,no_show,Cavan,IE,Sauna session,2,0
C0370,2026-08-09,55.00,17:00,8,completed,Longford,IE,Sauna session,1,0
C0383,2026-08-09,45.00,20:00,8,completed,,,Cold plunge,2,5
C0399,2026-08-09,45.00,14:00,8,cancelled,Granard,IE,Sauna session,1,0
C0049,2026-08-10,45.00,14:00,8,completed,Granard,IE,Sauna session,1,0
C0076,2026-08-10,45.00,14:00,8,completed,Nowheresville,IE,Ten-pack,2,0
C0107,2026-08-10,55.00,11:00,8,completed,Belfast,GB,Sauna session,1,0
C0137,2026-08-10,45.00,14:00,8,completed,Cavan,IE,Ten-pack,1,0
C0150,2026-08-10,45.00,14:00,8,completed,Dublin,IE,Ten-pack,1,0
C0182,2026-08-10,45.00,17:00,8,completed,Longford,IE,Private hire,1,0
C0256,2026-08-10,55.00,11:00,8,completed,Granard,IE,Cold plunge,2,0
C0289,2026-08-10,45.00,11:00,8,completed,Dublin,IE,Private hire,2,0
C0290,2026-08-10,45.00,11:00,8,completed,,,Sauna session,1,0
C0345,2026-08-10,55.00,11:00,8,completed,Longford,IE,Cold plunge,1,0
C0358,2026-08-10,45.00,20:00,8,completed,Longford,IE,Ten-pack,2,0
C0361,2026-08-10,45.00,18:00,8,completed,Mullingar,IE,Private hire,2,5
C0001,2026-08-11,45.00,20:00,8,completed,Cavan,IE,Private hire,1,0
C0029,2026-08-11,45.00,14:00,8,completed,Longford,IE,Private hire,1,0
C0040,2026-08-11,45.00,11:00,8,completed,Granard,IE,Private hire,2,0
C0057,2026-08-11,45.00,17:00,8,completed,Longford,IE,Cold plunge,1,0
C0089,2026-08-11,45.00,14:00,8,completed,Longford,IE,Cold plunge,1,0
C0167,2026-08-11,45.00,20:00,8,completed,Granard,IE,Sauna session,2,0
C0245,2026-08-11,45.00,17:00,8,cancelled,Longford,IE,Cold plunge,2,0
C0248,2026-08-11,45.00,18:00,8,completed,Mullingar,IE,Ten-pack,1,0
C0280,2026-08-11,45.00,17:00,8,completed,Longford,IE,Cold plunge,1,0
C0325,2026-08-11,45.00,20:00,8,completed,Longford,IE,Private hire,1,0
C0391,2026-08-11,55.00,11:00,8,cancelled,Longford,IE,Sauna session,2,0
C0102,2026-08-12,45.00,11:00,8,completed,Longford,IE,Sauna session,2,0
C0160,2026-08-12,55.00,18:00,8,completed,Belfast,GB,Cold plunge,1,0
C0218,2026-08-12,55.00,17:00,8,no_show,Granard,IE,Private hire,2,5
C0249,2026-08-12,45.00,18:00,8,completed,Cavan,IE,Private hire,1,0
C0309,2026-08-12,45.00,18:00,8,completed,,,Sauna session,1,0
C0011,2026-08-13,45.00,17:00,8,completed,Longford,IE,Ten-pack,2,0
C0016,2026-08-13,45.00,14:00,8,completed,,,Private hire,2,0
C0090,2026-08-13,55.00,20:00,8,completed,Granard,IE,Cold plunge,1,0
C0095,2026-08-13,55.00,17:00,8,completed,Longford,IE,Private hire,1,0
C0157,2026-08-13,45.00,18:00,8,cancelled,Longford,IE,Private hire,1,0
C0164,2026-08-13,55.00,18:00,8,cancelled,Longford,IE,Sauna session,1,0
C0216,2026-08-13,45.00,18:00,8,completed,Nowheresville,IE,Sauna session,2,0
C0231,2026-08-13,45.00,18:00,8,completed,Sligo,IE,Private hire,1,0
C0293,2026-08-13,55.00,20:00,8,completed,Cavan,IE,Cold plunge,1,5
C0344,2026-08-13,45.00,11:00,8,completed,Dublin,IE,Sauna session,1,0
C0350,2026-08-13,45.00,18:00,8,cancelled,Granard,IE,Ten-pack,2,0
C0377,2026-08-13,45.00,20:00,8,completed,Longford,IE,Sauna session,2,0
C0013,2026-08-14,55.00,17:00,8,completed,Granard,IE,Sauna session,1,0
C0048,2026-08-14,45.00,11:00,8,completed,Granard,IE,Cold plunge,1,0
C0051,2026-08-14,55.00,20:00,8,completed,Granard,IE,Ten-pack,2,0
C0075,2026-08-14,55.00,20:00,8,completed,Cavan,IE,Sauna session,1,0
C0099,2026-08-14,45.00,11:00,8,completed,Sligo,IE,Sauna session,2,0
C0122,2026-08-14,45.00,11:00,8,completed,Cavan,IE,Cold plunge,1,0
C0125,2026-08-14,55.00,14:00,8,completed,Longford,IE,Ten-pack,1,0
C0147,2026-08-14,55.00,14:00,8,cancelled,,,Private hire,1,0
C0168,2026-08-14,45.00,20:00,8,completed,Longford,IE,Private hire,1,0
C0337,2026-08-14,45.00,14:00,8,completed,Nowheresville,IE,Sauna session,1,0
C0367,2026-08-14,45.00,20:00,8,completed,Belfast,GB,Private hire,2,0
C0393,2026-08-14,45.00,11:00,8,completed,Belfast,GB,Private hire,2,0
C0398,2026-08-14,45.00,14:00,8,completed,,,Sauna session,1,0
C0028,2026-08-15,45.00,14:00,8,completed,Belfast,GB,Private hire,2,5
C0046,2026-08-15,45.00,11:00,8,completed,Cavan,IE,Ten-pack,1,0
C0068,2026-08-15,45.00,11:00,8,completed,,,Sauna session,2,0
C0103,2026-08-15,55.00,17:00,8,completed,Nowheresville,IE,Cold plunge,1,0
C0111,2026-08-15,45.00,17:00,8,completed,Longford,IE,Sauna session,2,0
C0176,2026-08-15,45.00,17:00,8,completed,Belfast,GB,Ten-pack,1,5
C0196,2026-08-15,45.00,11:00,8,completed,Longford,IE,Ten-pack,2,0
C0288,2026-08-15,45.00,18:00,8,completed,Cavan,IE,Ten-pack,2,0
C0349,2026-08-15,55.00,20:00,8,completed,Dublin,IE,Ten-pack,1,0
C0371,2026-08-15,45.00,11:00,8,completed,Cavan,IE,Sauna session,1,0
C0376,2026-08-15,55.00,11:00,8,completed,Longford,IE,Cold plunge,1,0
C0034,2026-08-16,45.00,20:00,8,completed,Longford,IE,Ten-pack,1,0
C0050,2026-08-16,45.00,20:00,8,completed,,,Sauna session,2,5
C0096,2026-08-16,45.00,20:00,8,completed,Belfast,GB,Private hire,1,0
C0207,2026-08-16,45.00,17:00,8,completed,Cavan,IE,Cold plunge,1,0
C0233,2026-08-16,45.00,17:00,8,completed,Granard,IE,Ten-pack,2,0
C0267,2026-08-16,45.00,20:00,8,completed,Nowheresville,IE,Ten-pack,2,0
C0302,2026-08-16,45.00,14:00,8,completed,Cavan,IE,Private hire,2,0
C0319,2026-08-16,55.00,20:00,8,completed,Longford,IE,Ten-pack,2,0
C0328,2026-08-16,45.00,14:00,8,completed,Longford,IE,Cold plunge,2,0
C0356,2026-08-16,45.00,11:00,8,completed,Sligo,IE,Cold plunge,1,0
C0020,2026-08-17,45.00,17:00,8,completed,Longford,IE,Sauna session,1,0
C0021,2026-08-17,45.00,20:00,8,completed,Dublin,IE,Cold plunge,1,0
C0070,2026-08-17,45.00,11:00,8,cancelled,Longford,IE,Sauna session,1,0
C0117,2026-08-17,45.00,17:00,8,completed,Mullingar,IE,Private hire,2,0
C0134,2026-08-17,45.00,17:00,8,completed,Longford,IE,Cold plunge,2,0
C0135,2026-08-17,45.00,20:00,8,completed,Longford,IE,Sauna session,1,5
C0296,2026-08-17,45.00,17:00,8,completed,Longford,IE,Private hire,1,0
C0318,2026-08-17,45.00,20:00,8,no_show,Granard,IE,Cold plunge,2,0
C0322,2026-08-17,45.00,11:00,8,completed,Longford,IE,Sauna session,2,0
C0387,2026-08-17,45.00,20:00,8,completed,Longford,IE,Sauna session,1,0
C0031,2026-08-18,45.00,17:00,8,completed,Cavan,IE,Cold plunge,1,0
C0043,2026-08-18,45.00,14:00,8,completed,Mullingar,IE,Cold plunge,1,0
C0062,2026-08-18,45.00,17:00,8,completed,Dublin,IE,Private hire,1,0
C0130,2026-08-18,45.00,14:00,8,completed,Mullingar,IE,Private hire,2,0
C0158,2026-08-18,45.00,18:00,8,no_show,Longford,IE,Sauna session,1,5
C0186,2026-08-18,45.00,11:00,8,completed,Dublin,IE,Private hire,1,0
C0194,2026-08-18,45.00,11:00,8,no_show,Mullingar,IE,Sauna session,1,0
C0208,2026-08-18,45.00,17:00,8,completed,,,Private hire,2,0
C0211,2026-08-18,45.00,18:00,8,completed,Dublin,IE,Sauna session,2,0
C0225,2026-08-18,45.00,18:00,8,cancelled,Longford,IE,Private hire,2,0
C0238,2026-08-18,45.00,20:00,8,completed,,,Sauna session,1,0
C0239,2026-08-18,45.00,18:00,8,completed,Granard,IE,Private hire,1,0
C0265,2026-08-18,45.00,17:00,8,completed,Belfast,GB,Private hire,1,0
C0277,2026-08-18,45.00,17:00,8,completed,Dublin,IE,Ten-pack,1,0
C0317,2026-08-18,45.00,11:00,8,completed,Sligo,IE,Cold plunge,1,0
C0320,2026-08-18,55.00,11:00,8,completed,Granard,IE,Cold plunge,1,0
C0336,2026-08-18,45.00,17:00,8,completed,Sligo,IE,Cold plunge,1,0
C0348,2026-08-18,45.00,14:00,8,completed,Longford,IE,Private hire,1,0
C0353,2026-08-18,45.00,20:00,8,completed,Longford,IE,Sauna session,1,0
C0378,2026-08-18,55.00,20:00,8,completed,Granard,IE,Private hire,2,0
C0388,2026-08-18,45.00,20:00,8,completed,Granard,IE,Cold plunge,2,0
C0131,2026-08-19,45.00,14:00,8,completed,,,Sauna session,1,5
C0192,2026-08-19,55.00,11:00,8,completed,,,Ten-pack,2,0
C0197,2026-08-19,55.00,14:00,8,completed,Mullingar,IE,Sauna session,2,0
C0285,2026-08-19,45.00,14:00,8,completed,Cavan,IE,Cold plunge,2,0
C0314,2026-08-19,45.00,20:00,8,completed,Longford,IE,Private hire,2,0
C0341,2026-08-19,55.00,17:00,8,completed,Longford,IE,Ten-pack,1,0
C0362,2026-08-19,45.00,11:00,8,completed,Longford,IE,Ten-pack,1,0
C0389,2026-08-19,45.00,20:00,8,completed,,,Ten-pack,2,0
C0055,2026-08-20,55.00,17:00,8,completed,Longford,IE,Ten-pack,2,0
C0114,2026-08-20,45.00,11:00,8,completed,Cavan,IE,Ten-pack,2,0
C0153,2026-08-20,55.00,17:00,8,completed,,,Cold plunge,2,5
C0159,2026-08-20,55.00,14:00,8,completed,Longford,IE,Sauna session,1,0
C0193,2026-08-20,45.00,14:00,8,no_show,Cavan,IE,Private hire,1,0
C0206,2026-08-20,45.00,17:00,8,completed,Sligo,IE,Cold plunge,1,0
C0236,2026-08-20,55.00,14:00,8,completed,Granard,IE,Sauna session,1,0
C0254,2026-08-20,45.00,20:00,8,completed,Longford,IE,Cold plunge,2,0
C0266,2026-08-20,55.00,18:00,8,completed,Dublin,IE,Sauna session,1,0
C0335,2026-08-20,45.00,18:00,8,completed,Belfast,GB,Cold plunge,2,0
C0379,2026-08-20,45.00,17:00,8,completed,Cavan,IE,Ten-pack,1,0
C0010,2026-08-21,45.00,18:00,8,completed,Longford,IE,Private hire,2,0
C0026,2026-08-21,45.00,14:00,8,completed,Granard,IE,Ten-pack,2,0
C0061,2026-08-21,45.00,20:00,8,no_show,Granard,IE,Cold plunge,2,5
C0071,2026-08-21,55.00,20:00,8,completed,Granard,IE,Sauna session,1,0
C0081,2026-08-21,45.00,11:00,8,completed,Granard,IE,Sauna session,1,5
C0085,2026-08-21,45.00,18:00,8,no_show,Sligo,IE,Ten-pack,1,0
C0088,2026-08-21,55.00,20:00,8,completed,Longford,IE,Private hire,1,0
C0124,2026-08-21,45.00,17:00,8,completed,Granard,IE,Ten-pack,1,0
C0191,2026-08-21,45.00,11:00,8,completed,Dublin,IE,Private hire,2,0
C0251,2026-08-21,45.00,17:00,8,completed,Nowheresville,IE,Sauna session,1,0
C0281,2026-08-21,45.00,14:00,8,completed,Longford,IE,Private hire,1,5
C0306,2026-08-21,45.00,18:00,8,completed,Longford,IE,Cold plunge,1,0
C0315,2026-08-21,45.00,20:00,8,completed,Longford,IE,Cold plunge,2,0
C0397,2026-08-21,45.00,18:00,8,completed,Longford,IE,Cold plunge,2,0
C0022,2026-08-22,45.00,17:00,8,cancelled,,,Sauna session,2,0
C0041,2026-08-22,45.00,20:00,8,completed,Sligo,IE,Sauna session,2,0
C0083,2026-08-22,45.00,18:00,8,no_show,Longford,IE,Ten-pack,1,0
C0126,2026-08-22,45.00,18:00,8,completed,Longford,IE,Sauna session,2,5
C0152,2026-08-22,45.00,14:00,8,cancelled,Longford,IE,Private hire,1,0
C0163,2026-08-22,45.00,20:00,8,completed,Dublin,IE,Sauna session,1,0
C0173,2026-08-22,45.00,17:00,8,completed,Longford,IE,Sauna session,1,0
C0198,2026-08-22,45.00,20:00,8,completed,Nowheresville,IE,Cold plunge,1,0
C0244,2026-08-22,45.00,18:00,8,completed,Nowheresville,IE,Ten-pack,1,0
C0253,2026-08-22,45.00,17:00,8,completed,Longford,IE,Sauna session,1,5
C0286,2026-08-22,45.00,11:00,8,cancelled,Longford,IE,Sauna session,1,0
C0312,2026-08-22,45.00,20:00,8,completed,Mullingar,IE,Cold plunge,1,0
C0339,2026-08-22,45.00,17:00,8,completed,Belfast,GB,Sauna session,1,0
C0365,2026-08-22,55.00,14:00,8,cancelled,Longford,IE,Cold plunge,2,0
C0375,2026-08-22,45.00,18:00,8,completed,Sligo,IE,Ten-pack,1,0
C0386,2026-08-22,45.00,20:00,8,completed,Cavan,IE,Private hire,1,0
C0004,2026-08-23,45.00,18:00,8,cancelled,Granard,IE,Ten-pack,1,0
C0052,2026-08-23,45.00,17:00,8,no_show,Cavan,IE,Ten-pack,2,0
C0209,2026-08-23,45.00,11:00,8,completed,Belfast,GB,Ten-pack,1,0
C0232,2026-08-23,45.00,14:00,8,completed,Cavan,IE,Sauna session,1,0
C0241,2026-08-23,45.00,14:00,8,completed,Granard,IE,Cold plunge,2,0
C0268,2026-08-23,45.00,11:00,8,completed,Cavan,IE,Ten-pack,1,0
C0282,2026-08-23,45.00,20:00,8,cancelled,Granard,IE,Sauna session,1,0
C0294,2026-08-23,45.00,20:00,8,no_show,Longford,IE,Ten-pack,1,0
C0334,2026-08-23,45.00,18:00,8,completed,Longford,IE,Cold plunge,1,0
C0351,2026-08-23,45.00,18:00,8,cancelled,Dublin,IE,Ten-pack,2,0
C0383,2026-08-23,55.00,20:00,8,completed,,,Cold plunge,2,5
C0392,2026-08-23,55.00,11:00,8,completed,Cavan,IE,Ten-pack,2,0
C0049,2026-08-24,45.00,14:00,8,completed,Granard,IE,Sauna session,1,0
C0064,2026-08-24,55.00,11:00,8,completed,Longford,IE,Cold plunge,2,0
C0107,2026-08-24,45.00,11:00,8,completed,Belfast,GB,Sauna session,1,0
C0133,2026-08-24,45.00,20:00,8,completed,Longford,IE,Cold plunge,2,0
C0146,2026-08-24,45.00,11:00,8,completed,Longford,IE,Cold plunge,1,0
C0289,2026-08-24,45.00,11:00,8,completed,Dublin,IE,Private hire,2,0
C0290,2026-08-24,55.00,11:00,8,completed,,,Sauna session,1,0
C0343,2026-08-24,45.00,20:00,8,completed,,,Ten-pack,1,5
C0346,2026-08-24,45.00,14:00,8,completed,Longford,IE,Private hire,2,0
C0040,2026-08-25,55.00,11:00,8,completed,Granard,IE,Private hire,2,0
C0053,2026-08-25,45.00,14:00,8,cancelled,Granard,IE,Private hire,2,0
C0063,2026-08-25,45.00,17:00,8,completed,Cavan,IE,Sauna session,1,0
C0120,2026-08-25,45.00,14:00,8,completed,Belfast,GB,Private hire,2,0
C0138,2026-08-25,45.00,17:00,8,completed,Longford,IE,Ten-pack,2,0
C0185,2026-08-25,45.00,18:00,8,completed,Mullingar,IE,Sauna session,1,0
C0245,2026-08-25,45.00,17:00,8,completed,Longford,IE,Cold plunge,2,0
C0301,2026-08-25,45.00,14:00,8,completed,Granard,IE,Ten-pack,2,0
C0382,2026-08-25,45.00,17:00,8,completed,Mullingar,IE,Sauna session,2,0
C0024,2026-08-26,45.00,14:00,8,completed,,,Private hire,1,0
C0045,2026-08-26,45.00,18:00,8,completed,Granard,IE,Cold plunge,1,0
C0072,2026-08-26,45.00,17:00,8,completed,Dublin,IE,Private hire,1,0
C0112,2026-08-26,55.00,17:00,8,completed,Granard,IE,Private hire,2,0
C0127,2026-08-26,45.00,20:00,8,completed,Longford,IE,Private hire,1,5
C0154,2026-08-26,45.00,14:00,8,completed,Longford,IE,Sauna session,2,0
C0213,2026-08-26,45.00,17:00,8,completed,Longford,IE,Sauna session,1,0
C0221,2026-08-26,45.00,17:00,8,cancelled,Mullingar,IE,Cold plunge,2,0
C0249,2026-08-26,45.00,18:00,8,completed,Cavan,IE,Private hire,1,0
C0255,2026-08-26,45.00,20:00,8,completed,Cavan,IE,Ten-pack,2,0
C0278,2026-08-26,45.00,11:00,8,completed,Sligo,IE,Sauna session,1,0
C0309,2026-08-26,55.00,18:00,8,completed,,,Sauna session,1,0
C0385,2026-08-26,45.00,14:00,8,completed,Longford,IE,Private hire,1,0
C0002,2026-08-27,45.00,20:00,8,cancelled,Cavan,IE,Private hire,1,0
C0016,2026-08-27,55.00,14:00,8,completed,,,Private hire,2,0
C0092,2026-08-27,55.00,11:00,8,completed,Cavan,IE,Ten-pack,1,0
C0095,2026-08-27,45.00,17:00,8,completed,Longford,IE,Private hire,1,0
C0121,2026-08-27,45.00,14:00,8,completed,Cavan,IE,Sauna session,1,0
C0200,2026-08-27,45.00,17:00,8,completed,Belfast,GB,Ten-pack,1,0
C0219,2026-08-27,55.00,20:00,8,completed,Cavan,IE,Ten-pack,1,5
C0246,2026-08-27,45.00,17:00,8,completed,Cavan,IE,Private hire,1,0
C0279,2026-08-27,45.00,20:00,8,completed,Longford,IE,Sauna session,1,0
C0284,2026-08-27,45.00,11:00,8,completed,Longford,IE,Private hire,2,0
C0350,2026-08-27,45.00,18:00,8,completed,Granard,IE,Ten-pack,2,0
C0013,2026-08-28,45.00,17:00,8,cancelled,Granard,IE,Sauna session,1,0
C0065,2026-08-28,55.00,11:00,8,completed,Longford,IE,Cold plunge,1,0
C0074,2026-08-28,45.00,17:00,8,completed,Cavan,IE,Ten-pack,2,0
C0075,2026-08-28,55.00,20:00,8,completed,Cavan,IE,Sauna session,1,0
C0110,2026-08-28,45.00,20:00,8,completed,Cavan,IE,Private hire,2,0
C0122,2026-08-28,55.00,11:00,8,completed,Cavan,IE,Cold plunge,1,0
C0147,2026-08-28,45.00,14:00,8,completed,,,Private hire,1,0
C0168,2026-08-28,45.00,20:00,8,completed,Longford,IE,Private hire,1,0
C0237,2026-08-28,55.00,20:00,8,completed,Cavan,IE,Private hire,1,0
C0359,2026-08-28,45.00,14:00,8,completed,Dublin,IE,Private hire,1,5
C0363,2026-08-28,45.00,20:00,8,completed,Longford,IE,Private hire,2,0
C0374,2026-08-28,45.00,18:00,8,completed,,,Private hire,2,0
C0398,2026-08-28,45.00,14:00,8,completed,,,Sauna session,1,0
C0009,2026-08-29,45.00,20:00,8,completed,Longford,IE,Sauna session,1,0
C0028,2026-08-29,45.00,14:00,8,completed,Belfast,GB,Private hire,2,5
C0044,2026-08-29,45.00,18:00,8,completed,Sligo,IE,Cold plunge,1,0
C0046,2026-08-29,45.00,11:00,8,completed,Cavan,IE,Ten-pack,1,0
C0103,2026-08-29,45.00,17:00,8,completed,Nowheresville,IE,Cold plunge,1,0
C0140,2026-08-29,45.00,14:00,8,cancelled,Granard,IE,Sauna session,1,0
C0298,2026-08-29,45.00,14:00,8,completed,Longford,IE,Private hire,2,5
C0300,2026-08-29,45.00,14:00,8,completed,Mullingar,IE,Cold plunge,1,0
C0371,2026-08-29,45.00,11:00,8,completed,Cavan,IE,Sauna session,1,0
C0034,2026-08-30,45.00,20:00,8,completed,Longford,IE,Ten-pack,1,0
C0036,2026-08-30,55.00,20:00,8,completed,Granard,IE,Ten-pack,2,0
C0086,2026-08-30,45.00,17:00,8,completed,,,Private hire,1,5
C0108,2026-08-30,45.00,14:00,8,completed,Cavan,IE,Cold plunge,2,0
C0156,2026-08-30,45.00,18:00,8,completed,Longford,IE,Sauna session,1,0
C0195,2026-08-30,45.00,20:00,8,completed,Longford,IE,Private hire,1,0
C0207,2026-08-30,55.00,17:00,8,completed,Cavan,IE,Cold plunge,1,0
C0235,2026-08-30,45.00,14:00,8,completed,Cavan,IE,Sauna session,2,0
C0240,2026-08-30,45.00,14:00,8,completed,Dublin,IE,Sauna session,1,0
C0304,2026-08-30,45.00,17:00,8,completed,Dublin,IE,Private hire,1,0
C0327,2026-08-30,55.00,14:00,8,completed,Dublin,IE,Sauna session,1,0
C0354,2026-08-30,45.00,14:00,8,cancelled,Dublin,IE,Cold plunge,1,0
C0356,2026-08-30,45.00,11:00,8,completed,Sligo,IE,Cold plunge,1,0
C0360,2026-08-30,55.00,11:00,8,completed,Cavan,IE,Sauna session,2,0
C0372,2026-08-30,45.00,11:00,8,completed,Longford,IE,Sauna session,1,0
C0399,2026-08-30,45.00,14:00,8,cancelled,Granard,IE,Sauna session,1,0
C0019,2026-08-31,45.00,17:00,8,completed,,,Sauna session,1,0
C0032,2026-08-31,45.00,18:00,8,completed,Nowheresville,IE,Private hire,1,0
C0056,2026-08-31,45.00,14:00,8,completed,Sligo,IE,Cold plunge,1,0
C0076,2026-08-31,45.00,14:00,8,completed,Nowheresville,IE,Ten-pack,2,0
C0079,2026-08-31,45.00,20:00,8,completed,Cavan,IE,Private hire,1,0
C0117,2026-08-31,45.00,17:00,8,completed,Mullingar,IE,Private hire,2,0
C0136,2026-08-31,45.00,11:00,8,completed,Longford,IE,Private hire,2,0
C0256,2026-08-31,45.00,11:00,8,completed,Granard,IE,Cold plunge,2,0
C0269,2026-08-31,45.00,20:00,8,no_show,Belfast,GB,Sauna session,1,0
C0307,2026-08-31,45.00,17:00,8,completed,Longford,IE,Sauna session,1,0
C0345,2026-08-31,45.00,11:00,8,completed,Longford,IE,Cold plunge,1,0
C0358,2026-08-31,45.00,20:00,8,completed,Longford,IE,Ten-pack,2,0
C0361,2026-08-31,45.00,18:00,8,completed,Mullingar,IE,Private hire,2,5
C0364,2026-08-31,55.00,11:00,8,no_show,Longford,IE,Private hire,2,0
C0380,2026-08-31,45.00,11:00,8,completed,Cavan,IE,Sauna session,1,0
C0001,2026-09-01,55.00,20:00,8,completed,Cavan,IE,Private hire,1,0
C0012,2026-09-01,55.00,18:00,8,completed,Mullingar,IE,Ten-pack,2,0
C0015,2026-09-01,55.00,14:00,8,completed,Sligo,IE,Private hire,1,0
C0031,2026-09-01,45.00,17:00,8,completed,Cavan,IE,Cold plunge,1,0
C0033,2026-09-01,55.00,14:00,8,no_show,Longford,IE,Sauna session,1,0
C0089,2026-09-01,45.00,14:00,8,completed,Longford,IE,Cold plunge,1,0
C0142,2026-09-01,45.00,14:00,8,completed,,,Cold plunge,1,0
C0158,2026-09-01,45.00,18:00,8,completed,Longford,IE,Sauna session,1,5
C0186,2026-09-01,45.00,11:00,8,completed,Dublin,IE,Private hire,1,0
C0194,2026-09-01,45.00,11:00,8,completed,Mullingar,IE,Sauna session,1,0
C0215,2026-09-01,45.00,17:00,8,completed,Longford,IE,Ten-pack,2,0
C0225,2026-09-01,55.00,18:00,8,completed,Longford,IE,Private hire,2,0
C0248,2026-09-01,45.00,18:00,8,completed,Mullingar,IE,Ten-pack,1,0
C0260,2026-09-01,45.00,14:00,8,completed,Cavan,IE,Private hire,1,0
C0280,2026-09-01,45.00,17:00,8,no_show,Longford,IE,Cold plunge,1,0
C0320,2026-09-01,55.00,11:00,8,completed,Granard,IE,Cold plunge,1,0
C0325,2026-09-01,45.00,20:00,8,cancelled,Longford,IE,Private hire,1,0
C0336,2026-09-01,45.00,17:00,8,completed,Sligo,IE,Cold plunge,1,0
C0348,2026-09-01,45.00,14:00,8,completed,Longford,IE,Private hire,1,0
C0353,2026-09-01,55.00,20:00,8,completed,Longford,IE,Sauna session,1,0
